

Microchip MPLAB XC8 Assembler V3.10 build 20250813170317 
                                                                                               Tue Mar 31 22:30:11 2026

Microchip MPLAB XC8 C Compiler v3.10 (Free license) build 20250813170317 Og1 
     1                           	processor	18F4580
     2                           	fnconf	rparam,??,?,0
     3                           	pagewidth 120
     4                           	opt	flic
     5                           	psect	idataCOMRAM,global,class=CODE,space=0,delta=1,noexec
     6                           	psect	idataBANK0,global,class=CODE,space=0,delta=1,noexec
     7                           	psect	mediumconst,global,reloc=2,class=MEDIUMCONST,space=0,delta=1,noexec
     8                           	psect	cinit,global,reloc=2,class=CODE,space=0,delta=1
     9                           	psect	bssCOMRAM,global,class=COMRAM,space=1,delta=1,lowdata,noexec
    10                           	psect	dataCOMRAM,global,class=COMRAM,space=1,delta=1,lowdata,noexec
    11                           	psect	bssBANK0,global,class=BANK0,space=1,delta=1,lowdata,noexec
    12                           	psect	dataBANK0,global,class=BANK0,space=1,delta=1,lowdata,noexec
    13                           	psect	cstackCOMRAM,global,class=COMRAM,space=1,delta=1,lowdata,noexec
    14                           	psect	text0,global,reloc=2,class=CODE,space=0,delta=1
    15                           	psect	text1,global,reloc=2,class=CODE,space=0,delta=1
    16                           	psect	text2,global,reloc=2,class=CODE,space=0,delta=1
    17                           	psect	text3,global,reloc=2,class=CODE,space=0,delta=1
    18                           	psect	text4,global,reloc=2,class=CODE,space=0,delta=1
    19                           	psect	text5,global,reloc=2,class=CODE,space=0,delta=1,group=1
    20                           	psect	text6,global,reloc=2,class=CODE,space=0,delta=1,group=1
    21                           	psect	text7,global,reloc=2,class=CODE,space=0,delta=1,group=1
    22                           	psect	text8,global,reloc=2,class=CODE,space=0,delta=1
    23                           	psect	text9,global,reloc=2,class=CODE,space=0,delta=1
    24                           	psect	text10,global,reloc=2,class=CODE,space=0,delta=1
    25                           	psect	text11,global,reloc=2,class=CODE,space=0,delta=1
    26                           	psect	text12,global,reloc=2,class=CODE,space=0,delta=1
    27                           	psect	text13,global,reloc=2,class=CODE,space=0,delta=1,group=1
    28                           	psect	text14,global,reloc=2,class=CODE,space=0,delta=1,group=1
    29                           	psect	text15,global,reloc=2,class=CODE,space=0,delta=1
    30                           	psect	text16,global,reloc=2,class=CODE,space=0,delta=1
    31                           	psect	text17,global,reloc=2,class=CODE,space=0,delta=1
    32                           	psect	text18,global,reloc=2,class=CODE,space=0,delta=1
    33                           	psect	text19,global,reloc=2,class=CODE,space=0,delta=1
    34                           	psect	text20,global,reloc=2,class=CODE,space=0,delta=1
    35                           	psect	text21,global,reloc=2,class=CODE,space=0,delta=1
    36                           	psect	text22,global,reloc=2,class=CODE,space=0,delta=1
    37                           	psect	text23,global,reloc=2,class=CODE,space=0,delta=1
    38                           	psect	text24,global,reloc=2,class=CODE,space=0,delta=1
    39                           	psect	text25,global,reloc=2,class=CODE,space=0,delta=1
    40                           	psect	text26,global,reloc=2,class=CODE,space=0,delta=1
    41                           	psect	text27,global,reloc=2,class=CODE,space=0,delta=1
    42                           	psect	text28,global,reloc=2,class=CODE,space=0,delta=1
    43                           	psect	text29,global,reloc=2,class=CODE,space=0,delta=1
    44                           	psect	text30,global,reloc=2,class=CODE,space=0,delta=1
    45                           	psect	text31,global,reloc=2,class=CODE,space=0,delta=1
    46                           	psect	text32,global,reloc=2,class=CODE,space=0,delta=1
    47                           	psect	text33,global,reloc=2,class=CODE,space=0,delta=1
    48                           	psect	text34,global,reloc=2,class=CODE,space=0,delta=1
    49                           	psect	text35,global,reloc=2,class=CODE,space=0,delta=1
    50                           	psect	text36,global,reloc=2,class=CODE,space=0,delta=1
    51                           	psect	text37,global,reloc=2,class=CODE,space=0,delta=1
    52                           	psect	text38,global,reloc=2,class=CODE,space=0,delta=1
    53                           	psect	text39,global,reloc=2,class=CODE,space=0,delta=1
    54                           	psect	text40,global,reloc=2,class=CODE,space=0,delta=1,group=1
    55                           	psect	text41,global,reloc=2,class=CODE,space=0,delta=1
    56                           	psect	text42,global,reloc=2,class=CODE,space=0,delta=1
    57                           	psect	text43,global,reloc=2,class=CODE,space=0,delta=1
    58                           	psect	text44,global,reloc=2,class=CODE,space=0,delta=1
    59                           	psect	text45,global,reloc=2,class=CODE,space=0,delta=1
    60                           	psect	text46,global,reloc=2,class=CODE,space=0,delta=1
    61                           	psect	text47,global,reloc=2,class=CODE,space=0,delta=1
    62                           	psect	intsave_regs,global,class=BIGRAM,space=1,delta=1,noexec
    63                           	psect	rparam,global,class=COMRAM,space=1,delta=1,noexec
    64                           	psect	idloc,global,abs,ovrld,class=IDLOC,space=5,delta=1,noexec
    65                           	psect	config,global,abs,ovrld,class=CONFIG,space=4,delta=1,noexec
    66   000000                     
    67                           ; Version 2.40
    68                           ; Generated 17/11/2021 GMT
    69                           ; 
    70                           ; Copyright © 2021, Microchip Technology Inc. and its subsidiaries ("Microchip")
    71                           ; All rights reserved.
    72                           ; 
    73                           ; This software is developed by Microchip Technology Inc. and its subsidiaries ("Microch
      +                          ip").
    74                           ; 
    75                           ; Redistribution and use in source and binary forms, with or without modification, are
    76                           ; permitted provided that the following conditions are met:
    77                           ; 
    78                           ;     1. Redistributions of source code must retain the above copyright notice, this lis
      +                          t of
    79                           ;        conditions and the following disclaimer.
    80                           ; 
    81                           ;     2. Redistributions in binary form must reproduce the above copyright notice, this 
      +                          list
    82                           ;        of conditions and the following disclaimer in the documentation and/or other
    83                           ;        materials provided with the distribution. Publication is not required when
    84                           ;        this file is used in an embedded application.
    85                           ; 
    86                           ;     3. Microchip's name may not be used to endorse or promote products derived from th
      +                          is
    87                           ;        software without specific prior written permission.
    88                           ; 
    89                           ; THIS SOFTWARE IS PROVIDED BY MICROCHIP "AS IS" AND ANY EXPRESS OR IMPLIED WARRANTIES,
    90                           ; INCLUDING, BUT NOT LIMITED TO, THE IMPLIED WARRANTIES OF MERCHANTABILITY AND FITNESS F
      +                          OR
    91                           ; PURPOSE ARE DISCLAIMED.  IN NO EVENT SHALL MICROCHIP BE LIABLE FOR ANY DIRECT, INDIREC
      +                          T,
    92                           ; INCIDENTAL, SPECIAL, EXEMPLARY, OR CONSEQUENTIAL DAMAGES (INCLUDING BUT NOT LIMITED TO
    93                           ; PROCUREMENT OF SUBSTITUTE GOODS OR SERVICES; LOSS OF USE, DATA OR PROFITS; OR BUSINESS
    94                           ; INTERRUPTION) HOWSOEVER CAUSED AND ON ANY THEORY OF LIABILITY, WHETHER IN CONTRACT, ST
      +                          RICT
    95                           ; LIABILITY, OR TORT (INCLUDING NEGLIGENCE OR OTHERWISE) ARISING IN ANY WAY OUT OF THE U
      +                          SE OF
    96                           ; THIS SOFTWARE, EVEN IF ADVISED OF THE POSSIBILITY OF SUCH DAMAGE.
    97                           ; 
    98                           ; 
    99                           ; Code-generator required, PIC18F4580 Definitions
   100                           ; 
   101                           ; SFR Addresses
   102   000FE0                     bsr             equ	4064
   103   000FE9                     fsr0            equ	4073
   104   000FEA                     fsr0h           equ	4074
   105   000FE9                     fsr0l           equ	4073
   106   000FE1                     fsr1            equ	4065
   107   000FE2                     fsr1h           equ	4066
   108   000FE1                     fsr1l           equ	4065
   109   000FD9                     fsr2            equ	4057
   110   000FDA                     fsr2h           equ	4058
   111   000FD9                     fsr2l           equ	4057
   112   000FEF                     indf0           equ	4079
   113   000FE7                     indf1           equ	4071
   114   000FDF                     indf2           equ	4063
   115   000FF2                     intcon          equ	4082
   116   000000                     nvmcon          equ	0
   117   000FF9                     pcl             equ	4089
   118   000FFA                     pclath          equ	4090
   119   000FFB                     pclatu          equ	4091
   120   000FEB                     plusw0          equ	4075
   121   000FE3                     plusw1          equ	4067
   122   000FDB                     plusw2          equ	4059
   123   000FED                     postdec0        equ	4077
   124   000FE5                     postdec1        equ	4069
   125   000FDD                     postdec2        equ	4061
   126   000FEE                     postinc0        equ	4078
   127   000FE6                     postinc1        equ	4070
   128   000FDE                     postinc2        equ	4062
   129   000FEC                     preinc0         equ	4076
   130   000FE4                     preinc1         equ	4068
   131   000FDC                     preinc2         equ	4060
   132   000FF3                     prod            equ	4083
   133   000FF4                     prodh           equ	4084
   134   000FF3                     prodl           equ	4083
   135   000FD8                     status          equ	4056
   136   000FF5                     tablat          equ	4085
   137   000FF6                     tblptr          equ	4086
   138   000FF7                     tblptrh         equ	4087
   139   000FF6                     tblptrl         equ	4086
   140   000FF8                     tblptru         equ	4088
   141   000FFD                     tosl            equ	4093
   142   000FE8                     wreg            equ	4072
   143   000D60                     RXF6SIDH        equ	3424	;# 
   144   000D61                     RXF6SIDL        equ	3425	;# 
   145   000D62                     RXF6EIDH        equ	3426	;# 
   146   000D63                     RXF6EIDL        equ	3427	;# 
   147   000D64                     RXF7SIDH        equ	3428	;# 
   148   000D65                     RXF7SIDL        equ	3429	;# 
   149   000D66                     RXF7EIDH        equ	3430	;# 
   150   000D67                     RXF7EIDL        equ	3431	;# 
   151   000D68                     RXF8SIDH        equ	3432	;# 
   152   000D69                     RXF8SIDL        equ	3433	;# 
   153   000D6A                     RXF8EIDH        equ	3434	;# 
   154   000D6B                     RXF8EIDL        equ	3435	;# 
   155   000D70                     RXF9SIDH        equ	3440	;# 
   156   000D71                     RXF9SIDL        equ	3441	;# 
   157   000D72                     RXF9EIDH        equ	3442	;# 
   158   000D73                     RXF9EIDL        equ	3443	;# 
   159   000D74                     RXF10SIDH       equ	3444	;# 
   160   000D75                     RXF10SIDL       equ	3445	;# 
   161   000D76                     RXF10EIDH       equ	3446	;# 
   162   000D77                     RXF10EIDL       equ	3447	;# 
   163   000D78                     RXF11SIDH       equ	3448	;# 
   164   000D79                     RXF11SIDL       equ	3449	;# 
   165   000D7A                     RXF11EIDH       equ	3450	;# 
   166   000D7B                     RXF11EIDL       equ	3451	;# 
   167   000D80                     RXF12SIDH       equ	3456	;# 
   168   000D81                     RXF12SIDL       equ	3457	;# 
   169   000D82                     RXF12EIDH       equ	3458	;# 
   170   000D83                     RXF12EIDL       equ	3459	;# 
   171   000D84                     RXF13SIDH       equ	3460	;# 
   172   000D85                     RXF13SIDL       equ	3461	;# 
   173   000D86                     RXF13EIDH       equ	3462	;# 
   174   000D87                     RXF13EIDL       equ	3463	;# 
   175   000D88                     RXF14SIDH       equ	3464	;# 
   176   000D89                     RXF14SIDL       equ	3465	;# 
   177   000D8A                     RXF14EIDH       equ	3466	;# 
   178   000D8B                     RXF14EIDL       equ	3467	;# 
   179   000D90                     RXF15SIDH       equ	3472	;# 
   180   000D91                     RXF15SIDL       equ	3473	;# 
   181   000D92                     RXF15EIDH       equ	3474	;# 
   182   000D93                     RXF15EIDL       equ	3475	;# 
   183   000DD4                     RXFCON0         equ	3540	;# 
   184   000DD5                     RXFCON1         equ	3541	;# 
   185   000DD8                     SDFLC           equ	3544	;# 
   186   000DE0                     RXFBCON0        equ	3552	;# 
   187   000DE1                     RXFBCON1        equ	3553	;# 
   188   000DE2                     RXFBCON2        equ	3554	;# 
   189   000DE3                     RXFBCON3        equ	3555	;# 
   190   000DE4                     RXFBCON4        equ	3556	;# 
   191   000DE5                     RXFBCON5        equ	3557	;# 
   192   000DE6                     RXFBCON6        equ	3558	;# 
   193   000DE7                     RXFBCON7        equ	3559	;# 
   194   000DF0                     MSEL0           equ	3568	;# 
   195   000DF1                     MSEL1           equ	3569	;# 
   196   000DF2                     MSEL2           equ	3570	;# 
   197   000DF3                     MSEL3           equ	3571	;# 
   198   000DF8                     BSEL0           equ	3576	;# 
   199   000DFA                     BIE0            equ	3578	;# 
   200   000DFC                     TXBIE           equ	3580	;# 
   201   000E20                     B0CON           equ	3616	;# 
   202   000E21                     B0SIDH          equ	3617	;# 
   203   000E22                     B0SIDL          equ	3618	;# 
   204   000E23                     B0EIDH          equ	3619	;# 
   205   000E24                     B0EIDL          equ	3620	;# 
   206   000E25                     B0DLC           equ	3621	;# 
   207   000E26                     B0D0            equ	3622	;# 
   208   000E27                     B0D1            equ	3623	;# 
   209   000E28                     B0D2            equ	3624	;# 
   210   000E29                     B0D3            equ	3625	;# 
   211   000E2A                     B0D4            equ	3626	;# 
   212   000E2B                     B0D5            equ	3627	;# 
   213   000E2C                     B0D6            equ	3628	;# 
   214   000E2D                     B0D7            equ	3629	;# 
   215   000E2E                     CANSTAT_RO9     equ	3630	;# 
   216   000E2F                     CANCON_RO9      equ	3631	;# 
   217   000E30                     B1CON           equ	3632	;# 
   218   000E31                     B1SIDH          equ	3633	;# 
   219   000E32                     B1SIDL          equ	3634	;# 
   220   000E33                     B1EIDH          equ	3635	;# 
   221   000E34                     B1EIDL          equ	3636	;# 
   222   000E35                     B1DLC           equ	3637	;# 
   223   000E36                     B1D0            equ	3638	;# 
   224   000E37                     B1D1            equ	3639	;# 
   225   000E38                     B1D2            equ	3640	;# 
   226   000E39                     B1D3            equ	3641	;# 
   227   000E3A                     B1D4            equ	3642	;# 
   228   000E3B                     B1D5            equ	3643	;# 
   229   000E3C                     B1D6            equ	3644	;# 
   230   000E3D                     B1D7            equ	3645	;# 
   231   000E3E                     CANSTAT_RO8     equ	3646	;# 
   232   000E3F                     CANCON_RO8      equ	3647	;# 
   233   000E40                     B2CON           equ	3648	;# 
   234   000E41                     B2SIDH          equ	3649	;# 
   235   000E42                     B2SIDL          equ	3650	;# 
   236   000E43                     B2EIDH          equ	3651	;# 
   237   000E44                     B2EIDL          equ	3652	;# 
   238   000E45                     B2DLC           equ	3653	;# 
   239   000E46                     B2D0            equ	3654	;# 
   240   000E47                     B2D1            equ	3655	;# 
   241   000E48                     B2D2            equ	3656	;# 
   242   000E49                     B2D3            equ	3657	;# 
   243   000E4A                     B2D4            equ	3658	;# 
   244   000E4B                     B2D5            equ	3659	;# 
   245   000E4C                     B2D6            equ	3660	;# 
   246   000E4D                     B2D7            equ	3661	;# 
   247   000E4E                     CANSTAT_RO7     equ	3662	;# 
   248   000E4F                     CANCON_RO7      equ	3663	;# 
   249   000E50                     B3CON           equ	3664	;# 
   250   000E51                     B3SIDH          equ	3665	;# 
   251   000E52                     B3SIDL          equ	3666	;# 
   252   000E53                     B3EIDH          equ	3667	;# 
   253   000E54                     B3EIDL          equ	3668	;# 
   254   000E55                     B3DLC           equ	3669	;# 
   255   000E56                     B3D0            equ	3670	;# 
   256   000E57                     B3D1            equ	3671	;# 
   257   000E58                     B3D2            equ	3672	;# 
   258   000E59                     B3D3            equ	3673	;# 
   259   000E5A                     B3D4            equ	3674	;# 
   260   000E5B                     B3D5            equ	3675	;# 
   261   000E5C                     B3D6            equ	3676	;# 
   262   000E5D                     B3D7            equ	3677	;# 
   263   000E5E                     CANSTAT_RO6     equ	3678	;# 
   264   000E5F                     CANCON_RO6      equ	3679	;# 
   265   000E60                     B4CON           equ	3680	;# 
   266   000E61                     B4SIDH          equ	3681	;# 
   267   000E62                     B4SIDL          equ	3682	;# 
   268   000E63                     B4EIDH          equ	3683	;# 
   269   000E64                     B4EIDL          equ	3684	;# 
   270   000E65                     B4DLC           equ	3685	;# 
   271   000E66                     B4D0            equ	3686	;# 
   272   000E67                     B4D1            equ	3687	;# 
   273   000E68                     B4D2            equ	3688	;# 
   274   000E69                     B4D3            equ	3689	;# 
   275   000E6A                     B4D4            equ	3690	;# 
   276   000E6B                     B4D5            equ	3691	;# 
   277   000E6C                     B4D6            equ	3692	;# 
   278   000E6D                     B4D7            equ	3693	;# 
   279   000E6E                     CANSTAT_RO5     equ	3694	;# 
   280   000E6F                     CANCON_RO5      equ	3695	;# 
   281   000E70                     B5CON           equ	3696	;# 
   282   000E71                     B5SIDH          equ	3697	;# 
   283   000E72                     B5SIDL          equ	3698	;# 
   284   000E73                     B5EIDH          equ	3699	;# 
   285   000E74                     B5EIDL          equ	3700	;# 
   286   000E75                     B5DLC           equ	3701	;# 
   287   000E76                     B5D0            equ	3702	;# 
   288   000E77                     B5D1            equ	3703	;# 
   289   000E78                     B5D2            equ	3704	;# 
   290   000E79                     B5D3            equ	3705	;# 
   291   000E7A                     B5D4            equ	3706	;# 
   292   000E7B                     B5D5            equ	3707	;# 
   293   000E7C                     B5D6            equ	3708	;# 
   294   000E7D                     B5D7            equ	3709	;# 
   295   000E7E                     CANSTAT_RO4     equ	3710	;# 
   296   000E7F                     CANCON_RO4      equ	3711	;# 
   297   000F00                     RXF0SIDH        equ	3840	;# 
   298   000F01                     RXF0SIDL        equ	3841	;# 
   299   000F02                     RXF0EIDH        equ	3842	;# 
   300   000F03                     RXF0EIDL        equ	3843	;# 
   301   000F04                     RXF1SIDH        equ	3844	;# 
   302   000F05                     RXF1SIDL        equ	3845	;# 
   303   000F06                     RXF1EIDH        equ	3846	;# 
   304   000F07                     RXF1EIDL        equ	3847	;# 
   305   000F08                     RXF2SIDH        equ	3848	;# 
   306   000F09                     RXF2SIDL        equ	3849	;# 
   307   000F0A                     RXF2EIDH        equ	3850	;# 
   308   000F0B                     RXF2EIDL        equ	3851	;# 
   309   000F0C                     RXF3SIDH        equ	3852	;# 
   310   000F0D                     RXF3SIDL        equ	3853	;# 
   311   000F0E                     RXF3EIDH        equ	3854	;# 
   312   000F0F                     RXF3EIDL        equ	3855	;# 
   313   000F10                     RXF4SIDH        equ	3856	;# 
   314   000F11                     RXF4SIDL        equ	3857	;# 
   315   000F12                     RXF4EIDH        equ	3858	;# 
   316   000F13                     RXF4EIDL        equ	3859	;# 
   317   000F14                     RXF5SIDH        equ	3860	;# 
   318   000F15                     RXF5SIDL        equ	3861	;# 
   319   000F16                     RXF5EIDH        equ	3862	;# 
   320   000F17                     RXF5EIDL        equ	3863	;# 
   321   000F18                     RXM0SIDH        equ	3864	;# 
   322   000F19                     RXM0SIDL        equ	3865	;# 
   323   000F1A                     RXM0EIDH        equ	3866	;# 
   324   000F1B                     RXM0EIDL        equ	3867	;# 
   325   000F1C                     RXM1SIDH        equ	3868	;# 
   326   000F1D                     RXM1SIDL        equ	3869	;# 
   327   000F1E                     RXM1EIDH        equ	3870	;# 
   328   000F1F                     RXM1EIDL        equ	3871	;# 
   329   000F20                     TXB2CON         equ	3872	;# 
   330   000F21                     TXB2SIDH        equ	3873	;# 
   331   000F22                     TXB2SIDL        equ	3874	;# 
   332   000F23                     TXB2EIDH        equ	3875	;# 
   333   000F24                     TXB2EIDL        equ	3876	;# 
   334   000F25                     TXB2DLC         equ	3877	;# 
   335   000F26                     TXB2D0          equ	3878	;# 
   336   000F27                     TXB2D1          equ	3879	;# 
   337   000F28                     TXB2D2          equ	3880	;# 
   338   000F29                     TXB2D3          equ	3881	;# 
   339   000F2A                     TXB2D4          equ	3882	;# 
   340   000F2B                     TXB2D5          equ	3883	;# 
   341   000F2C                     TXB2D6          equ	3884	;# 
   342   000F2D                     TXB2D7          equ	3885	;# 
   343   000F2E                     CANSTAT_RO3     equ	3886	;# 
   344   000F2F                     CANCON_RO3      equ	3887	;# 
   345   000F30                     TXB1CON         equ	3888	;# 
   346   000F31                     TXB1SIDH        equ	3889	;# 
   347   000F32                     TXB1SIDL        equ	3890	;# 
   348   000F33                     TXB1EIDH        equ	3891	;# 
   349   000F34                     TXB1EIDL        equ	3892	;# 
   350   000F35                     TXB1DLC         equ	3893	;# 
   351   000F36                     TXB1D0          equ	3894	;# 
   352   000F37                     TXB1D1          equ	3895	;# 
   353   000F38                     TXB1D2          equ	3896	;# 
   354   000F39                     TXB1D3          equ	3897	;# 
   355   000F3A                     TXB1D4          equ	3898	;# 
   356   000F3B                     TXB1D5          equ	3899	;# 
   357   000F3C                     TXB1D6          equ	3900	;# 
   358   000F3D                     TXB1D7          equ	3901	;# 
   359   000F3E                     CANSTAT_RO2     equ	3902	;# 
   360   000F3F                     CANCON_RO2      equ	3903	;# 
   361   000F40                     TXB0CON         equ	3904	;# 
   362   000F41                     TXB0SIDH        equ	3905	;# 
   363   000F42                     TXB0SIDL        equ	3906	;# 
   364   000F43                     TXB0EIDH        equ	3907	;# 
   365   000F44                     TXB0EIDL        equ	3908	;# 
   366   000F45                     TXB0DLC         equ	3909	;# 
   367   000F46                     TXB0D0          equ	3910	;# 
   368   000F47                     TXB0D1          equ	3911	;# 
   369   000F48                     TXB0D2          equ	3912	;# 
   370   000F49                     TXB0D3          equ	3913	;# 
   371   000F4A                     TXB0D4          equ	3914	;# 
   372   000F4B                     TXB0D5          equ	3915	;# 
   373   000F4C                     TXB0D6          equ	3916	;# 
   374   000F4D                     TXB0D7          equ	3917	;# 
   375   000F4E                     CANSTAT_RO1     equ	3918	;# 
   376   000F4F                     CANCON_RO1      equ	3919	;# 
   377   000F50                     RXB1CON         equ	3920	;# 
   378   000F51                     RXB1SIDH        equ	3921	;# 
   379   000F52                     RXB1SIDL        equ	3922	;# 
   380   000F53                     RXB1EIDH        equ	3923	;# 
   381   000F54                     RXB1EIDL        equ	3924	;# 
   382   000F55                     RXB1DLC         equ	3925	;# 
   383   000F56                     RXB1D0          equ	3926	;# 
   384   000F57                     RXB1D1          equ	3927	;# 
   385   000F58                     RXB1D2          equ	3928	;# 
   386   000F59                     RXB1D3          equ	3929	;# 
   387   000F5A                     RXB1D4          equ	3930	;# 
   388   000F5B                     RXB1D5          equ	3931	;# 
   389   000F5C                     RXB1D6          equ	3932	;# 
   390   000F5D                     RXB1D7          equ	3933	;# 
   391   000F5E                     CANSTAT_RO0     equ	3934	;# 
   392   000F5F                     CANCON_RO0      equ	3935	;# 
   393   000F60                     RXB0CON         equ	3936	;# 
   394   000F61                     RXB0SIDH        equ	3937	;# 
   395   000F62                     RXB0SIDL        equ	3938	;# 
   396   000F63                     RXB0EIDH        equ	3939	;# 
   397   000F64                     RXB0EIDL        equ	3940	;# 
   398   000F65                     RXB0DLC         equ	3941	;# 
   399   000F66                     RXB0D0          equ	3942	;# 
   400   000F67                     RXB0D1          equ	3943	;# 
   401   000F68                     RXB0D2          equ	3944	;# 
   402   000F69                     RXB0D3          equ	3945	;# 
   403   000F6A                     RXB0D4          equ	3946	;# 
   404   000F6B                     RXB0D5          equ	3947	;# 
   405   000F6C                     RXB0D6          equ	3948	;# 
   406   000F6D                     RXB0D7          equ	3949	;# 
   407   000F6E                     CANSTAT         equ	3950	;# 
   408   000F6F                     CANCON          equ	3951	;# 
   409   000F70                     BRGCON1         equ	3952	;# 
   410   000F71                     BRGCON2         equ	3953	;# 
   411   000F72                     BRGCON3         equ	3954	;# 
   412   000F73                     CIOCON          equ	3955	;# 
   413   000F74                     COMSTAT         equ	3956	;# 
   414   000F75                     RXERRCNT        equ	3957	;# 
   415   000F76                     TXERRCNT        equ	3958	;# 
   416   000F77                     ECANCON         equ	3959	;# 
   417   000F80                     PORTA           equ	3968	;# 
   418   000F81                     PORTB           equ	3969	;# 
   419   000F82                     PORTC           equ	3970	;# 
   420   000F83                     PORTD           equ	3971	;# 
   421   000F84                     PORTE           equ	3972	;# 
   422   000F89                     LATA            equ	3977	;# 
   423   000F8A                     LATB            equ	3978	;# 
   424   000F8B                     LATC            equ	3979	;# 
   425   000F8C                     LATD            equ	3980	;# 
   426   000F8D                     LATE            equ	3981	;# 
   427   000F92                     TRISA           equ	3986	;# 
   428   000F92                     DDRA            equ	3986	;# 
   429   000F93                     TRISB           equ	3987	;# 
   430   000F93                     DDRB            equ	3987	;# 
   431   000F94                     TRISC           equ	3988	;# 
   432   000F94                     DDRC            equ	3988	;# 
   433   000F95                     TRISD           equ	3989	;# 
   434   000F95                     DDRD            equ	3989	;# 
   435   000F96                     TRISE           equ	3990	;# 
   436   000F96                     DDRE            equ	3990	;# 
   437   000F9B                     OSCTUNE         equ	3995	;# 
   438   000F9D                     PIE1            equ	3997	;# 
   439   000F9E                     PIR1            equ	3998	;# 
   440   000F9F                     IPR1            equ	3999	;# 
   441   000FA0                     PIE2            equ	4000	;# 
   442   000FA1                     PIR2            equ	4001	;# 
   443   000FA2                     IPR2            equ	4002	;# 
   444   000FA3                     PIE3            equ	4003	;# 
   445   000FA4                     PIR3            equ	4004	;# 
   446   000FA5                     IPR3            equ	4005	;# 
   447   000FA6                     EECON1          equ	4006	;# 
   448   000FA7                     EECON2          equ	4007	;# 
   449   000FA8                     EEDATA          equ	4008	;# 
   450   000FA9                     EEADR           equ	4009	;# 
   451   000FAB                     RCSTA           equ	4011	;# 
   452   000FAB                     RCSTA1          equ	4011	;# 
   453   000FAC                     TXSTA           equ	4012	;# 
   454   000FAC                     TXSTA1          equ	4012	;# 
   455   000FAD                     TXREG           equ	4013	;# 
   456   000FAD                     TXREG1          equ	4013	;# 
   457   000FAE                     RCREG           equ	4014	;# 
   458   000FAE                     RCREG1          equ	4014	;# 
   459   000FAF                     SPBRG           equ	4015	;# 
   460   000FAF                     SPBRG1          equ	4015	;# 
   461   000FB0                     SPBRGH          equ	4016	;# 
   462   000FB1                     T3CON           equ	4017	;# 
   463   000FB2                     TMR3            equ	4018	;# 
   464   000FB2                     TMR3L           equ	4018	;# 
   465   000FB3                     TMR3H           equ	4019	;# 
   466   000FB4                     CMCON           equ	4020	;# 
   467   000FB5                     CVRCON          equ	4021	;# 
   468   000FB6                     ECCP1AS         equ	4022	;# 
   469   000FB7                     ECCP1DEL        equ	4023	;# 
   470   000FB8                     BAUDCON         equ	4024	;# 
   471   000FB8                     BAUDCTL         equ	4024	;# 
   472   000FBA                     ECCP1CON        equ	4026	;# 
   473   000FBB                     ECCPR1          equ	4027	;# 
   474   000FBB                     ECCPR1L         equ	4027	;# 
   475   000FBC                     ECCPR1H         equ	4028	;# 
   476   000FBD                     CCP1CON         equ	4029	;# 
   477   000FBE                     CCPR1           equ	4030	;# 
   478   000FBE                     CCPR1L          equ	4030	;# 
   479   000FBF                     CCPR1H          equ	4031	;# 
   480   000FC0                     ADCON2          equ	4032	;# 
   481   000FC1                     ADCON1          equ	4033	;# 
   482   000FC2                     ADCON0          equ	4034	;# 
   483   000FC3                     ADRES           equ	4035	;# 
   484   000FC3                     ADRESL          equ	4035	;# 
   485   000FC4                     ADRESH          equ	4036	;# 
   486   000FC5                     SSPCON2         equ	4037	;# 
   487   000FC6                     SSPCON1         equ	4038	;# 
   488   000FC7                     SSPSTAT         equ	4039	;# 
   489   000FC8                     SSPADD          equ	4040	;# 
   490   000FC9                     SSPBUF          equ	4041	;# 
   491   000FCA                     T2CON           equ	4042	;# 
   492   000FCB                     PR2             equ	4043	;# 
   493   000FCB                     MEMCON          equ	4043	;# 
   494   000FCC                     TMR2            equ	4044	;# 
   495   000FCD                     T1CON           equ	4045	;# 
   496   000FCE                     TMR1            equ	4046	;# 
   497   000FCE                     TMR1L           equ	4046	;# 
   498   000FCF                     TMR1H           equ	4047	;# 
   499   000FD0                     RCON            equ	4048	;# 
   500   000FD1                     WDTCON          equ	4049	;# 
   501   000FD2                     HLVDCON         equ	4050	;# 
   502   000FD2                     LVDCON          equ	4050	;# 
   503   000FD3                     OSCCON          equ	4051	;# 
   504   000FD5                     T0CON           equ	4053	;# 
   505   000FD6                     TMR0            equ	4054	;# 
   506   000FD6                     TMR0L           equ	4054	;# 
   507   000FD7                     TMR0H           equ	4055	;# 
   508   000FD8                     STATUS          equ	4056	;# 
   509   000FD9                     FSR2            equ	4057	;# 
   510   000FD9                     FSR2L           equ	4057	;# 
   511   000FDA                     FSR2H           equ	4058	;# 
   512   000FDB                     PLUSW2          equ	4059	;# 
   513   000FDC                     PREINC2         equ	4060	;# 
   514   000FDD                     POSTDEC2        equ	4061	;# 
   515   000FDE                     POSTINC2        equ	4062	;# 
   516   000FDF                     INDF2           equ	4063	;# 
   517   000FE0                     BSR             equ	4064	;# 
   518   000FE1                     FSR1            equ	4065	;# 
   519   000FE1                     FSR1L           equ	4065	;# 
   520   000FE2                     FSR1H           equ	4066	;# 
   521   000FE3                     PLUSW1          equ	4067	;# 
   522   000FE4                     PREINC1         equ	4068	;# 
   523   000FE5                     POSTDEC1        equ	4069	;# 
   524   000FE6                     POSTINC1        equ	4070	;# 
   525   000FE7                     INDF1           equ	4071	;# 
   526   000FE8                     WREG            equ	4072	;# 
   527   000FE9                     FSR0            equ	4073	;# 
   528   000FE9                     FSR0L           equ	4073	;# 
   529   000FEA                     FSR0H           equ	4074	;# 
   530   000FEB                     PLUSW0          equ	4075	;# 
   531   000FEC                     PREINC0         equ	4076	;# 
   532   000FED                     POSTDEC0        equ	4077	;# 
   533   000FEE                     POSTINC0        equ	4078	;# 
   534   000FEF                     INDF0           equ	4079	;# 
   535   000FF0                     INTCON3         equ	4080	;# 
   536   000FF1                     INTCON2         equ	4081	;# 
   537   000FF2                     INTCON          equ	4082	;# 
   538   000FF3                     PROD            equ	4083	;# 
   539   000FF3                     PRODL           equ	4083	;# 
   540   000FF4                     PRODH           equ	4084	;# 
   541   000FF5                     TABLAT          equ	4085	;# 
   542   000FF6                     TBLPTR          equ	4086	;# 
   543   000FF6                     TBLPTRL         equ	4086	;# 
   544   000FF7                     TBLPTRH         equ	4087	;# 
   545   000FF8                     TBLPTRU         equ	4088	;# 
   546   000FF9                     PCLAT           equ	4089	;# 
   547   000FF9                     PC              equ	4089	;# 
   548   000FF9                     PCL             equ	4089	;# 
   549   000FFA                     PCLATH          equ	4090	;# 
   550   000FFB                     PCLATU          equ	4091	;# 
   551   000FFC                     STKPTR          equ	4092	;# 
   552   000FFD                     TOS             equ	4093	;# 
   553   000FFD                     TOSL            equ	4093	;# 
   554   000FFE                     TOSH            equ	4094	;# 
   555   000FFF                     TOSU            equ	4095	;# 
   556   000D60                     RXF6SIDH        equ	3424	;# 
   557   000D61                     RXF6SIDL        equ	3425	;# 
   558   000D62                     RXF6EIDH        equ	3426	;# 
   559   000D63                     RXF6EIDL        equ	3427	;# 
   560   000D64                     RXF7SIDH        equ	3428	;# 
   561   000D65                     RXF7SIDL        equ	3429	;# 
   562   000D66                     RXF7EIDH        equ	3430	;# 
   563   000D67                     RXF7EIDL        equ	3431	;# 
   564   000D68                     RXF8SIDH        equ	3432	;# 
   565   000D69                     RXF8SIDL        equ	3433	;# 
   566   000D6A                     RXF8EIDH        equ	3434	;# 
   567   000D6B                     RXF8EIDL        equ	3435	;# 
   568   000D70                     RXF9SIDH        equ	3440	;# 
   569   000D71                     RXF9SIDL        equ	3441	;# 
   570   000D72                     RXF9EIDH        equ	3442	;# 
   571   000D73                     RXF9EIDL        equ	3443	;# 
   572   000D74                     RXF10SIDH       equ	3444	;# 
   573   000D75                     RXF10SIDL       equ	3445	;# 
   574   000D76                     RXF10EIDH       equ	3446	;# 
   575   000D77                     RXF10EIDL       equ	3447	;# 
   576   000D78                     RXF11SIDH       equ	3448	;# 
   577   000D79                     RXF11SIDL       equ	3449	;# 
   578   000D7A                     RXF11EIDH       equ	3450	;# 
   579   000D7B                     RXF11EIDL       equ	3451	;# 
   580   000D80                     RXF12SIDH       equ	3456	;# 
   581   000D81                     RXF12SIDL       equ	3457	;# 
   582   000D82                     RXF12EIDH       equ	3458	;# 
   583   000D83                     RXF12EIDL       equ	3459	;# 
   584   000D84                     RXF13SIDH       equ	3460	;# 
   585   000D85                     RXF13SIDL       equ	3461	;# 
   586   000D86                     RXF13EIDH       equ	3462	;# 
   587   000D87                     RXF13EIDL       equ	3463	;# 
   588   000D88                     RXF14SIDH       equ	3464	;# 
   589   000D89                     RXF14SIDL       equ	3465	;# 
   590   000D8A                     RXF14EIDH       equ	3466	;# 
   591   000D8B                     RXF14EIDL       equ	3467	;# 
   592   000D90                     RXF15SIDH       equ	3472	;# 
   593   000D91                     RXF15SIDL       equ	3473	;# 
   594   000D92                     RXF15EIDH       equ	3474	;# 
   595   000D93                     RXF15EIDL       equ	3475	;# 
   596   000DD4                     RXFCON0         equ	3540	;# 
   597   000DD5                     RXFCON1         equ	3541	;# 
   598   000DD8                     SDFLC           equ	3544	;# 
   599   000DE0                     RXFBCON0        equ	3552	;# 
   600   000DE1                     RXFBCON1        equ	3553	;# 
   601   000DE2                     RXFBCON2        equ	3554	;# 
   602   000DE3                     RXFBCON3        equ	3555	;# 
   603   000DE4                     RXFBCON4        equ	3556	;# 
   604   000DE5                     RXFBCON5        equ	3557	;# 
   605   000DE6                     RXFBCON6        equ	3558	;# 
   606   000DE7                     RXFBCON7        equ	3559	;# 
   607   000DF0                     MSEL0           equ	3568	;# 
   608   000DF1                     MSEL1           equ	3569	;# 
   609   000DF2                     MSEL2           equ	3570	;# 
   610   000DF3                     MSEL3           equ	3571	;# 
   611   000DF8                     BSEL0           equ	3576	;# 
   612   000DFA                     BIE0            equ	3578	;# 
   613   000DFC                     TXBIE           equ	3580	;# 
   614   000E20                     B0CON           equ	3616	;# 
   615   000E21                     B0SIDH          equ	3617	;# 
   616   000E22                     B0SIDL          equ	3618	;# 
   617   000E23                     B0EIDH          equ	3619	;# 
   618   000E24                     B0EIDL          equ	3620	;# 
   619   000E25                     B0DLC           equ	3621	;# 
   620   000E26                     B0D0            equ	3622	;# 
   621   000E27                     B0D1            equ	3623	;# 
   622   000E28                     B0D2            equ	3624	;# 
   623   000E29                     B0D3            equ	3625	;# 
   624   000E2A                     B0D4            equ	3626	;# 
   625   000E2B                     B0D5            equ	3627	;# 
   626   000E2C                     B0D6            equ	3628	;# 
   627   000E2D                     B0D7            equ	3629	;# 
   628   000E2E                     CANSTAT_RO9     equ	3630	;# 
   629   000E2F                     CANCON_RO9      equ	3631	;# 
   630   000E30                     B1CON           equ	3632	;# 
   631   000E31                     B1SIDH          equ	3633	;# 
   632   000E32                     B1SIDL          equ	3634	;# 
   633   000E33                     B1EIDH          equ	3635	;# 
   634   000E34                     B1EIDL          equ	3636	;# 
   635   000E35                     B1DLC           equ	3637	;# 
   636   000E36                     B1D0            equ	3638	;# 
   637   000E37                     B1D1            equ	3639	;# 
   638   000E38                     B1D2            equ	3640	;# 
   639   000E39                     B1D3            equ	3641	;# 
   640   000E3A                     B1D4            equ	3642	;# 
   641   000E3B                     B1D5            equ	3643	;# 
   642   000E3C                     B1D6            equ	3644	;# 
   643   000E3D                     B1D7            equ	3645	;# 
   644   000E3E                     CANSTAT_RO8     equ	3646	;# 
   645   000E3F                     CANCON_RO8      equ	3647	;# 
   646   000E40                     B2CON           equ	3648	;# 
   647   000E41                     B2SIDH          equ	3649	;# 
   648   000E42                     B2SIDL          equ	3650	;# 
   649   000E43                     B2EIDH          equ	3651	;# 
   650   000E44                     B2EIDL          equ	3652	;# 
   651   000E45                     B2DLC           equ	3653	;# 
   652   000E46                     B2D0            equ	3654	;# 
   653   000E47                     B2D1            equ	3655	;# 
   654   000E48                     B2D2            equ	3656	;# 
   655   000E49                     B2D3            equ	3657	;# 
   656   000E4A                     B2D4            equ	3658	;# 
   657   000E4B                     B2D5            equ	3659	;# 
   658   000E4C                     B2D6            equ	3660	;# 
   659   000E4D                     B2D7            equ	3661	;# 
   660   000E4E                     CANSTAT_RO7     equ	3662	;# 
   661   000E4F                     CANCON_RO7      equ	3663	;# 
   662   000E50                     B3CON           equ	3664	;# 
   663   000E51                     B3SIDH          equ	3665	;# 
   664   000E52                     B3SIDL          equ	3666	;# 
   665   000E53                     B3EIDH          equ	3667	;# 
   666   000E54                     B3EIDL          equ	3668	;# 
   667   000E55                     B3DLC           equ	3669	;# 
   668   000E56                     B3D0            equ	3670	;# 
   669   000E57                     B3D1            equ	3671	;# 
   670   000E58                     B3D2            equ	3672	;# 
   671   000E59                     B3D3            equ	3673	;# 
   672   000E5A                     B3D4            equ	3674	;# 
   673   000E5B                     B3D5            equ	3675	;# 
   674   000E5C                     B3D6            equ	3676	;# 
   675   000E5D                     B3D7            equ	3677	;# 
   676   000E5E                     CANSTAT_RO6     equ	3678	;# 
   677   000E5F                     CANCON_RO6      equ	3679	;# 
   678   000E60                     B4CON           equ	3680	;# 
   679   000E61                     B4SIDH          equ	3681	;# 
   680   000E62                     B4SIDL          equ	3682	;# 
   681   000E63                     B4EIDH          equ	3683	;# 
   682   000E64                     B4EIDL          equ	3684	;# 
   683   000E65                     B4DLC           equ	3685	;# 
   684   000E66                     B4D0            equ	3686	;# 
   685   000E67                     B4D1            equ	3687	;# 
   686   000E68                     B4D2            equ	3688	;# 
   687   000E69                     B4D3            equ	3689	;# 
   688   000E6A                     B4D4            equ	3690	;# 
   689   000E6B                     B4D5            equ	3691	;# 
   690   000E6C                     B4D6            equ	3692	;# 
   691   000E6D                     B4D7            equ	3693	;# 
   692   000E6E                     CANSTAT_RO5     equ	3694	;# 
   693   000E6F                     CANCON_RO5      equ	3695	;# 
   694   000E70                     B5CON           equ	3696	;# 
   695   000E71                     B5SIDH          equ	3697	;# 
   696   000E72                     B5SIDL          equ	3698	;# 
   697   000E73                     B5EIDH          equ	3699	;# 
   698   000E74                     B5EIDL          equ	3700	;# 
   699   000E75                     B5DLC           equ	3701	;# 
   700   000E76                     B5D0            equ	3702	;# 
   701   000E77                     B5D1            equ	3703	;# 
   702   000E78                     B5D2            equ	3704	;# 
   703   000E79                     B5D3            equ	3705	;# 
   704   000E7A                     B5D4            equ	3706	;# 
   705   000E7B                     B5D5            equ	3707	;# 
   706   000E7C                     B5D6            equ	3708	;# 
   707   000E7D                     B5D7            equ	3709	;# 
   708   000E7E                     CANSTAT_RO4     equ	3710	;# 
   709   000E7F                     CANCON_RO4      equ	3711	;# 
   710   000F00                     RXF0SIDH        equ	3840	;# 
   711   000F01                     RXF0SIDL        equ	3841	;# 
   712   000F02                     RXF0EIDH        equ	3842	;# 
   713   000F03                     RXF0EIDL        equ	3843	;# 
   714   000F04                     RXF1SIDH        equ	3844	;# 
   715   000F05                     RXF1SIDL        equ	3845	;# 
   716   000F06                     RXF1EIDH        equ	3846	;# 
   717   000F07                     RXF1EIDL        equ	3847	;# 
   718   000F08                     RXF2SIDH        equ	3848	;# 
   719   000F09                     RXF2SIDL        equ	3849	;# 
   720   000F0A                     RXF2EIDH        equ	3850	;# 
   721   000F0B                     RXF2EIDL        equ	3851	;# 
   722   000F0C                     RXF3SIDH        equ	3852	;# 
   723   000F0D                     RXF3SIDL        equ	3853	;# 
   724   000F0E                     RXF3EIDH        equ	3854	;# 
   725   000F0F                     RXF3EIDL        equ	3855	;# 
   726   000F10                     RXF4SIDH        equ	3856	;# 
   727   000F11                     RXF4SIDL        equ	3857	;# 
   728   000F12                     RXF4EIDH        equ	3858	;# 
   729   000F13                     RXF4EIDL        equ	3859	;# 
   730   000F14                     RXF5SIDH        equ	3860	;# 
   731   000F15                     RXF5SIDL        equ	3861	;# 
   732   000F16                     RXF5EIDH        equ	3862	;# 
   733   000F17                     RXF5EIDL        equ	3863	;# 
   734   000F18                     RXM0SIDH        equ	3864	;# 
   735   000F19                     RXM0SIDL        equ	3865	;# 
   736   000F1A                     RXM0EIDH        equ	3866	;# 
   737   000F1B                     RXM0EIDL        equ	3867	;# 
   738   000F1C                     RXM1SIDH        equ	3868	;# 
   739   000F1D                     RXM1SIDL        equ	3869	;# 
   740   000F1E                     RXM1EIDH        equ	3870	;# 
   741   000F1F                     RXM1EIDL        equ	3871	;# 
   742   000F20                     TXB2CON         equ	3872	;# 
   743   000F21                     TXB2SIDH        equ	3873	;# 
   744   000F22                     TXB2SIDL        equ	3874	;# 
   745   000F23                     TXB2EIDH        equ	3875	;# 
   746   000F24                     TXB2EIDL        equ	3876	;# 
   747   000F25                     TXB2DLC         equ	3877	;# 
   748   000F26                     TXB2D0          equ	3878	;# 
   749   000F27                     TXB2D1          equ	3879	;# 
   750   000F28                     TXB2D2          equ	3880	;# 
   751   000F29                     TXB2D3          equ	3881	;# 
   752   000F2A                     TXB2D4          equ	3882	;# 
   753   000F2B                     TXB2D5          equ	3883	;# 
   754   000F2C                     TXB2D6          equ	3884	;# 
   755   000F2D                     TXB2D7          equ	3885	;# 
   756   000F2E                     CANSTAT_RO3     equ	3886	;# 
   757   000F2F                     CANCON_RO3      equ	3887	;# 
   758   000F30                     TXB1CON         equ	3888	;# 
   759   000F31                     TXB1SIDH        equ	3889	;# 
   760   000F32                     TXB1SIDL        equ	3890	;# 
   761   000F33                     TXB1EIDH        equ	3891	;# 
   762   000F34                     TXB1EIDL        equ	3892	;# 
   763   000F35                     TXB1DLC         equ	3893	;# 
   764   000F36                     TXB1D0          equ	3894	;# 
   765   000F37                     TXB1D1          equ	3895	;# 
   766   000F38                     TXB1D2          equ	3896	;# 
   767   000F39                     TXB1D3          equ	3897	;# 
   768   000F3A                     TXB1D4          equ	3898	;# 
   769   000F3B                     TXB1D5          equ	3899	;# 
   770   000F3C                     TXB1D6          equ	3900	;# 
   771   000F3D                     TXB1D7          equ	3901	;# 
   772   000F3E                     CANSTAT_RO2     equ	3902	;# 
   773   000F3F                     CANCON_RO2      equ	3903	;# 
   774   000F40                     TXB0CON         equ	3904	;# 
   775   000F41                     TXB0SIDH        equ	3905	;# 
   776   000F42                     TXB0SIDL        equ	3906	;# 
   777   000F43                     TXB0EIDH        equ	3907	;# 
   778   000F44                     TXB0EIDL        equ	3908	;# 
   779   000F45                     TXB0DLC         equ	3909	;# 
   780   000F46                     TXB0D0          equ	3910	;# 
   781   000F47                     TXB0D1          equ	3911	;# 
   782   000F48                     TXB0D2          equ	3912	;# 
   783   000F49                     TXB0D3          equ	3913	;# 
   784   000F4A                     TXB0D4          equ	3914	;# 
   785   000F4B                     TXB0D5          equ	3915	;# 
   786   000F4C                     TXB0D6          equ	3916	;# 
   787   000F4D                     TXB0D7          equ	3917	;# 
   788   000F4E                     CANSTAT_RO1     equ	3918	;# 
   789   000F4F                     CANCON_RO1      equ	3919	;# 
   790   000F50                     RXB1CON         equ	3920	;# 
   791   000F51                     RXB1SIDH        equ	3921	;# 
   792   000F52                     RXB1SIDL        equ	3922	;# 
   793   000F53                     RXB1EIDH        equ	3923	;# 
   794   000F54                     RXB1EIDL        equ	3924	;# 
   795   000F55                     RXB1DLC         equ	3925	;# 
   796   000F56                     RXB1D0          equ	3926	;# 
   797   000F57                     RXB1D1          equ	3927	;# 
   798   000F58                     RXB1D2          equ	3928	;# 
   799   000F59                     RXB1D3          equ	3929	;# 
   800   000F5A                     RXB1D4          equ	3930	;# 
   801   000F5B                     RXB1D5          equ	3931	;# 
   802   000F5C                     RXB1D6          equ	3932	;# 
   803   000F5D                     RXB1D7          equ	3933	;# 
   804   000F5E                     CANSTAT_RO0     equ	3934	;# 
   805   000F5F                     CANCON_RO0      equ	3935	;# 
   806   000F60                     RXB0CON         equ	3936	;# 
   807   000F61                     RXB0SIDH        equ	3937	;# 
   808   000F62                     RXB0SIDL        equ	3938	;# 
   809   000F63                     RXB0EIDH        equ	3939	;# 
   810   000F64                     RXB0EIDL        equ	3940	;# 
   811   000F65                     RXB0DLC         equ	3941	;# 
   812   000F66                     RXB0D0          equ	3942	;# 
   813   000F67                     RXB0D1          equ	3943	;# 
   814   000F68                     RXB0D2          equ	3944	;# 
   815   000F69                     RXB0D3          equ	3945	;# 
   816   000F6A                     RXB0D4          equ	3946	;# 
   817   000F6B                     RXB0D5          equ	3947	;# 
   818   000F6C                     RXB0D6          equ	3948	;# 
   819   000F6D                     RXB0D7          equ	3949	;# 
   820   000F6E                     CANSTAT         equ	3950	;# 
   821   000F6F                     CANCON          equ	3951	;# 
   822   000F70                     BRGCON1         equ	3952	;# 
   823   000F71                     BRGCON2         equ	3953	;# 
   824   000F72                     BRGCON3         equ	3954	;# 
   825   000F73                     CIOCON          equ	3955	;# 
   826   000F74                     COMSTAT         equ	3956	;# 
   827   000F75                     RXERRCNT        equ	3957	;# 
   828   000F76                     TXERRCNT        equ	3958	;# 
   829   000F77                     ECANCON         equ	3959	;# 
   830   000F80                     PORTA           equ	3968	;# 
   831   000F81                     PORTB           equ	3969	;# 
   832   000F82                     PORTC           equ	3970	;# 
   833   000F83                     PORTD           equ	3971	;# 
   834   000F84                     PORTE           equ	3972	;# 
   835   000F89                     LATA            equ	3977	;# 
   836   000F8A                     LATB            equ	3978	;# 
   837   000F8B                     LATC            equ	3979	;# 
   838   000F8C                     LATD            equ	3980	;# 
   839   000F8D                     LATE            equ	3981	;# 
   840   000F92                     TRISA           equ	3986	;# 
   841   000F92                     DDRA            equ	3986	;# 
   842   000F93                     TRISB           equ	3987	;# 
   843   000F93                     DDRB            equ	3987	;# 
   844   000F94                     TRISC           equ	3988	;# 
   845   000F94                     DDRC            equ	3988	;# 
   846   000F95                     TRISD           equ	3989	;# 
   847   000F95                     DDRD            equ	3989	;# 
   848   000F96                     TRISE           equ	3990	;# 
   849   000F96                     DDRE            equ	3990	;# 
   850   000F9B                     OSCTUNE         equ	3995	;# 
   851   000F9D                     PIE1            equ	3997	;# 
   852   000F9E                     PIR1            equ	3998	;# 
   853   000F9F                     IPR1            equ	3999	;# 
   854   000FA0                     PIE2            equ	4000	;# 
   855   000FA1                     PIR2            equ	4001	;# 
   856   000FA2                     IPR2            equ	4002	;# 
   857   000FA3                     PIE3            equ	4003	;# 
   858   000FA4                     PIR3            equ	4004	;# 
   859   000FA5                     IPR3            equ	4005	;# 
   860   000FA6                     EECON1          equ	4006	;# 
   861   000FA7                     EECON2          equ	4007	;# 
   862   000FA8                     EEDATA          equ	4008	;# 
   863   000FA9                     EEADR           equ	4009	;# 
   864   000FAB                     RCSTA           equ	4011	;# 
   865   000FAB                     RCSTA1          equ	4011	;# 
   866   000FAC                     TXSTA           equ	4012	;# 
   867   000FAC                     TXSTA1          equ	4012	;# 
   868   000FAD                     TXREG           equ	4013	;# 
   869   000FAD                     TXREG1          equ	4013	;# 
   870   000FAE                     RCREG           equ	4014	;# 
   871   000FAE                     RCREG1          equ	4014	;# 
   872   000FAF                     SPBRG           equ	4015	;# 
   873   000FAF                     SPBRG1          equ	4015	;# 
   874   000FB0                     SPBRGH          equ	4016	;# 
   875   000FB1                     T3CON           equ	4017	;# 
   876   000FB2                     TMR3            equ	4018	;# 
   877   000FB2                     TMR3L           equ	4018	;# 
   878   000FB3                     TMR3H           equ	4019	;# 
   879   000FB4                     CMCON           equ	4020	;# 
   880   000FB5                     CVRCON          equ	4021	;# 
   881   000FB6                     ECCP1AS         equ	4022	;# 
   882   000FB7                     ECCP1DEL        equ	4023	;# 
   883   000FB8                     BAUDCON         equ	4024	;# 
   884   000FB8                     BAUDCTL         equ	4024	;# 
   885   000FBA                     ECCP1CON        equ	4026	;# 
   886   000FBB                     ECCPR1          equ	4027	;# 
   887   000FBB                     ECCPR1L         equ	4027	;# 
   888   000FBC                     ECCPR1H         equ	4028	;# 
   889   000FBD                     CCP1CON         equ	4029	;# 
   890   000FBE                     CCPR1           equ	4030	;# 
   891   000FBE                     CCPR1L          equ	4030	;# 
   892   000FBF                     CCPR1H          equ	4031	;# 
   893   000FC0                     ADCON2          equ	4032	;# 
   894   000FC1                     ADCON1          equ	4033	;# 
   895   000FC2                     ADCON0          equ	4034	;# 
   896   000FC3                     ADRES           equ	4035	;# 
   897   000FC3                     ADRESL          equ	4035	;# 
   898   000FC4                     ADRESH          equ	4036	;# 
   899   000FC5                     SSPCON2         equ	4037	;# 
   900   000FC6                     SSPCON1         equ	4038	;# 
   901   000FC7                     SSPSTAT         equ	4039	;# 
   902   000FC8                     SSPADD          equ	4040	;# 
   903   000FC9                     SSPBUF          equ	4041	;# 
   904   000FCA                     T2CON           equ	4042	;# 
   905   000FCB                     PR2             equ	4043	;# 
   906   000FCB                     MEMCON          equ	4043	;# 
   907   000FCC                     TMR2            equ	4044	;# 
   908   000FCD                     T1CON           equ	4045	;# 
   909   000FCE                     TMR1            equ	4046	;# 
   910   000FCE                     TMR1L           equ	4046	;# 
   911   000FCF                     TMR1H           equ	4047	;# 
   912   000FD0                     RCON            equ	4048	;# 
   913   000FD1                     WDTCON          equ	4049	;# 
   914   000FD2                     HLVDCON         equ	4050	;# 
   915   000FD2                     LVDCON          equ	4050	;# 
   916   000FD3                     OSCCON          equ	4051	;# 
   917   000FD5                     T0CON           equ	4053	;# 
   918   000FD6                     TMR0            equ	4054	;# 
   919   000FD6                     TMR0L           equ	4054	;# 
   920   000FD7                     TMR0H           equ	4055	;# 
   921   000FD8                     STATUS          equ	4056	;# 
   922   000FD9                     FSR2            equ	4057	;# 
   923   000FD9                     FSR2L           equ	4057	;# 
   924   000FDA                     FSR2H           equ	4058	;# 
   925   000FDB                     PLUSW2          equ	4059	;# 
   926   000FDC                     PREINC2         equ	4060	;# 
   927   000FDD                     POSTDEC2        equ	4061	;# 
   928   000FDE                     POSTINC2        equ	4062	;# 
   929   000FDF                     INDF2           equ	4063	;# 
   930   000FE0                     BSR             equ	4064	;# 
   931   000FE1                     FSR1            equ	4065	;# 
   932   000FE1                     FSR1L           equ	4065	;# 
   933   000FE2                     FSR1H           equ	4066	;# 
   934   000FE3                     PLUSW1          equ	4067	;# 
   935   000FE4                     PREINC1         equ	4068	;# 
   936   000FE5                     POSTDEC1        equ	4069	;# 
   937   000FE6                     POSTINC1        equ	4070	;# 
   938   000FE7                     INDF1           equ	4071	;# 
   939   000FE8                     WREG            equ	4072	;# 
   940   000FE9                     FSR0            equ	4073	;# 
   941   000FE9                     FSR0L           equ	4073	;# 
   942   000FEA                     FSR0H           equ	4074	;# 
   943   000FEB                     PLUSW0          equ	4075	;# 
   944   000FEC                     PREINC0         equ	4076	;# 
   945   000FED                     POSTDEC0        equ	4077	;# 
   946   000FEE                     POSTINC0        equ	4078	;# 
   947   000FEF                     INDF0           equ	4079	;# 
   948   000FF0                     INTCON3         equ	4080	;# 
   949   000FF1                     INTCON2         equ	4081	;# 
   950   000FF2                     INTCON          equ	4082	;# 
   951   000FF3                     PROD            equ	4083	;# 
   952   000FF3                     PRODL           equ	4083	;# 
   953   000FF4                     PRODH           equ	4084	;# 
   954   000FF5                     TABLAT          equ	4085	;# 
   955   000FF6                     TBLPTR          equ	4086	;# 
   956   000FF6                     TBLPTRL         equ	4086	;# 
   957   000FF7                     TBLPTRH         equ	4087	;# 
   958   000FF8                     TBLPTRU         equ	4088	;# 
   959   000FF9                     PCLAT           equ	4089	;# 
   960   000FF9                     PC              equ	4089	;# 
   961   000FF9                     PCL             equ	4089	;# 
   962   000FFA                     PCLATH          equ	4090	;# 
   963   000FFB                     PCLATU          equ	4091	;# 
   964   000FFC                     STKPTR          equ	4092	;# 
   965   000FFD                     TOS             equ	4093	;# 
   966   000FFD                     TOSL            equ	4093	;# 
   967   000FFE                     TOSH            equ	4094	;# 
   968   000FFF                     TOSU            equ	4095	;# 
   969   000D60                     RXF6SIDH        equ	3424	;# 
   970   000D61                     RXF6SIDL        equ	3425	;# 
   971   000D62                     RXF6EIDH        equ	3426	;# 
   972   000D63                     RXF6EIDL        equ	3427	;# 
   973   000D64                     RXF7SIDH        equ	3428	;# 
   974   000D65                     RXF7SIDL        equ	3429	;# 
   975   000D66                     RXF7EIDH        equ	3430	;# 
   976   000D67                     RXF7EIDL        equ	3431	;# 
   977   000D68                     RXF8SIDH        equ	3432	;# 
   978   000D69                     RXF8SIDL        equ	3433	;# 
   979   000D6A                     RXF8EIDH        equ	3434	;# 
   980   000D6B                     RXF8EIDL        equ	3435	;# 
   981   000D70                     RXF9SIDH        equ	3440	;# 
   982   000D71                     RXF9SIDL        equ	3441	;# 
   983   000D72                     RXF9EIDH        equ	3442	;# 
   984   000D73                     RXF9EIDL        equ	3443	;# 
   985   000D74                     RXF10SIDH       equ	3444	;# 
   986   000D75                     RXF10SIDL       equ	3445	;# 
   987   000D76                     RXF10EIDH       equ	3446	;# 
   988   000D77                     RXF10EIDL       equ	3447	;# 
   989   000D78                     RXF11SIDH       equ	3448	;# 
   990   000D79                     RXF11SIDL       equ	3449	;# 
   991   000D7A                     RXF11EIDH       equ	3450	;# 
   992   000D7B                     RXF11EIDL       equ	3451	;# 
   993   000D80                     RXF12SIDH       equ	3456	;# 
   994   000D81                     RXF12SIDL       equ	3457	;# 
   995   000D82                     RXF12EIDH       equ	3458	;# 
   996   000D83                     RXF12EIDL       equ	3459	;# 
   997   000D84                     RXF13SIDH       equ	3460	;# 
   998   000D85                     RXF13SIDL       equ	3461	;# 
   999   000D86                     RXF13EIDH       equ	3462	;# 
  1000   000D87                     RXF13EIDL       equ	3463	;# 
  1001   000D88                     RXF14SIDH       equ	3464	;# 
  1002   000D89                     RXF14SIDL       equ	3465	;# 
  1003   000D8A                     RXF14EIDH       equ	3466	;# 
  1004   000D8B                     RXF14EIDL       equ	3467	;# 
  1005   000D90                     RXF15SIDH       equ	3472	;# 
  1006   000D91                     RXF15SIDL       equ	3473	;# 
  1007   000D92                     RXF15EIDH       equ	3474	;# 
  1008   000D93                     RXF15EIDL       equ	3475	;# 
  1009   000DD4                     RXFCON0         equ	3540	;# 
  1010   000DD5                     RXFCON1         equ	3541	;# 
  1011   000DD8                     SDFLC           equ	3544	;# 
  1012   000DE0                     RXFBCON0        equ	3552	;# 
  1013   000DE1                     RXFBCON1        equ	3553	;# 
  1014   000DE2                     RXFBCON2        equ	3554	;# 
  1015   000DE3                     RXFBCON3        equ	3555	;# 
  1016   000DE4                     RXFBCON4        equ	3556	;# 
  1017   000DE5                     RXFBCON5        equ	3557	;# 
  1018   000DE6                     RXFBCON6        equ	3558	;# 
  1019   000DE7                     RXFBCON7        equ	3559	;# 
  1020   000DF0                     MSEL0           equ	3568	;# 
  1021   000DF1                     MSEL1           equ	3569	;# 
  1022   000DF2                     MSEL2           equ	3570	;# 
  1023   000DF3                     MSEL3           equ	3571	;# 
  1024   000DF8                     BSEL0           equ	3576	;# 
  1025   000DFA                     BIE0            equ	3578	;# 
  1026   000DFC                     TXBIE           equ	3580	;# 
  1027   000E20                     B0CON           equ	3616	;# 
  1028   000E21                     B0SIDH          equ	3617	;# 
  1029   000E22                     B0SIDL          equ	3618	;# 
  1030   000E23                     B0EIDH          equ	3619	;# 
  1031   000E24                     B0EIDL          equ	3620	;# 
  1032   000E25                     B0DLC           equ	3621	;# 
  1033   000E26                     B0D0            equ	3622	;# 
  1034   000E27                     B0D1            equ	3623	;# 
  1035   000E28                     B0D2            equ	3624	;# 
  1036   000E29                     B0D3            equ	3625	;# 
  1037   000E2A                     B0D4            equ	3626	;# 
  1038   000E2B                     B0D5            equ	3627	;# 
  1039   000E2C                     B0D6            equ	3628	;# 
  1040   000E2D                     B0D7            equ	3629	;# 
  1041   000E2E                     CANSTAT_RO9     equ	3630	;# 
  1042   000E2F                     CANCON_RO9      equ	3631	;# 
  1043   000E30                     B1CON           equ	3632	;# 
  1044   000E31                     B1SIDH          equ	3633	;# 
  1045   000E32                     B1SIDL          equ	3634	;# 
  1046   000E33                     B1EIDH          equ	3635	;# 
  1047   000E34                     B1EIDL          equ	3636	;# 
  1048   000E35                     B1DLC           equ	3637	;# 
  1049   000E36                     B1D0            equ	3638	;# 
  1050   000E37                     B1D1            equ	3639	;# 
  1051   000E38                     B1D2            equ	3640	;# 
  1052   000E39                     B1D3            equ	3641	;# 
  1053   000E3A                     B1D4            equ	3642	;# 
  1054   000E3B                     B1D5            equ	3643	;# 
  1055   000E3C                     B1D6            equ	3644	;# 
  1056   000E3D                     B1D7            equ	3645	;# 
  1057   000E3E                     CANSTAT_RO8     equ	3646	;# 
  1058   000E3F                     CANCON_RO8      equ	3647	;# 
  1059   000E40                     B2CON           equ	3648	;# 
  1060   000E41                     B2SIDH          equ	3649	;# 
  1061   000E42                     B2SIDL          equ	3650	;# 
  1062   000E43                     B2EIDH          equ	3651	;# 
  1063   000E44                     B2EIDL          equ	3652	;# 
  1064   000E45                     B2DLC           equ	3653	;# 
  1065   000E46                     B2D0            equ	3654	;# 
  1066   000E47                     B2D1            equ	3655	;# 
  1067   000E48                     B2D2            equ	3656	;# 
  1068   000E49                     B2D3            equ	3657	;# 
  1069   000E4A                     B2D4            equ	3658	;# 
  1070   000E4B                     B2D5            equ	3659	;# 
  1071   000E4C                     B2D6            equ	3660	;# 
  1072   000E4D                     B2D7            equ	3661	;# 
  1073   000E4E                     CANSTAT_RO7     equ	3662	;# 
  1074   000E4F                     CANCON_RO7      equ	3663	;# 
  1075   000E50                     B3CON           equ	3664	;# 
  1076   000E51                     B3SIDH          equ	3665	;# 
  1077   000E52                     B3SIDL          equ	3666	;# 
  1078   000E53                     B3EIDH          equ	3667	;# 
  1079   000E54                     B3EIDL          equ	3668	;# 
  1080   000E55                     B3DLC           equ	3669	;# 
  1081   000E56                     B3D0            equ	3670	;# 
  1082   000E57                     B3D1            equ	3671	;# 
  1083   000E58                     B3D2            equ	3672	;# 
  1084   000E59                     B3D3            equ	3673	;# 
  1085   000E5A                     B3D4            equ	3674	;# 
  1086   000E5B                     B3D5            equ	3675	;# 
  1087   000E5C                     B3D6            equ	3676	;# 
  1088   000E5D                     B3D7            equ	3677	;# 
  1089   000E5E                     CANSTAT_RO6     equ	3678	;# 
  1090   000E5F                     CANCON_RO6      equ	3679	;# 
  1091   000E60                     B4CON           equ	3680	;# 
  1092   000E61                     B4SIDH          equ	3681	;# 
  1093   000E62                     B4SIDL          equ	3682	;# 
  1094   000E63                     B4EIDH          equ	3683	;# 
  1095   000E64                     B4EIDL          equ	3684	;# 
  1096   000E65                     B4DLC           equ	3685	;# 
  1097   000E66                     B4D0            equ	3686	;# 
  1098   000E67                     B4D1            equ	3687	;# 
  1099   000E68                     B4D2            equ	3688	;# 
  1100   000E69                     B4D3            equ	3689	;# 
  1101   000E6A                     B4D4            equ	3690	;# 
  1102   000E6B                     B4D5            equ	3691	;# 
  1103   000E6C                     B4D6            equ	3692	;# 
  1104   000E6D                     B4D7            equ	3693	;# 
  1105   000E6E                     CANSTAT_RO5     equ	3694	;# 
  1106   000E6F                     CANCON_RO5      equ	3695	;# 
  1107   000E70                     B5CON           equ	3696	;# 
  1108   000E71                     B5SIDH          equ	3697	;# 
  1109   000E72                     B5SIDL          equ	3698	;# 
  1110   000E73                     B5EIDH          equ	3699	;# 
  1111   000E74                     B5EIDL          equ	3700	;# 
  1112   000E75                     B5DLC           equ	3701	;# 
  1113   000E76                     B5D0            equ	3702	;# 
  1114   000E77                     B5D1            equ	3703	;# 
  1115   000E78                     B5D2            equ	3704	;# 
  1116   000E79                     B5D3            equ	3705	;# 
  1117   000E7A                     B5D4            equ	3706	;# 
  1118   000E7B                     B5D5            equ	3707	;# 
  1119   000E7C                     B5D6            equ	3708	;# 
  1120   000E7D                     B5D7            equ	3709	;# 
  1121   000E7E                     CANSTAT_RO4     equ	3710	;# 
  1122   000E7F                     CANCON_RO4      equ	3711	;# 
  1123   000F00                     RXF0SIDH        equ	3840	;# 
  1124   000F01                     RXF0SIDL        equ	3841	;# 
  1125   000F02                     RXF0EIDH        equ	3842	;# 
  1126   000F03                     RXF0EIDL        equ	3843	;# 
  1127   000F04                     RXF1SIDH        equ	3844	;# 
  1128   000F05                     RXF1SIDL        equ	3845	;# 
  1129   000F06                     RXF1EIDH        equ	3846	;# 
  1130   000F07                     RXF1EIDL        equ	3847	;# 
  1131   000F08                     RXF2SIDH        equ	3848	;# 
  1132   000F09                     RXF2SIDL        equ	3849	;# 
  1133   000F0A                     RXF2EIDH        equ	3850	;# 
  1134   000F0B                     RXF2EIDL        equ	3851	;# 
  1135   000F0C                     RXF3SIDH        equ	3852	;# 
  1136   000F0D                     RXF3SIDL        equ	3853	;# 
  1137   000F0E                     RXF3EIDH        equ	3854	;# 
  1138   000F0F                     RXF3EIDL        equ	3855	;# 
  1139   000F10                     RXF4SIDH        equ	3856	;# 
  1140   000F11                     RXF4SIDL        equ	3857	;# 
  1141   000F12                     RXF4EIDH        equ	3858	;# 
  1142   000F13                     RXF4EIDL        equ	3859	;# 
  1143   000F14                     RXF5SIDH        equ	3860	;# 
  1144   000F15                     RXF5SIDL        equ	3861	;# 
  1145   000F16                     RXF5EIDH        equ	3862	;# 
  1146   000F17                     RXF5EIDL        equ	3863	;# 
  1147   000F18                     RXM0SIDH        equ	3864	;# 
  1148   000F19                     RXM0SIDL        equ	3865	;# 
  1149   000F1A                     RXM0EIDH        equ	3866	;# 
  1150   000F1B                     RXM0EIDL        equ	3867	;# 
  1151   000F1C                     RXM1SIDH        equ	3868	;# 
  1152   000F1D                     RXM1SIDL        equ	3869	;# 
  1153   000F1E                     RXM1EIDH        equ	3870	;# 
  1154   000F1F                     RXM1EIDL        equ	3871	;# 
  1155   000F20                     TXB2CON         equ	3872	;# 
  1156   000F21                     TXB2SIDH        equ	3873	;# 
  1157   000F22                     TXB2SIDL        equ	3874	;# 
  1158   000F23                     TXB2EIDH        equ	3875	;# 
  1159   000F24                     TXB2EIDL        equ	3876	;# 
  1160   000F25                     TXB2DLC         equ	3877	;# 
  1161   000F26                     TXB2D0          equ	3878	;# 
  1162   000F27                     TXB2D1          equ	3879	;# 
  1163   000F28                     TXB2D2          equ	3880	;# 
  1164   000F29                     TXB2D3          equ	3881	;# 
  1165   000F2A                     TXB2D4          equ	3882	;# 
  1166   000F2B                     TXB2D5          equ	3883	;# 
  1167   000F2C                     TXB2D6          equ	3884	;# 
  1168   000F2D                     TXB2D7          equ	3885	;# 
  1169   000F2E                     CANSTAT_RO3     equ	3886	;# 
  1170   000F2F                     CANCON_RO3      equ	3887	;# 
  1171   000F30                     TXB1CON         equ	3888	;# 
  1172   000F31                     TXB1SIDH        equ	3889	;# 
  1173   000F32                     TXB1SIDL        equ	3890	;# 
  1174   000F33                     TXB1EIDH        equ	3891	;# 
  1175   000F34                     TXB1EIDL        equ	3892	;# 
  1176   000F35                     TXB1DLC         equ	3893	;# 
  1177   000F36                     TXB1D0          equ	3894	;# 
  1178   000F37                     TXB1D1          equ	3895	;# 
  1179   000F38                     TXB1D2          equ	3896	;# 
  1180   000F39                     TXB1D3          equ	3897	;# 
  1181   000F3A                     TXB1D4          equ	3898	;# 
  1182   000F3B                     TXB1D5          equ	3899	;# 
  1183   000F3C                     TXB1D6          equ	3900	;# 
  1184   000F3D                     TXB1D7          equ	3901	;# 
  1185   000F3E                     CANSTAT_RO2     equ	3902	;# 
  1186   000F3F                     CANCON_RO2      equ	3903	;# 
  1187   000F40                     TXB0CON         equ	3904	;# 
  1188   000F41                     TXB0SIDH        equ	3905	;# 
  1189   000F42                     TXB0SIDL        equ	3906	;# 
  1190   000F43                     TXB0EIDH        equ	3907	;# 
  1191   000F44                     TXB0EIDL        equ	3908	;# 
  1192   000F45                     TXB0DLC         equ	3909	;# 
  1193   000F46                     TXB0D0          equ	3910	;# 
  1194   000F47                     TXB0D1          equ	3911	;# 
  1195   000F48                     TXB0D2          equ	3912	;# 
  1196   000F49                     TXB0D3          equ	3913	;# 
  1197   000F4A                     TXB0D4          equ	3914	;# 
  1198   000F4B                     TXB0D5          equ	3915	;# 
  1199   000F4C                     TXB0D6          equ	3916	;# 
  1200   000F4D                     TXB0D7          equ	3917	;# 
  1201   000F4E                     CANSTAT_RO1     equ	3918	;# 
  1202   000F4F                     CANCON_RO1      equ	3919	;# 
  1203   000F50                     RXB1CON         equ	3920	;# 
  1204   000F51                     RXB1SIDH        equ	3921	;# 
  1205   000F52                     RXB1SIDL        equ	3922	;# 
  1206   000F53                     RXB1EIDH        equ	3923	;# 
  1207   000F54                     RXB1EIDL        equ	3924	;# 
  1208   000F55                     RXB1DLC         equ	3925	;# 
  1209   000F56                     RXB1D0          equ	3926	;# 
  1210   000F57                     RXB1D1          equ	3927	;# 
  1211   000F58                     RXB1D2          equ	3928	;# 
  1212   000F59                     RXB1D3          equ	3929	;# 
  1213   000F5A                     RXB1D4          equ	3930	;# 
  1214   000F5B                     RXB1D5          equ	3931	;# 
  1215   000F5C                     RXB1D6          equ	3932	;# 
  1216   000F5D                     RXB1D7          equ	3933	;# 
  1217   000F5E                     CANSTAT_RO0     equ	3934	;# 
  1218   000F5F                     CANCON_RO0      equ	3935	;# 
  1219   000F60                     RXB0CON         equ	3936	;# 
  1220   000F61                     RXB0SIDH        equ	3937	;# 
  1221   000F62                     RXB0SIDL        equ	3938	;# 
  1222   000F63                     RXB0EIDH        equ	3939	;# 
  1223   000F64                     RXB0EIDL        equ	3940	;# 
  1224   000F65                     RXB0DLC         equ	3941	;# 
  1225   000F66                     RXB0D0          equ	3942	;# 
  1226   000F67                     RXB0D1          equ	3943	;# 
  1227   000F68                     RXB0D2          equ	3944	;# 
  1228   000F69                     RXB0D3          equ	3945	;# 
  1229   000F6A                     RXB0D4          equ	3946	;# 
  1230   000F6B                     RXB0D5          equ	3947	;# 
  1231   000F6C                     RXB0D6          equ	3948	;# 
  1232   000F6D                     RXB0D7          equ	3949	;# 
  1233   000F6E                     CANSTAT         equ	3950	;# 
  1234   000F6F                     CANCON          equ	3951	;# 
  1235   000F70                     BRGCON1         equ	3952	;# 
  1236   000F71                     BRGCON2         equ	3953	;# 
  1237   000F72                     BRGCON3         equ	3954	;# 
  1238   000F73                     CIOCON          equ	3955	;# 
  1239   000F74                     COMSTAT         equ	3956	;# 
  1240   000F75                     RXERRCNT        equ	3957	;# 
  1241   000F76                     TXERRCNT        equ	3958	;# 
  1242   000F77                     ECANCON         equ	3959	;# 
  1243   000F80                     PORTA           equ	3968	;# 
  1244   000F81                     PORTB           equ	3969	;# 
  1245   000F82                     PORTC           equ	3970	;# 
  1246   000F83                     PORTD           equ	3971	;# 
  1247   000F84                     PORTE           equ	3972	;# 
  1248   000F89                     LATA            equ	3977	;# 
  1249   000F8A                     LATB            equ	3978	;# 
  1250   000F8B                     LATC            equ	3979	;# 
  1251   000F8C                     LATD            equ	3980	;# 
  1252   000F8D                     LATE            equ	3981	;# 
  1253   000F92                     TRISA           equ	3986	;# 
  1254   000F92                     DDRA            equ	3986	;# 
  1255   000F93                     TRISB           equ	3987	;# 
  1256   000F93                     DDRB            equ	3987	;# 
  1257   000F94                     TRISC           equ	3988	;# 
  1258   000F94                     DDRC            equ	3988	;# 
  1259   000F95                     TRISD           equ	3989	;# 
  1260   000F95                     DDRD            equ	3989	;# 
  1261   000F96                     TRISE           equ	3990	;# 
  1262   000F96                     DDRE            equ	3990	;# 
  1263   000F9B                     OSCTUNE         equ	3995	;# 
  1264   000F9D                     PIE1            equ	3997	;# 
  1265   000F9E                     PIR1            equ	3998	;# 
  1266   000F9F                     IPR1            equ	3999	;# 
  1267   000FA0                     PIE2            equ	4000	;# 
  1268   000FA1                     PIR2            equ	4001	;# 
  1269   000FA2                     IPR2            equ	4002	;# 
  1270   000FA3                     PIE3            equ	4003	;# 
  1271   000FA4                     PIR3            equ	4004	;# 
  1272   000FA5                     IPR3            equ	4005	;# 
  1273   000FA6                     EECON1          equ	4006	;# 
  1274   000FA7                     EECON2          equ	4007	;# 
  1275   000FA8                     EEDATA          equ	4008	;# 
  1276   000FA9                     EEADR           equ	4009	;# 
  1277   000FAB                     RCSTA           equ	4011	;# 
  1278   000FAB                     RCSTA1          equ	4011	;# 
  1279   000FAC                     TXSTA           equ	4012	;# 
  1280   000FAC                     TXSTA1          equ	4012	;# 
  1281   000FAD                     TXREG           equ	4013	;# 
  1282   000FAD                     TXREG1          equ	4013	;# 
  1283   000FAE                     RCREG           equ	4014	;# 
  1284   000FAE                     RCREG1          equ	4014	;# 
  1285   000FAF                     SPBRG           equ	4015	;# 
  1286   000FAF                     SPBRG1          equ	4015	;# 
  1287   000FB0                     SPBRGH          equ	4016	;# 
  1288   000FB1                     T3CON           equ	4017	;# 
  1289   000FB2                     TMR3            equ	4018	;# 
  1290   000FB2                     TMR3L           equ	4018	;# 
  1291   000FB3                     TMR3H           equ	4019	;# 
  1292   000FB4                     CMCON           equ	4020	;# 
  1293   000FB5                     CVRCON          equ	4021	;# 
  1294   000FB6                     ECCP1AS         equ	4022	;# 
  1295   000FB7                     ECCP1DEL        equ	4023	;# 
  1296   000FB8                     BAUDCON         equ	4024	;# 
  1297   000FB8                     BAUDCTL         equ	4024	;# 
  1298   000FBA                     ECCP1CON        equ	4026	;# 
  1299   000FBB                     ECCPR1          equ	4027	;# 
  1300   000FBB                     ECCPR1L         equ	4027	;# 
  1301   000FBC                     ECCPR1H         equ	4028	;# 
  1302   000FBD                     CCP1CON         equ	4029	;# 
  1303   000FBE                     CCPR1           equ	4030	;# 
  1304   000FBE                     CCPR1L          equ	4030	;# 
  1305   000FBF                     CCPR1H          equ	4031	;# 
  1306   000FC0                     ADCON2          equ	4032	;# 
  1307   000FC1                     ADCON1          equ	4033	;# 
  1308   000FC2                     ADCON0          equ	4034	;# 
  1309   000FC3                     ADRES           equ	4035	;# 
  1310   000FC3                     ADRESL          equ	4035	;# 
  1311   000FC4                     ADRESH          equ	4036	;# 
  1312   000FC5                     SSPCON2         equ	4037	;# 
  1313   000FC6                     SSPCON1         equ	4038	;# 
  1314   000FC7                     SSPSTAT         equ	4039	;# 
  1315   000FC8                     SSPADD          equ	4040	;# 
  1316   000FC9                     SSPBUF          equ	4041	;# 
  1317   000FCA                     T2CON           equ	4042	;# 
  1318   000FCB                     PR2             equ	4043	;# 
  1319   000FCB                     MEMCON          equ	4043	;# 
  1320   000FCC                     TMR2            equ	4044	;# 
  1321   000FCD                     T1CON           equ	4045	;# 
  1322   000FCE                     TMR1            equ	4046	;# 
  1323   000FCE                     TMR1L           equ	4046	;# 
  1324   000FCF                     TMR1H           equ	4047	;# 
  1325   000FD0                     RCON            equ	4048	;# 
  1326   000FD1                     WDTCON          equ	4049	;# 
  1327   000FD2                     HLVDCON         equ	4050	;# 
  1328   000FD2                     LVDCON          equ	4050	;# 
  1329   000FD3                     OSCCON          equ	4051	;# 
  1330   000FD5                     T0CON           equ	4053	;# 
  1331   000FD6                     TMR0            equ	4054	;# 
  1332   000FD6                     TMR0L           equ	4054	;# 
  1333   000FD7                     TMR0H           equ	4055	;# 
  1334   000FD8                     STATUS          equ	4056	;# 
  1335   000FD9                     FSR2            equ	4057	;# 
  1336   000FD9                     FSR2L           equ	4057	;# 
  1337   000FDA                     FSR2H           equ	4058	;# 
  1338   000FDB                     PLUSW2          equ	4059	;# 
  1339   000FDC                     PREINC2         equ	4060	;# 
  1340   000FDD                     POSTDEC2        equ	4061	;# 
  1341   000FDE                     POSTINC2        equ	4062	;# 
  1342   000FDF                     INDF2           equ	4063	;# 
  1343   000FE0                     BSR             equ	4064	;# 
  1344   000FE1                     FSR1            equ	4065	;# 
  1345   000FE1                     FSR1L           equ	4065	;# 
  1346   000FE2                     FSR1H           equ	4066	;# 
  1347   000FE3                     PLUSW1          equ	4067	;# 
  1348   000FE4                     PREINC1         equ	4068	;# 
  1349   000FE5                     POSTDEC1        equ	4069	;# 
  1350   000FE6                     POSTINC1        equ	4070	;# 
  1351   000FE7                     INDF1           equ	4071	;# 
  1352   000FE8                     WREG            equ	4072	;# 
  1353   000FE9                     FSR0            equ	4073	;# 
  1354   000FE9                     FSR0L           equ	4073	;# 
  1355   000FEA                     FSR0H           equ	4074	;# 
  1356   000FEB                     PLUSW0          equ	4075	;# 
  1357   000FEC                     PREINC0         equ	4076	;# 
  1358   000FED                     POSTDEC0        equ	4077	;# 
  1359   000FEE                     POSTINC0        equ	4078	;# 
  1360   000FEF                     INDF0           equ	4079	;# 
  1361   000FF0                     INTCON3         equ	4080	;# 
  1362   000FF1                     INTCON2         equ	4081	;# 
  1363   000FF2                     INTCON          equ	4082	;# 
  1364   000FF3                     PROD            equ	4083	;# 
  1365   000FF3                     PRODL           equ	4083	;# 
  1366   000FF4                     PRODH           equ	4084	;# 
  1367   000FF5                     TABLAT          equ	4085	;# 
  1368   000FF6                     TBLPTR          equ	4086	;# 
  1369   000FF6                     TBLPTRL         equ	4086	;# 
  1370   000FF7                     TBLPTRH         equ	4087	;# 
  1371   000FF8                     TBLPTRU         equ	4088	;# 
  1372   000FF9                     PCLAT           equ	4089	;# 
  1373   000FF9                     PC              equ	4089	;# 
  1374   000FF9                     PCL             equ	4089	;# 
  1375   000FFA                     PCLATH          equ	4090	;# 
  1376   000FFB                     PCLATU          equ	4091	;# 
  1377   000FFC                     STKPTR          equ	4092	;# 
  1378   000FFD                     TOS             equ	4093	;# 
  1379   000FFD                     TOSL            equ	4093	;# 
  1380   000FFE                     TOSH            equ	4094	;# 
  1381   000FFF                     TOSU            equ	4095	;# 
  1382   000D60                     RXF6SIDH        equ	3424	;# 
  1383   000D61                     RXF6SIDL        equ	3425	;# 
  1384   000D62                     RXF6EIDH        equ	3426	;# 
  1385   000D63                     RXF6EIDL        equ	3427	;# 
  1386   000D64                     RXF7SIDH        equ	3428	;# 
  1387   000D65                     RXF7SIDL        equ	3429	;# 
  1388   000D66                     RXF7EIDH        equ	3430	;# 
  1389   000D67                     RXF7EIDL        equ	3431	;# 
  1390   000D68                     RXF8SIDH        equ	3432	;# 
  1391   000D69                     RXF8SIDL        equ	3433	;# 
  1392   000D6A                     RXF8EIDH        equ	3434	;# 
  1393   000D6B                     RXF8EIDL        equ	3435	;# 
  1394   000D70                     RXF9SIDH        equ	3440	;# 
  1395   000D71                     RXF9SIDL        equ	3441	;# 
  1396   000D72                     RXF9EIDH        equ	3442	;# 
  1397   000D73                     RXF9EIDL        equ	3443	;# 
  1398   000D74                     RXF10SIDH       equ	3444	;# 
  1399   000D75                     RXF10SIDL       equ	3445	;# 
  1400   000D76                     RXF10EIDH       equ	3446	;# 
  1401   000D77                     RXF10EIDL       equ	3447	;# 
  1402   000D78                     RXF11SIDH       equ	3448	;# 
  1403   000D79                     RXF11SIDL       equ	3449	;# 
  1404   000D7A                     RXF11EIDH       equ	3450	;# 
  1405   000D7B                     RXF11EIDL       equ	3451	;# 
  1406   000D80                     RXF12SIDH       equ	3456	;# 
  1407   000D81                     RXF12SIDL       equ	3457	;# 
  1408   000D82                     RXF12EIDH       equ	3458	;# 
  1409   000D83                     RXF12EIDL       equ	3459	;# 
  1410   000D84                     RXF13SIDH       equ	3460	;# 
  1411   000D85                     RXF13SIDL       equ	3461	;# 
  1412   000D86                     RXF13EIDH       equ	3462	;# 
  1413   000D87                     RXF13EIDL       equ	3463	;# 
  1414   000D88                     RXF14SIDH       equ	3464	;# 
  1415   000D89                     RXF14SIDL       equ	3465	;# 
  1416   000D8A                     RXF14EIDH       equ	3466	;# 
  1417   000D8B                     RXF14EIDL       equ	3467	;# 
  1418   000D90                     RXF15SIDH       equ	3472	;# 
  1419   000D91                     RXF15SIDL       equ	3473	;# 
  1420   000D92                     RXF15EIDH       equ	3474	;# 
  1421   000D93                     RXF15EIDL       equ	3475	;# 
  1422   000DD4                     RXFCON0         equ	3540	;# 
  1423   000DD5                     RXFCON1         equ	3541	;# 
  1424   000DD8                     SDFLC           equ	3544	;# 
  1425   000DE0                     RXFBCON0        equ	3552	;# 
  1426   000DE1                     RXFBCON1        equ	3553	;# 
  1427   000DE2                     RXFBCON2        equ	3554	;# 
  1428   000DE3                     RXFBCON3        equ	3555	;# 
  1429   000DE4                     RXFBCON4        equ	3556	;# 
  1430   000DE5                     RXFBCON5        equ	3557	;# 
  1431   000DE6                     RXFBCON6        equ	3558	;# 
  1432   000DE7                     RXFBCON7        equ	3559	;# 
  1433   000DF0                     MSEL0           equ	3568	;# 
  1434   000DF1                     MSEL1           equ	3569	;# 
  1435   000DF2                     MSEL2           equ	3570	;# 
  1436   000DF3                     MSEL3           equ	3571	;# 
  1437   000DF8                     BSEL0           equ	3576	;# 
  1438   000DFA                     BIE0            equ	3578	;# 
  1439   000DFC                     TXBIE           equ	3580	;# 
  1440   000E20                     B0CON           equ	3616	;# 
  1441   000E21                     B0SIDH          equ	3617	;# 
  1442   000E22                     B0SIDL          equ	3618	;# 
  1443   000E23                     B0EIDH          equ	3619	;# 
  1444   000E24                     B0EIDL          equ	3620	;# 
  1445   000E25                     B0DLC           equ	3621	;# 
  1446   000E26                     B0D0            equ	3622	;# 
  1447   000E27                     B0D1            equ	3623	;# 
  1448   000E28                     B0D2            equ	3624	;# 
  1449   000E29                     B0D3            equ	3625	;# 
  1450   000E2A                     B0D4            equ	3626	;# 
  1451   000E2B                     B0D5            equ	3627	;# 
  1452   000E2C                     B0D6            equ	3628	;# 
  1453   000E2D                     B0D7            equ	3629	;# 
  1454   000E2E                     CANSTAT_RO9     equ	3630	;# 
  1455   000E2F                     CANCON_RO9      equ	3631	;# 
  1456   000E30                     B1CON           equ	3632	;# 
  1457   000E31                     B1SIDH          equ	3633	;# 
  1458   000E32                     B1SIDL          equ	3634	;# 
  1459   000E33                     B1EIDH          equ	3635	;# 
  1460   000E34                     B1EIDL          equ	3636	;# 
  1461   000E35                     B1DLC           equ	3637	;# 
  1462   000E36                     B1D0            equ	3638	;# 
  1463   000E37                     B1D1            equ	3639	;# 
  1464   000E38                     B1D2            equ	3640	;# 
  1465   000E39                     B1D3            equ	3641	;# 
  1466   000E3A                     B1D4            equ	3642	;# 
  1467   000E3B                     B1D5            equ	3643	;# 
  1468   000E3C                     B1D6            equ	3644	;# 
  1469   000E3D                     B1D7            equ	3645	;# 
  1470   000E3E                     CANSTAT_RO8     equ	3646	;# 
  1471   000E3F                     CANCON_RO8      equ	3647	;# 
  1472   000E40                     B2CON           equ	3648	;# 
  1473   000E41                     B2SIDH          equ	3649	;# 
  1474   000E42                     B2SIDL          equ	3650	;# 
  1475   000E43                     B2EIDH          equ	3651	;# 
  1476   000E44                     B2EIDL          equ	3652	;# 
  1477   000E45                     B2DLC           equ	3653	;# 
  1478   000E46                     B2D0            equ	3654	;# 
  1479   000E47                     B2D1            equ	3655	;# 
  1480   000E48                     B2D2            equ	3656	;# 
  1481   000E49                     B2D3            equ	3657	;# 
  1482   000E4A                     B2D4            equ	3658	;# 
  1483   000E4B                     B2D5            equ	3659	;# 
  1484   000E4C                     B2D6            equ	3660	;# 
  1485   000E4D                     B2D7            equ	3661	;# 
  1486   000E4E                     CANSTAT_RO7     equ	3662	;# 
  1487   000E4F                     CANCON_RO7      equ	3663	;# 
  1488   000E50                     B3CON           equ	3664	;# 
  1489   000E51                     B3SIDH          equ	3665	;# 
  1490   000E52                     B3SIDL          equ	3666	;# 
  1491   000E53                     B3EIDH          equ	3667	;# 
  1492   000E54                     B3EIDL          equ	3668	;# 
  1493   000E55                     B3DLC           equ	3669	;# 
  1494   000E56                     B3D0            equ	3670	;# 
  1495   000E57                     B3D1            equ	3671	;# 
  1496   000E58                     B3D2            equ	3672	;# 
  1497   000E59                     B3D3            equ	3673	;# 
  1498   000E5A                     B3D4            equ	3674	;# 
  1499   000E5B                     B3D5            equ	3675	;# 
  1500   000E5C                     B3D6            equ	3676	;# 
  1501   000E5D                     B3D7            equ	3677	;# 
  1502   000E5E                     CANSTAT_RO6     equ	3678	;# 
  1503   000E5F                     CANCON_RO6      equ	3679	;# 
  1504   000E60                     B4CON           equ	3680	;# 
  1505   000E61                     B4SIDH          equ	3681	;# 
  1506   000E62                     B4SIDL          equ	3682	;# 
  1507   000E63                     B4EIDH          equ	3683	;# 
  1508   000E64                     B4EIDL          equ	3684	;# 
  1509   000E65                     B4DLC           equ	3685	;# 
  1510   000E66                     B4D0            equ	3686	;# 
  1511   000E67                     B4D1            equ	3687	;# 
  1512   000E68                     B4D2            equ	3688	;# 
  1513   000E69                     B4D3            equ	3689	;# 
  1514   000E6A                     B4D4            equ	3690	;# 
  1515   000E6B                     B4D5            equ	3691	;# 
  1516   000E6C                     B4D6            equ	3692	;# 
  1517   000E6D                     B4D7            equ	3693	;# 
  1518   000E6E                     CANSTAT_RO5     equ	3694	;# 
  1519   000E6F                     CANCON_RO5      equ	3695	;# 
  1520   000E70                     B5CON           equ	3696	;# 
  1521   000E71                     B5SIDH          equ	3697	;# 
  1522   000E72                     B5SIDL          equ	3698	;# 
  1523   000E73                     B5EIDH          equ	3699	;# 
  1524   000E74                     B5EIDL          equ	3700	;# 
  1525   000E75                     B5DLC           equ	3701	;# 
  1526   000E76                     B5D0            equ	3702	;# 
  1527   000E77                     B5D1            equ	3703	;# 
  1528   000E78                     B5D2            equ	3704	;# 
  1529   000E79                     B5D3            equ	3705	;# 
  1530   000E7A                     B5D4            equ	3706	;# 
  1531   000E7B                     B5D5            equ	3707	;# 
  1532   000E7C                     B5D6            equ	3708	;# 
  1533   000E7D                     B5D7            equ	3709	;# 
  1534   000E7E                     CANSTAT_RO4     equ	3710	;# 
  1535   000E7F                     CANCON_RO4      equ	3711	;# 
  1536   000F00                     RXF0SIDH        equ	3840	;# 
  1537   000F01                     RXF0SIDL        equ	3841	;# 
  1538   000F02                     RXF0EIDH        equ	3842	;# 
  1539   000F03                     RXF0EIDL        equ	3843	;# 
  1540   000F04                     RXF1SIDH        equ	3844	;# 
  1541   000F05                     RXF1SIDL        equ	3845	;# 
  1542   000F06                     RXF1EIDH        equ	3846	;# 
  1543   000F07                     RXF1EIDL        equ	3847	;# 
  1544   000F08                     RXF2SIDH        equ	3848	;# 
  1545   000F09                     RXF2SIDL        equ	3849	;# 
  1546   000F0A                     RXF2EIDH        equ	3850	;# 
  1547   000F0B                     RXF2EIDL        equ	3851	;# 
  1548   000F0C                     RXF3SIDH        equ	3852	;# 
  1549   000F0D                     RXF3SIDL        equ	3853	;# 
  1550   000F0E                     RXF3EIDH        equ	3854	;# 
  1551   000F0F                     RXF3EIDL        equ	3855	;# 
  1552   000F10                     RXF4SIDH        equ	3856	;# 
  1553   000F11                     RXF4SIDL        equ	3857	;# 
  1554   000F12                     RXF4EIDH        equ	3858	;# 
  1555   000F13                     RXF4EIDL        equ	3859	;# 
  1556   000F14                     RXF5SIDH        equ	3860	;# 
  1557   000F15                     RXF5SIDL        equ	3861	;# 
  1558   000F16                     RXF5EIDH        equ	3862	;# 
  1559   000F17                     RXF5EIDL        equ	3863	;# 
  1560   000F18                     RXM0SIDH        equ	3864	;# 
  1561   000F19                     RXM0SIDL        equ	3865	;# 
  1562   000F1A                     RXM0EIDH        equ	3866	;# 
  1563   000F1B                     RXM0EIDL        equ	3867	;# 
  1564   000F1C                     RXM1SIDH        equ	3868	;# 
  1565   000F1D                     RXM1SIDL        equ	3869	;# 
  1566   000F1E                     RXM1EIDH        equ	3870	;# 
  1567   000F1F                     RXM1EIDL        equ	3871	;# 
  1568   000F20                     TXB2CON         equ	3872	;# 
  1569   000F21                     TXB2SIDH        equ	3873	;# 
  1570   000F22                     TXB2SIDL        equ	3874	;# 
  1571   000F23                     TXB2EIDH        equ	3875	;# 
  1572   000F24                     TXB2EIDL        equ	3876	;# 
  1573   000F25                     TXB2DLC         equ	3877	;# 
  1574   000F26                     TXB2D0          equ	3878	;# 
  1575   000F27                     TXB2D1          equ	3879	;# 
  1576   000F28                     TXB2D2          equ	3880	;# 
  1577   000F29                     TXB2D3          equ	3881	;# 
  1578   000F2A                     TXB2D4          equ	3882	;# 
  1579   000F2B                     TXB2D5          equ	3883	;# 
  1580   000F2C                     TXB2D6          equ	3884	;# 
  1581   000F2D                     TXB2D7          equ	3885	;# 
  1582   000F2E                     CANSTAT_RO3     equ	3886	;# 
  1583   000F2F                     CANCON_RO3      equ	3887	;# 
  1584   000F30                     TXB1CON         equ	3888	;# 
  1585   000F31                     TXB1SIDH        equ	3889	;# 
  1586   000F32                     TXB1SIDL        equ	3890	;# 
  1587   000F33                     TXB1EIDH        equ	3891	;# 
  1588   000F34                     TXB1EIDL        equ	3892	;# 
  1589   000F35                     TXB1DLC         equ	3893	;# 
  1590   000F36                     TXB1D0          equ	3894	;# 
  1591   000F37                     TXB1D1          equ	3895	;# 
  1592   000F38                     TXB1D2          equ	3896	;# 
  1593   000F39                     TXB1D3          equ	3897	;# 
  1594   000F3A                     TXB1D4          equ	3898	;# 
  1595   000F3B                     TXB1D5          equ	3899	;# 
  1596   000F3C                     TXB1D6          equ	3900	;# 
  1597   000F3D                     TXB1D7          equ	3901	;# 
  1598   000F3E                     CANSTAT_RO2     equ	3902	;# 
  1599   000F3F                     CANCON_RO2      equ	3903	;# 
  1600   000F40                     TXB0CON         equ	3904	;# 
  1601   000F41                     TXB0SIDH        equ	3905	;# 
  1602   000F42                     TXB0SIDL        equ	3906	;# 
  1603   000F43                     TXB0EIDH        equ	3907	;# 
  1604   000F44                     TXB0EIDL        equ	3908	;# 
  1605   000F45                     TXB0DLC         equ	3909	;# 
  1606   000F46                     TXB0D0          equ	3910	;# 
  1607   000F47                     TXB0D1          equ	3911	;# 
  1608   000F48                     TXB0D2          equ	3912	;# 
  1609   000F49                     TXB0D3          equ	3913	;# 
  1610   000F4A                     TXB0D4          equ	3914	;# 
  1611   000F4B                     TXB0D5          equ	3915	;# 
  1612   000F4C                     TXB0D6          equ	3916	;# 
  1613   000F4D                     TXB0D7          equ	3917	;# 
  1614   000F4E                     CANSTAT_RO1     equ	3918	;# 
  1615   000F4F                     CANCON_RO1      equ	3919	;# 
  1616   000F50                     RXB1CON         equ	3920	;# 
  1617   000F51                     RXB1SIDH        equ	3921	;# 
  1618   000F52                     RXB1SIDL        equ	3922	;# 
  1619   000F53                     RXB1EIDH        equ	3923	;# 
  1620   000F54                     RXB1EIDL        equ	3924	;# 
  1621   000F55                     RXB1DLC         equ	3925	;# 
  1622   000F56                     RXB1D0          equ	3926	;# 
  1623   000F57                     RXB1D1          equ	3927	;# 
  1624   000F58                     RXB1D2          equ	3928	;# 
  1625   000F59                     RXB1D3          equ	3929	;# 
  1626   000F5A                     RXB1D4          equ	3930	;# 
  1627   000F5B                     RXB1D5          equ	3931	;# 
  1628   000F5C                     RXB1D6          equ	3932	;# 
  1629   000F5D                     RXB1D7          equ	3933	;# 
  1630   000F5E                     CANSTAT_RO0     equ	3934	;# 
  1631   000F5F                     CANCON_RO0      equ	3935	;# 
  1632   000F60                     RXB0CON         equ	3936	;# 
  1633   000F61                     RXB0SIDH        equ	3937	;# 
  1634   000F62                     RXB0SIDL        equ	3938	;# 
  1635   000F63                     RXB0EIDH        equ	3939	;# 
  1636   000F64                     RXB0EIDL        equ	3940	;# 
  1637   000F65                     RXB0DLC         equ	3941	;# 
  1638   000F66                     RXB0D0          equ	3942	;# 
  1639   000F67                     RXB0D1          equ	3943	;# 
  1640   000F68                     RXB0D2          equ	3944	;# 
  1641   000F69                     RXB0D3          equ	3945	;# 
  1642   000F6A                     RXB0D4          equ	3946	;# 
  1643   000F6B                     RXB0D5          equ	3947	;# 
  1644   000F6C                     RXB0D6          equ	3948	;# 
  1645   000F6D                     RXB0D7          equ	3949	;# 
  1646   000F6E                     CANSTAT         equ	3950	;# 
  1647   000F6F                     CANCON          equ	3951	;# 
  1648   000F70                     BRGCON1         equ	3952	;# 
  1649   000F71                     BRGCON2         equ	3953	;# 
  1650   000F72                     BRGCON3         equ	3954	;# 
  1651   000F73                     CIOCON          equ	3955	;# 
  1652   000F74                     COMSTAT         equ	3956	;# 
  1653   000F75                     RXERRCNT        equ	3957	;# 
  1654   000F76                     TXERRCNT        equ	3958	;# 
  1655   000F77                     ECANCON         equ	3959	;# 
  1656   000F80                     PORTA           equ	3968	;# 
  1657   000F81                     PORTB           equ	3969	;# 
  1658   000F82                     PORTC           equ	3970	;# 
  1659   000F83                     PORTD           equ	3971	;# 
  1660   000F84                     PORTE           equ	3972	;# 
  1661   000F89                     LATA            equ	3977	;# 
  1662   000F8A                     LATB            equ	3978	;# 
  1663   000F8B                     LATC            equ	3979	;# 
  1664   000F8C                     LATD            equ	3980	;# 
  1665   000F8D                     LATE            equ	3981	;# 
  1666   000F92                     TRISA           equ	3986	;# 
  1667   000F92                     DDRA            equ	3986	;# 
  1668   000F93                     TRISB           equ	3987	;# 
  1669   000F93                     DDRB            equ	3987	;# 
  1670   000F94                     TRISC           equ	3988	;# 
  1671   000F94                     DDRC            equ	3988	;# 
  1672   000F95                     TRISD           equ	3989	;# 
  1673   000F95                     DDRD            equ	3989	;# 
  1674   000F96                     TRISE           equ	3990	;# 
  1675   000F96                     DDRE            equ	3990	;# 
  1676   000F9B                     OSCTUNE         equ	3995	;# 
  1677   000F9D                     PIE1            equ	3997	;# 
  1678   000F9E                     PIR1            equ	3998	;# 
  1679   000F9F                     IPR1            equ	3999	;# 
  1680   000FA0                     PIE2            equ	4000	;# 
  1681   000FA1                     PIR2            equ	4001	;# 
  1682   000FA2                     IPR2            equ	4002	;# 
  1683   000FA3                     PIE3            equ	4003	;# 
  1684   000FA4                     PIR3            equ	4004	;# 
  1685   000FA5                     IPR3            equ	4005	;# 
  1686   000FA6                     EECON1          equ	4006	;# 
  1687   000FA7                     EECON2          equ	4007	;# 
  1688   000FA8                     EEDATA          equ	4008	;# 
  1689   000FA9                     EEADR           equ	4009	;# 
  1690   000FAB                     RCSTA           equ	4011	;# 
  1691   000FAB                     RCSTA1          equ	4011	;# 
  1692   000FAC                     TXSTA           equ	4012	;# 
  1693   000FAC                     TXSTA1          equ	4012	;# 
  1694   000FAD                     TXREG           equ	4013	;# 
  1695   000FAD                     TXREG1          equ	4013	;# 
  1696   000FAE                     RCREG           equ	4014	;# 
  1697   000FAE                     RCREG1          equ	4014	;# 
  1698   000FAF                     SPBRG           equ	4015	;# 
  1699   000FAF                     SPBRG1          equ	4015	;# 
  1700   000FB0                     SPBRGH          equ	4016	;# 
  1701   000FB1                     T3CON           equ	4017	;# 
  1702   000FB2                     TMR3            equ	4018	;# 
  1703   000FB2                     TMR3L           equ	4018	;# 
  1704   000FB3                     TMR3H           equ	4019	;# 
  1705   000FB4                     CMCON           equ	4020	;# 
  1706   000FB5                     CVRCON          equ	4021	;# 
  1707   000FB6                     ECCP1AS         equ	4022	;# 
  1708   000FB7                     ECCP1DEL        equ	4023	;# 
  1709   000FB8                     BAUDCON         equ	4024	;# 
  1710   000FB8                     BAUDCTL         equ	4024	;# 
  1711   000FBA                     ECCP1CON        equ	4026	;# 
  1712   000FBB                     ECCPR1          equ	4027	;# 
  1713   000FBB                     ECCPR1L         equ	4027	;# 
  1714   000FBC                     ECCPR1H         equ	4028	;# 
  1715   000FBD                     CCP1CON         equ	4029	;# 
  1716   000FBE                     CCPR1           equ	4030	;# 
  1717   000FBE                     CCPR1L          equ	4030	;# 
  1718   000FBF                     CCPR1H          equ	4031	;# 
  1719   000FC0                     ADCON2          equ	4032	;# 
  1720   000FC1                     ADCON1          equ	4033	;# 
  1721   000FC2                     ADCON0          equ	4034	;# 
  1722   000FC3                     ADRES           equ	4035	;# 
  1723   000FC3                     ADRESL          equ	4035	;# 
  1724   000FC4                     ADRESH          equ	4036	;# 
  1725   000FC5                     SSPCON2         equ	4037	;# 
  1726   000FC6                     SSPCON1         equ	4038	;# 
  1727   000FC7                     SSPSTAT         equ	4039	;# 
  1728   000FC8                     SSPADD          equ	4040	;# 
  1729   000FC9                     SSPBUF          equ	4041	;# 
  1730   000FCA                     T2CON           equ	4042	;# 
  1731   000FCB                     PR2             equ	4043	;# 
  1732   000FCB                     MEMCON          equ	4043	;# 
  1733   000FCC                     TMR2            equ	4044	;# 
  1734   000FCD                     T1CON           equ	4045	;# 
  1735   000FCE                     TMR1            equ	4046	;# 
  1736   000FCE                     TMR1L           equ	4046	;# 
  1737   000FCF                     TMR1H           equ	4047	;# 
  1738   000FD0                     RCON            equ	4048	;# 
  1739   000FD1                     WDTCON          equ	4049	;# 
  1740   000FD2                     HLVDCON         equ	4050	;# 
  1741   000FD2                     LVDCON          equ	4050	;# 
  1742   000FD3                     OSCCON          equ	4051	;# 
  1743   000FD5                     T0CON           equ	4053	;# 
  1744   000FD6                     TMR0            equ	4054	;# 
  1745   000FD6                     TMR0L           equ	4054	;# 
  1746   000FD7                     TMR0H           equ	4055	;# 
  1747   000FD8                     STATUS          equ	4056	;# 
  1748   000FD9                     FSR2            equ	4057	;# 
  1749   000FD9                     FSR2L           equ	4057	;# 
  1750   000FDA                     FSR2H           equ	4058	;# 
  1751   000FDB                     PLUSW2          equ	4059	;# 
  1752   000FDC                     PREINC2         equ	4060	;# 
  1753   000FDD                     POSTDEC2        equ	4061	;# 
  1754   000FDE                     POSTINC2        equ	4062	;# 
  1755   000FDF                     INDF2           equ	4063	;# 
  1756   000FE0                     BSR             equ	4064	;# 
  1757   000FE1                     FSR1            equ	4065	;# 
  1758   000FE1                     FSR1L           equ	4065	;# 
  1759   000FE2                     FSR1H           equ	4066	;# 
  1760   000FE3                     PLUSW1          equ	4067	;# 
  1761   000FE4                     PREINC1         equ	4068	;# 
  1762   000FE5                     POSTDEC1        equ	4069	;# 
  1763   000FE6                     POSTINC1        equ	4070	;# 
  1764   000FE7                     INDF1           equ	4071	;# 
  1765   000FE8                     WREG            equ	4072	;# 
  1766   000FE9                     FSR0            equ	4073	;# 
  1767   000FE9                     FSR0L           equ	4073	;# 
  1768   000FEA                     FSR0H           equ	4074	;# 
  1769   000FEB                     PLUSW0          equ	4075	;# 
  1770   000FEC                     PREINC0         equ	4076	;# 
  1771   000FED                     POSTDEC0        equ	4077	;# 
  1772   000FEE                     POSTINC0        equ	4078	;# 
  1773   000FEF                     INDF0           equ	4079	;# 
  1774   000FF0                     INTCON3         equ	4080	;# 
  1775   000FF1                     INTCON2         equ	4081	;# 
  1776   000FF2                     INTCON          equ	4082	;# 
  1777   000FF3                     PROD            equ	4083	;# 
  1778   000FF3                     PRODL           equ	4083	;# 
  1779   000FF4                     PRODH           equ	4084	;# 
  1780   000FF5                     TABLAT          equ	4085	;# 
  1781   000FF6                     TBLPTR          equ	4086	;# 
  1782   000FF6                     TBLPTRL         equ	4086	;# 
  1783   000FF7                     TBLPTRH         equ	4087	;# 
  1784   000FF8                     TBLPTRU         equ	4088	;# 
  1785   000FF9                     PCLAT           equ	4089	;# 
  1786   000FF9                     PC              equ	4089	;# 
  1787   000FF9                     PCL             equ	4089	;# 
  1788   000FFA                     PCLATH          equ	4090	;# 
  1789   000FFB                     PCLATU          equ	4091	;# 
  1790   000FFC                     STKPTR          equ	4092	;# 
  1791   000FFD                     TOS             equ	4093	;# 
  1792   000FFD                     TOSL            equ	4093	;# 
  1793   000FFE                     TOSH            equ	4094	;# 
  1794   000FFF                     TOSU            equ	4095	;# 
  1795   000D60                     RXF6SIDH        equ	3424	;# 
  1796   000D61                     RXF6SIDL        equ	3425	;# 
  1797   000D62                     RXF6EIDH        equ	3426	;# 
  1798   000D63                     RXF6EIDL        equ	3427	;# 
  1799   000D64                     RXF7SIDH        equ	3428	;# 
  1800   000D65                     RXF7SIDL        equ	3429	;# 
  1801   000D66                     RXF7EIDH        equ	3430	;# 
  1802   000D67                     RXF7EIDL        equ	3431	;# 
  1803   000D68                     RXF8SIDH        equ	3432	;# 
  1804   000D69                     RXF8SIDL        equ	3433	;# 
  1805   000D6A                     RXF8EIDH        equ	3434	;# 
  1806   000D6B                     RXF8EIDL        equ	3435	;# 
  1807   000D70                     RXF9SIDH        equ	3440	;# 
  1808   000D71                     RXF9SIDL        equ	3441	;# 
  1809   000D72                     RXF9EIDH        equ	3442	;# 
  1810   000D73                     RXF9EIDL        equ	3443	;# 
  1811   000D74                     RXF10SIDH       equ	3444	;# 
  1812   000D75                     RXF10SIDL       equ	3445	;# 
  1813   000D76                     RXF10EIDH       equ	3446	;# 
  1814   000D77                     RXF10EIDL       equ	3447	;# 
  1815   000D78                     RXF11SIDH       equ	3448	;# 
  1816   000D79                     RXF11SIDL       equ	3449	;# 
  1817   000D7A                     RXF11EIDH       equ	3450	;# 
  1818   000D7B                     RXF11EIDL       equ	3451	;# 
  1819   000D80                     RXF12SIDH       equ	3456	;# 
  1820   000D81                     RXF12SIDL       equ	3457	;# 
  1821   000D82                     RXF12EIDH       equ	3458	;# 
  1822   000D83                     RXF12EIDL       equ	3459	;# 
  1823   000D84                     RXF13SIDH       equ	3460	;# 
  1824   000D85                     RXF13SIDL       equ	3461	;# 
  1825   000D86                     RXF13EIDH       equ	3462	;# 
  1826   000D87                     RXF13EIDL       equ	3463	;# 
  1827   000D88                     RXF14SIDH       equ	3464	;# 
  1828   000D89                     RXF14SIDL       equ	3465	;# 
  1829   000D8A                     RXF14EIDH       equ	3466	;# 
  1830   000D8B                     RXF14EIDL       equ	3467	;# 
  1831   000D90                     RXF15SIDH       equ	3472	;# 
  1832   000D91                     RXF15SIDL       equ	3473	;# 
  1833   000D92                     RXF15EIDH       equ	3474	;# 
  1834   000D93                     RXF15EIDL       equ	3475	;# 
  1835   000DD4                     RXFCON0         equ	3540	;# 
  1836   000DD5                     RXFCON1         equ	3541	;# 
  1837   000DD8                     SDFLC           equ	3544	;# 
  1838   000DE0                     RXFBCON0        equ	3552	;# 
  1839   000DE1                     RXFBCON1        equ	3553	;# 
  1840   000DE2                     RXFBCON2        equ	3554	;# 
  1841   000DE3                     RXFBCON3        equ	3555	;# 
  1842   000DE4                     RXFBCON4        equ	3556	;# 
  1843   000DE5                     RXFBCON5        equ	3557	;# 
  1844   000DE6                     RXFBCON6        equ	3558	;# 
  1845   000DE7                     RXFBCON7        equ	3559	;# 
  1846   000DF0                     MSEL0           equ	3568	;# 
  1847   000DF1                     MSEL1           equ	3569	;# 
  1848   000DF2                     MSEL2           equ	3570	;# 
  1849   000DF3                     MSEL3           equ	3571	;# 
  1850   000DF8                     BSEL0           equ	3576	;# 
  1851   000DFA                     BIE0            equ	3578	;# 
  1852   000DFC                     TXBIE           equ	3580	;# 
  1853   000E20                     B0CON           equ	3616	;# 
  1854   000E21                     B0SIDH          equ	3617	;# 
  1855   000E22                     B0SIDL          equ	3618	;# 
  1856   000E23                     B0EIDH          equ	3619	;# 
  1857   000E24                     B0EIDL          equ	3620	;# 
  1858   000E25                     B0DLC           equ	3621	;# 
  1859   000E26                     B0D0            equ	3622	;# 
  1860   000E27                     B0D1            equ	3623	;# 
  1861   000E28                     B0D2            equ	3624	;# 
  1862   000E29                     B0D3            equ	3625	;# 
  1863   000E2A                     B0D4            equ	3626	;# 
  1864   000E2B                     B0D5            equ	3627	;# 
  1865   000E2C                     B0D6            equ	3628	;# 
  1866   000E2D                     B0D7            equ	3629	;# 
  1867   000E2E                     CANSTAT_RO9     equ	3630	;# 
  1868   000E2F                     CANCON_RO9      equ	3631	;# 
  1869   000E30                     B1CON           equ	3632	;# 
  1870   000E31                     B1SIDH          equ	3633	;# 
  1871   000E32                     B1SIDL          equ	3634	;# 
  1872   000E33                     B1EIDH          equ	3635	;# 
  1873   000E34                     B1EIDL          equ	3636	;# 
  1874   000E35                     B1DLC           equ	3637	;# 
  1875   000E36                     B1D0            equ	3638	;# 
  1876   000E37                     B1D1            equ	3639	;# 
  1877   000E38                     B1D2            equ	3640	;# 
  1878   000E39                     B1D3            equ	3641	;# 
  1879   000E3A                     B1D4            equ	3642	;# 
  1880   000E3B                     B1D5            equ	3643	;# 
  1881   000E3C                     B1D6            equ	3644	;# 
  1882   000E3D                     B1D7            equ	3645	;# 
  1883   000E3E                     CANSTAT_RO8     equ	3646	;# 
  1884   000E3F                     CANCON_RO8      equ	3647	;# 
  1885   000E40                     B2CON           equ	3648	;# 
  1886   000E41                     B2SIDH          equ	3649	;# 
  1887   000E42                     B2SIDL          equ	3650	;# 
  1888   000E43                     B2EIDH          equ	3651	;# 
  1889   000E44                     B2EIDL          equ	3652	;# 
  1890   000E45                     B2DLC           equ	3653	;# 
  1891   000E46                     B2D0            equ	3654	;# 
  1892   000E47                     B2D1            equ	3655	;# 
  1893   000E48                     B2D2            equ	3656	;# 
  1894   000E49                     B2D3            equ	3657	;# 
  1895   000E4A                     B2D4            equ	3658	;# 
  1896   000E4B                     B2D5            equ	3659	;# 
  1897   000E4C                     B2D6            equ	3660	;# 
  1898   000E4D                     B2D7            equ	3661	;# 
  1899   000E4E                     CANSTAT_RO7     equ	3662	;# 
  1900   000E4F                     CANCON_RO7      equ	3663	;# 
  1901   000E50                     B3CON           equ	3664	;# 
  1902   000E51                     B3SIDH          equ	3665	;# 
  1903   000E52                     B3SIDL          equ	3666	;# 
  1904   000E53                     B3EIDH          equ	3667	;# 
  1905   000E54                     B3EIDL          equ	3668	;# 
  1906   000E55                     B3DLC           equ	3669	;# 
  1907   000E56                     B3D0            equ	3670	;# 
  1908   000E57                     B3D1            equ	3671	;# 
  1909   000E58                     B3D2            equ	3672	;# 
  1910   000E59                     B3D3            equ	3673	;# 
  1911   000E5A                     B3D4            equ	3674	;# 
  1912   000E5B                     B3D5            equ	3675	;# 
  1913   000E5C                     B3D6            equ	3676	;# 
  1914   000E5D                     B3D7            equ	3677	;# 
  1915   000E5E                     CANSTAT_RO6     equ	3678	;# 
  1916   000E5F                     CANCON_RO6      equ	3679	;# 
  1917   000E60                     B4CON           equ	3680	;# 
  1918   000E61                     B4SIDH          equ	3681	;# 
  1919   000E62                     B4SIDL          equ	3682	;# 
  1920   000E63                     B4EIDH          equ	3683	;# 
  1921   000E64                     B4EIDL          equ	3684	;# 
  1922   000E65                     B4DLC           equ	3685	;# 
  1923   000E66                     B4D0            equ	3686	;# 
  1924   000E67                     B4D1            equ	3687	;# 
  1925   000E68                     B4D2            equ	3688	;# 
  1926   000E69                     B4D3            equ	3689	;# 
  1927   000E6A                     B4D4            equ	3690	;# 
  1928   000E6B                     B4D5            equ	3691	;# 
  1929   000E6C                     B4D6            equ	3692	;# 
  1930   000E6D                     B4D7            equ	3693	;# 
  1931   000E6E                     CANSTAT_RO5     equ	3694	;# 
  1932   000E6F                     CANCON_RO5      equ	3695	;# 
  1933   000E70                     B5CON           equ	3696	;# 
  1934   000E71                     B5SIDH          equ	3697	;# 
  1935   000E72                     B5SIDL          equ	3698	;# 
  1936   000E73                     B5EIDH          equ	3699	;# 
  1937   000E74                     B5EIDL          equ	3700	;# 
  1938   000E75                     B5DLC           equ	3701	;# 
  1939   000E76                     B5D0            equ	3702	;# 
  1940   000E77                     B5D1            equ	3703	;# 
  1941   000E78                     B5D2            equ	3704	;# 
  1942   000E79                     B5D3            equ	3705	;# 
  1943   000E7A                     B5D4            equ	3706	;# 
  1944   000E7B                     B5D5            equ	3707	;# 
  1945   000E7C                     B5D6            equ	3708	;# 
  1946   000E7D                     B5D7            equ	3709	;# 
  1947   000E7E                     CANSTAT_RO4     equ	3710	;# 
  1948   000E7F                     CANCON_RO4      equ	3711	;# 
  1949   000F00                     RXF0SIDH        equ	3840	;# 
  1950   000F01                     RXF0SIDL        equ	3841	;# 
  1951   000F02                     RXF0EIDH        equ	3842	;# 
  1952   000F03                     RXF0EIDL        equ	3843	;# 
  1953   000F04                     RXF1SIDH        equ	3844	;# 
  1954   000F05                     RXF1SIDL        equ	3845	;# 
  1955   000F06                     RXF1EIDH        equ	3846	;# 
  1956   000F07                     RXF1EIDL        equ	3847	;# 
  1957   000F08                     RXF2SIDH        equ	3848	;# 
  1958   000F09                     RXF2SIDL        equ	3849	;# 
  1959   000F0A                     RXF2EIDH        equ	3850	;# 
  1960   000F0B                     RXF2EIDL        equ	3851	;# 
  1961   000F0C                     RXF3SIDH        equ	3852	;# 
  1962   000F0D                     RXF3SIDL        equ	3853	;# 
  1963   000F0E                     RXF3EIDH        equ	3854	;# 
  1964   000F0F                     RXF3EIDL        equ	3855	;# 
  1965   000F10                     RXF4SIDH        equ	3856	;# 
  1966   000F11                     RXF4SIDL        equ	3857	;# 
  1967   000F12                     RXF4EIDH        equ	3858	;# 
  1968   000F13                     RXF4EIDL        equ	3859	;# 
  1969   000F14                     RXF5SIDH        equ	3860	;# 
  1970   000F15                     RXF5SIDL        equ	3861	;# 
  1971   000F16                     RXF5EIDH        equ	3862	;# 
  1972   000F17                     RXF5EIDL        equ	3863	;# 
  1973   000F18                     RXM0SIDH        equ	3864	;# 
  1974   000F19                     RXM0SIDL        equ	3865	;# 
  1975   000F1A                     RXM0EIDH        equ	3866	;# 
  1976   000F1B                     RXM0EIDL        equ	3867	;# 
  1977   000F1C                     RXM1SIDH        equ	3868	;# 
  1978   000F1D                     RXM1SIDL        equ	3869	;# 
  1979   000F1E                     RXM1EIDH        equ	3870	;# 
  1980   000F1F                     RXM1EIDL        equ	3871	;# 
  1981   000F20                     TXB2CON         equ	3872	;# 
  1982   000F21                     TXB2SIDH        equ	3873	;# 
  1983   000F22                     TXB2SIDL        equ	3874	;# 
  1984   000F23                     TXB2EIDH        equ	3875	;# 
  1985   000F24                     TXB2EIDL        equ	3876	;# 
  1986   000F25                     TXB2DLC         equ	3877	;# 
  1987   000F26                     TXB2D0          equ	3878	;# 
  1988   000F27                     TXB2D1          equ	3879	;# 
  1989   000F28                     TXB2D2          equ	3880	;# 
  1990   000F29                     TXB2D3          equ	3881	;# 
  1991   000F2A                     TXB2D4          equ	3882	;# 
  1992   000F2B                     TXB2D5          equ	3883	;# 
  1993   000F2C                     TXB2D6          equ	3884	;# 
  1994   000F2D                     TXB2D7          equ	3885	;# 
  1995   000F2E                     CANSTAT_RO3     equ	3886	;# 
  1996   000F2F                     CANCON_RO3      equ	3887	;# 
  1997   000F30                     TXB1CON         equ	3888	;# 
  1998   000F31                     TXB1SIDH        equ	3889	;# 
  1999   000F32                     TXB1SIDL        equ	3890	;# 
  2000   000F33                     TXB1EIDH        equ	3891	;# 
  2001   000F34                     TXB1EIDL        equ	3892	;# 
  2002   000F35                     TXB1DLC         equ	3893	;# 
  2003   000F36                     TXB1D0          equ	3894	;# 
  2004   000F37                     TXB1D1          equ	3895	;# 
  2005   000F38                     TXB1D2          equ	3896	;# 
  2006   000F39                     TXB1D3          equ	3897	;# 
  2007   000F3A                     TXB1D4          equ	3898	;# 
  2008   000F3B                     TXB1D5          equ	3899	;# 
  2009   000F3C                     TXB1D6          equ	3900	;# 
  2010   000F3D                     TXB1D7          equ	3901	;# 
  2011   000F3E                     CANSTAT_RO2     equ	3902	;# 
  2012   000F3F                     CANCON_RO2      equ	3903	;# 
  2013   000F40                     TXB0CON         equ	3904	;# 
  2014   000F41                     TXB0SIDH        equ	3905	;# 
  2015   000F42                     TXB0SIDL        equ	3906	;# 
  2016   000F43                     TXB0EIDH        equ	3907	;# 
  2017   000F44                     TXB0EIDL        equ	3908	;# 
  2018   000F45                     TXB0DLC         equ	3909	;# 
  2019   000F46                     TXB0D0          equ	3910	;# 
  2020   000F47                     TXB0D1          equ	3911	;# 
  2021   000F48                     TXB0D2          equ	3912	;# 
  2022   000F49                     TXB0D3          equ	3913	;# 
  2023   000F4A                     TXB0D4          equ	3914	;# 
  2024   000F4B                     TXB0D5          equ	3915	;# 
  2025   000F4C                     TXB0D6          equ	3916	;# 
  2026   000F4D                     TXB0D7          equ	3917	;# 
  2027   000F4E                     CANSTAT_RO1     equ	3918	;# 
  2028   000F4F                     CANCON_RO1      equ	3919	;# 
  2029   000F50                     RXB1CON         equ	3920	;# 
  2030   000F51                     RXB1SIDH        equ	3921	;# 
  2031   000F52                     RXB1SIDL        equ	3922	;# 
  2032   000F53                     RXB1EIDH        equ	3923	;# 
  2033   000F54                     RXB1EIDL        equ	3924	;# 
  2034   000F55                     RXB1DLC         equ	3925	;# 
  2035   000F56                     RXB1D0          equ	3926	;# 
  2036   000F57                     RXB1D1          equ	3927	;# 
  2037   000F58                     RXB1D2          equ	3928	;# 
  2038   000F59                     RXB1D3          equ	3929	;# 
  2039   000F5A                     RXB1D4          equ	3930	;# 
  2040   000F5B                     RXB1D5          equ	3931	;# 
  2041   000F5C                     RXB1D6          equ	3932	;# 
  2042   000F5D                     RXB1D7          equ	3933	;# 
  2043   000F5E                     CANSTAT_RO0     equ	3934	;# 
  2044   000F5F                     CANCON_RO0      equ	3935	;# 
  2045   000F60                     RXB0CON         equ	3936	;# 
  2046   000F61                     RXB0SIDH        equ	3937	;# 
  2047   000F62                     RXB0SIDL        equ	3938	;# 
  2048   000F63                     RXB0EIDH        equ	3939	;# 
  2049   000F64                     RXB0EIDL        equ	3940	;# 
  2050   000F65                     RXB0DLC         equ	3941	;# 
  2051   000F66                     RXB0D0          equ	3942	;# 
  2052   000F67                     RXB0D1          equ	3943	;# 
  2053   000F68                     RXB0D2          equ	3944	;# 
  2054   000F69                     RXB0D3          equ	3945	;# 
  2055   000F6A                     RXB0D4          equ	3946	;# 
  2056   000F6B                     RXB0D5          equ	3947	;# 
  2057   000F6C                     RXB0D6          equ	3948	;# 
  2058   000F6D                     RXB0D7          equ	3949	;# 
  2059   000F6E                     CANSTAT         equ	3950	;# 
  2060   000F6F                     CANCON          equ	3951	;# 
  2061   000F70                     BRGCON1         equ	3952	;# 
  2062   000F71                     BRGCON2         equ	3953	;# 
  2063   000F72                     BRGCON3         equ	3954	;# 
  2064   000F73                     CIOCON          equ	3955	;# 
  2065   000F74                     COMSTAT         equ	3956	;# 
  2066   000F75                     RXERRCNT        equ	3957	;# 
  2067   000F76                     TXERRCNT        equ	3958	;# 
  2068   000F77                     ECANCON         equ	3959	;# 
  2069   000F80                     PORTA           equ	3968	;# 
  2070   000F81                     PORTB           equ	3969	;# 
  2071   000F82                     PORTC           equ	3970	;# 
  2072   000F83                     PORTD           equ	3971	;# 
  2073   000F84                     PORTE           equ	3972	;# 
  2074   000F89                     LATA            equ	3977	;# 
  2075   000F8A                     LATB            equ	3978	;# 
  2076   000F8B                     LATC            equ	3979	;# 
  2077   000F8C                     LATD            equ	3980	;# 
  2078   000F8D                     LATE            equ	3981	;# 
  2079   000F92                     TRISA           equ	3986	;# 
  2080   000F92                     DDRA            equ	3986	;# 
  2081   000F93                     TRISB           equ	3987	;# 
  2082   000F93                     DDRB            equ	3987	;# 
  2083   000F94                     TRISC           equ	3988	;# 
  2084   000F94                     DDRC            equ	3988	;# 
  2085   000F95                     TRISD           equ	3989	;# 
  2086   000F95                     DDRD            equ	3989	;# 
  2087   000F96                     TRISE           equ	3990	;# 
  2088   000F96                     DDRE            equ	3990	;# 
  2089   000F9B                     OSCTUNE         equ	3995	;# 
  2090   000F9D                     PIE1            equ	3997	;# 
  2091   000F9E                     PIR1            equ	3998	;# 
  2092   000F9F                     IPR1            equ	3999	;# 
  2093   000FA0                     PIE2            equ	4000	;# 
  2094   000FA1                     PIR2            equ	4001	;# 
  2095   000FA2                     IPR2            equ	4002	;# 
  2096   000FA3                     PIE3            equ	4003	;# 
  2097   000FA4                     PIR3            equ	4004	;# 
  2098   000FA5                     IPR3            equ	4005	;# 
  2099   000FA6                     EECON1          equ	4006	;# 
  2100   000FA7                     EECON2          equ	4007	;# 
  2101   000FA8                     EEDATA          equ	4008	;# 
  2102   000FA9                     EEADR           equ	4009	;# 
  2103   000FAB                     RCSTA           equ	4011	;# 
  2104   000FAB                     RCSTA1          equ	4011	;# 
  2105   000FAC                     TXSTA           equ	4012	;# 
  2106   000FAC                     TXSTA1          equ	4012	;# 
  2107   000FAD                     TXREG           equ	4013	;# 
  2108   000FAD                     TXREG1          equ	4013	;# 
  2109   000FAE                     RCREG           equ	4014	;# 
  2110   000FAE                     RCREG1          equ	4014	;# 
  2111   000FAF                     SPBRG           equ	4015	;# 
  2112   000FAF                     SPBRG1          equ	4015	;# 
  2113   000FB0                     SPBRGH          equ	4016	;# 
  2114   000FB1                     T3CON           equ	4017	;# 
  2115   000FB2                     TMR3            equ	4018	;# 
  2116   000FB2                     TMR3L           equ	4018	;# 
  2117   000FB3                     TMR3H           equ	4019	;# 
  2118   000FB4                     CMCON           equ	4020	;# 
  2119   000FB5                     CVRCON          equ	4021	;# 
  2120   000FB6                     ECCP1AS         equ	4022	;# 
  2121   000FB7                     ECCP1DEL        equ	4023	;# 
  2122   000FB8                     BAUDCON         equ	4024	;# 
  2123   000FB8                     BAUDCTL         equ	4024	;# 
  2124   000FBA                     ECCP1CON        equ	4026	;# 
  2125   000FBB                     ECCPR1          equ	4027	;# 
  2126   000FBB                     ECCPR1L         equ	4027	;# 
  2127   000FBC                     ECCPR1H         equ	4028	;# 
  2128   000FBD                     CCP1CON         equ	4029	;# 
  2129   000FBE                     CCPR1           equ	4030	;# 
  2130   000FBE                     CCPR1L          equ	4030	;# 
  2131   000FBF                     CCPR1H          equ	4031	;# 
  2132   000FC0                     ADCON2          equ	4032	;# 
  2133   000FC1                     ADCON1          equ	4033	;# 
  2134   000FC2                     ADCON0          equ	4034	;# 
  2135   000FC3                     ADRES           equ	4035	;# 
  2136   000FC3                     ADRESL          equ	4035	;# 
  2137   000FC4                     ADRESH          equ	4036	;# 
  2138   000FC5                     SSPCON2         equ	4037	;# 
  2139   000FC6                     SSPCON1         equ	4038	;# 
  2140   000FC7                     SSPSTAT         equ	4039	;# 
  2141   000FC8                     SSPADD          equ	4040	;# 
  2142   000FC9                     SSPBUF          equ	4041	;# 
  2143   000FCA                     T2CON           equ	4042	;# 
  2144   000FCB                     PR2             equ	4043	;# 
  2145   000FCB                     MEMCON          equ	4043	;# 
  2146   000FCC                     TMR2            equ	4044	;# 
  2147   000FCD                     T1CON           equ	4045	;# 
  2148   000FCE                     TMR1            equ	4046	;# 
  2149   000FCE                     TMR1L           equ	4046	;# 
  2150   000FCF                     TMR1H           equ	4047	;# 
  2151   000FD0                     RCON            equ	4048	;# 
  2152   000FD1                     WDTCON          equ	4049	;# 
  2153   000FD2                     HLVDCON         equ	4050	;# 
  2154   000FD2                     LVDCON          equ	4050	;# 
  2155   000FD3                     OSCCON          equ	4051	;# 
  2156   000FD5                     T0CON           equ	4053	;# 
  2157   000FD6                     TMR0            equ	4054	;# 
  2158   000FD6                     TMR0L           equ	4054	;# 
  2159   000FD7                     TMR0H           equ	4055	;# 
  2160   000FD8                     STATUS          equ	4056	;# 
  2161   000FD9                     FSR2            equ	4057	;# 
  2162   000FD9                     FSR2L           equ	4057	;# 
  2163   000FDA                     FSR2H           equ	4058	;# 
  2164   000FDB                     PLUSW2          equ	4059	;# 
  2165   000FDC                     PREINC2         equ	4060	;# 
  2166   000FDD                     POSTDEC2        equ	4061	;# 
  2167   000FDE                     POSTINC2        equ	4062	;# 
  2168   000FDF                     INDF2           equ	4063	;# 
  2169   000FE0                     BSR             equ	4064	;# 
  2170   000FE1                     FSR1            equ	4065	;# 
  2171   000FE1                     FSR1L           equ	4065	;# 
  2172   000FE2                     FSR1H           equ	4066	;# 
  2173   000FE3                     PLUSW1          equ	4067	;# 
  2174   000FE4                     PREINC1         equ	4068	;# 
  2175   000FE5                     POSTDEC1        equ	4069	;# 
  2176   000FE6                     POSTINC1        equ	4070	;# 
  2177   000FE7                     INDF1           equ	4071	;# 
  2178   000FE8                     WREG            equ	4072	;# 
  2179   000FE9                     FSR0            equ	4073	;# 
  2180   000FE9                     FSR0L           equ	4073	;# 
  2181   000FEA                     FSR0H           equ	4074	;# 
  2182   000FEB                     PLUSW0          equ	4075	;# 
  2183   000FEC                     PREINC0         equ	4076	;# 
  2184   000FED                     POSTDEC0        equ	4077	;# 
  2185   000FEE                     POSTINC0        equ	4078	;# 
  2186   000FEF                     INDF0           equ	4079	;# 
  2187   000FF0                     INTCON3         equ	4080	;# 
  2188   000FF1                     INTCON2         equ	4081	;# 
  2189   000FF2                     INTCON          equ	4082	;# 
  2190   000FF3                     PROD            equ	4083	;# 
  2191   000FF3                     PRODL           equ	4083	;# 
  2192   000FF4                     PRODH           equ	4084	;# 
  2193   000FF5                     TABLAT          equ	4085	;# 
  2194   000FF6                     TBLPTR          equ	4086	;# 
  2195   000FF6                     TBLPTRL         equ	4086	;# 
  2196   000FF7                     TBLPTRH         equ	4087	;# 
  2197   000FF8                     TBLPTRU         equ	4088	;# 
  2198   000FF9                     PCLAT           equ	4089	;# 
  2199   000FF9                     PC              equ	4089	;# 
  2200   000FF9                     PCL             equ	4089	;# 
  2201   000FFA                     PCLATH          equ	4090	;# 
  2202   000FFB                     PCLATU          equ	4091	;# 
  2203   000FFC                     STKPTR          equ	4092	;# 
  2204   000FFD                     TOS             equ	4093	;# 
  2205   000FFD                     TOSL            equ	4093	;# 
  2206   000FFE                     TOSH            equ	4094	;# 
  2207   000FFF                     TOSU            equ	4095	;# 
  2208   000D60                     RXF6SIDH        equ	3424	;# 
  2209   000D61                     RXF6SIDL        equ	3425	;# 
  2210   000D62                     RXF6EIDH        equ	3426	;# 
  2211   000D63                     RXF6EIDL        equ	3427	;# 
  2212   000D64                     RXF7SIDH        equ	3428	;# 
  2213   000D65                     RXF7SIDL        equ	3429	;# 
  2214   000D66                     RXF7EIDH        equ	3430	;# 
  2215   000D67                     RXF7EIDL        equ	3431	;# 
  2216   000D68                     RXF8SIDH        equ	3432	;# 
  2217   000D69                     RXF8SIDL        equ	3433	;# 
  2218   000D6A                     RXF8EIDH        equ	3434	;# 
  2219   000D6B                     RXF8EIDL        equ	3435	;# 
  2220   000D70                     RXF9SIDH        equ	3440	;# 
  2221   000D71                     RXF9SIDL        equ	3441	;# 
  2222   000D72                     RXF9EIDH        equ	3442	;# 
  2223   000D73                     RXF9EIDL        equ	3443	;# 
  2224   000D74                     RXF10SIDH       equ	3444	;# 
  2225   000D75                     RXF10SIDL       equ	3445	;# 
  2226   000D76                     RXF10EIDH       equ	3446	;# 
  2227   000D77                     RXF10EIDL       equ	3447	;# 
  2228   000D78                     RXF11SIDH       equ	3448	;# 
  2229   000D79                     RXF11SIDL       equ	3449	;# 
  2230   000D7A                     RXF11EIDH       equ	3450	;# 
  2231   000D7B                     RXF11EIDL       equ	3451	;# 
  2232   000D80                     RXF12SIDH       equ	3456	;# 
  2233   000D81                     RXF12SIDL       equ	3457	;# 
  2234   000D82                     RXF12EIDH       equ	3458	;# 
  2235   000D83                     RXF12EIDL       equ	3459	;# 
  2236   000D84                     RXF13SIDH       equ	3460	;# 
  2237   000D85                     RXF13SIDL       equ	3461	;# 
  2238   000D86                     RXF13EIDH       equ	3462	;# 
  2239   000D87                     RXF13EIDL       equ	3463	;# 
  2240   000D88                     RXF14SIDH       equ	3464	;# 
  2241   000D89                     RXF14SIDL       equ	3465	;# 
  2242   000D8A                     RXF14EIDH       equ	3466	;# 
  2243   000D8B                     RXF14EIDL       equ	3467	;# 
  2244   000D90                     RXF15SIDH       equ	3472	;# 
  2245   000D91                     RXF15SIDL       equ	3473	;# 
  2246   000D92                     RXF15EIDH       equ	3474	;# 
  2247   000D93                     RXF15EIDL       equ	3475	;# 
  2248   000DD4                     RXFCON0         equ	3540	;# 
  2249   000DD5                     RXFCON1         equ	3541	;# 
  2250   000DD8                     SDFLC           equ	3544	;# 
  2251   000DE0                     RXFBCON0        equ	3552	;# 
  2252   000DE1                     RXFBCON1        equ	3553	;# 
  2253   000DE2                     RXFBCON2        equ	3554	;# 
  2254   000DE3                     RXFBCON3        equ	3555	;# 
  2255   000DE4                     RXFBCON4        equ	3556	;# 
  2256   000DE5                     RXFBCON5        equ	3557	;# 
  2257   000DE6                     RXFBCON6        equ	3558	;# 
  2258   000DE7                     RXFBCON7        equ	3559	;# 
  2259   000DF0                     MSEL0           equ	3568	;# 
  2260   000DF1                     MSEL1           equ	3569	;# 
  2261   000DF2                     MSEL2           equ	3570	;# 
  2262   000DF3                     MSEL3           equ	3571	;# 
  2263   000DF8                     BSEL0           equ	3576	;# 
  2264   000DFA                     BIE0            equ	3578	;# 
  2265   000DFC                     TXBIE           equ	3580	;# 
  2266   000E20                     B0CON           equ	3616	;# 
  2267   000E21                     B0SIDH          equ	3617	;# 
  2268   000E22                     B0SIDL          equ	3618	;# 
  2269   000E23                     B0EIDH          equ	3619	;# 
  2270   000E24                     B0EIDL          equ	3620	;# 
  2271   000E25                     B0DLC           equ	3621	;# 
  2272   000E26                     B0D0            equ	3622	;# 
  2273   000E27                     B0D1            equ	3623	;# 
  2274   000E28                     B0D2            equ	3624	;# 
  2275   000E29                     B0D3            equ	3625	;# 
  2276   000E2A                     B0D4            equ	3626	;# 
  2277   000E2B                     B0D5            equ	3627	;# 
  2278   000E2C                     B0D6            equ	3628	;# 
  2279   000E2D                     B0D7            equ	3629	;# 
  2280   000E2E                     CANSTAT_RO9     equ	3630	;# 
  2281   000E2F                     CANCON_RO9      equ	3631	;# 
  2282   000E30                     B1CON           equ	3632	;# 
  2283   000E31                     B1SIDH          equ	3633	;# 
  2284   000E32                     B1SIDL          equ	3634	;# 
  2285   000E33                     B1EIDH          equ	3635	;# 
  2286   000E34                     B1EIDL          equ	3636	;# 
  2287   000E35                     B1DLC           equ	3637	;# 
  2288   000E36                     B1D0            equ	3638	;# 
  2289   000E37                     B1D1            equ	3639	;# 
  2290   000E38                     B1D2            equ	3640	;# 
  2291   000E39                     B1D3            equ	3641	;# 
  2292   000E3A                     B1D4            equ	3642	;# 
  2293   000E3B                     B1D5            equ	3643	;# 
  2294   000E3C                     B1D6            equ	3644	;# 
  2295   000E3D                     B1D7            equ	3645	;# 
  2296   000E3E                     CANSTAT_RO8     equ	3646	;# 
  2297   000E3F                     CANCON_RO8      equ	3647	;# 
  2298   000E40                     B2CON           equ	3648	;# 
  2299   000E41                     B2SIDH          equ	3649	;# 
  2300   000E42                     B2SIDL          equ	3650	;# 
  2301   000E43                     B2EIDH          equ	3651	;# 
  2302   000E44                     B2EIDL          equ	3652	;# 
  2303   000E45                     B2DLC           equ	3653	;# 
  2304   000E46                     B2D0            equ	3654	;# 
  2305   000E47                     B2D1            equ	3655	;# 
  2306   000E48                     B2D2            equ	3656	;# 
  2307   000E49                     B2D3            equ	3657	;# 
  2308   000E4A                     B2D4            equ	3658	;# 
  2309   000E4B                     B2D5            equ	3659	;# 
  2310   000E4C                     B2D6            equ	3660	;# 
  2311   000E4D                     B2D7            equ	3661	;# 
  2312   000E4E                     CANSTAT_RO7     equ	3662	;# 
  2313   000E4F                     CANCON_RO7      equ	3663	;# 
  2314   000E50                     B3CON           equ	3664	;# 
  2315   000E51                     B3SIDH          equ	3665	;# 
  2316   000E52                     B3SIDL          equ	3666	;# 
  2317   000E53                     B3EIDH          equ	3667	;# 
  2318   000E54                     B3EIDL          equ	3668	;# 
  2319   000E55                     B3DLC           equ	3669	;# 
  2320   000E56                     B3D0            equ	3670	;# 
  2321   000E57                     B3D1            equ	3671	;# 
  2322   000E58                     B3D2            equ	3672	;# 
  2323   000E59                     B3D3            equ	3673	;# 
  2324   000E5A                     B3D4            equ	3674	;# 
  2325   000E5B                     B3D5            equ	3675	;# 
  2326   000E5C                     B3D6            equ	3676	;# 
  2327   000E5D                     B3D7            equ	3677	;# 
  2328   000E5E                     CANSTAT_RO6     equ	3678	;# 
  2329   000E5F                     CANCON_RO6      equ	3679	;# 
  2330   000E60                     B4CON           equ	3680	;# 
  2331   000E61                     B4SIDH          equ	3681	;# 
  2332   000E62                     B4SIDL          equ	3682	;# 
  2333   000E63                     B4EIDH          equ	3683	;# 
  2334   000E64                     B4EIDL          equ	3684	;# 
  2335   000E65                     B4DLC           equ	3685	;# 
  2336   000E66                     B4D0            equ	3686	;# 
  2337   000E67                     B4D1            equ	3687	;# 
  2338   000E68                     B4D2            equ	3688	;# 
  2339   000E69                     B4D3            equ	3689	;# 
  2340   000E6A                     B4D4            equ	3690	;# 
  2341   000E6B                     B4D5            equ	3691	;# 
  2342   000E6C                     B4D6            equ	3692	;# 
  2343   000E6D                     B4D7            equ	3693	;# 
  2344   000E6E                     CANSTAT_RO5     equ	3694	;# 
  2345   000E6F                     CANCON_RO5      equ	3695	;# 
  2346   000E70                     B5CON           equ	3696	;# 
  2347   000E71                     B5SIDH          equ	3697	;# 
  2348   000E72                     B5SIDL          equ	3698	;# 
  2349   000E73                     B5EIDH          equ	3699	;# 
  2350   000E74                     B5EIDL          equ	3700	;# 
  2351   000E75                     B5DLC           equ	3701	;# 
  2352   000E76                     B5D0            equ	3702	;# 
  2353   000E77                     B5D1            equ	3703	;# 
  2354   000E78                     B5D2            equ	3704	;# 
  2355   000E79                     B5D3            equ	3705	;# 
  2356   000E7A                     B5D4            equ	3706	;# 
  2357   000E7B                     B5D5            equ	3707	;# 
  2358   000E7C                     B5D6            equ	3708	;# 
  2359   000E7D                     B5D7            equ	3709	;# 
  2360   000E7E                     CANSTAT_RO4     equ	3710	;# 
  2361   000E7F                     CANCON_RO4      equ	3711	;# 
  2362   000F00                     RXF0SIDH        equ	3840	;# 
  2363   000F01                     RXF0SIDL        equ	3841	;# 
  2364   000F02                     RXF0EIDH        equ	3842	;# 
  2365   000F03                     RXF0EIDL        equ	3843	;# 
  2366   000F04                     RXF1SIDH        equ	3844	;# 
  2367   000F05                     RXF1SIDL        equ	3845	;# 
  2368   000F06                     RXF1EIDH        equ	3846	;# 
  2369   000F07                     RXF1EIDL        equ	3847	;# 
  2370   000F08                     RXF2SIDH        equ	3848	;# 
  2371   000F09                     RXF2SIDL        equ	3849	;# 
  2372   000F0A                     RXF2EIDH        equ	3850	;# 
  2373   000F0B                     RXF2EIDL        equ	3851	;# 
  2374   000F0C                     RXF3SIDH        equ	3852	;# 
  2375   000F0D                     RXF3SIDL        equ	3853	;# 
  2376   000F0E                     RXF3EIDH        equ	3854	;# 
  2377   000F0F                     RXF3EIDL        equ	3855	;# 
  2378   000F10                     RXF4SIDH        equ	3856	;# 
  2379   000F11                     RXF4SIDL        equ	3857	;# 
  2380   000F12                     RXF4EIDH        equ	3858	;# 
  2381   000F13                     RXF4EIDL        equ	3859	;# 
  2382   000F14                     RXF5SIDH        equ	3860	;# 
  2383   000F15                     RXF5SIDL        equ	3861	;# 
  2384   000F16                     RXF5EIDH        equ	3862	;# 
  2385   000F17                     RXF5EIDL        equ	3863	;# 
  2386   000F18                     RXM0SIDH        equ	3864	;# 
  2387   000F19                     RXM0SIDL        equ	3865	;# 
  2388   000F1A                     RXM0EIDH        equ	3866	;# 
  2389   000F1B                     RXM0EIDL        equ	3867	;# 
  2390   000F1C                     RXM1SIDH        equ	3868	;# 
  2391   000F1D                     RXM1SIDL        equ	3869	;# 
  2392   000F1E                     RXM1EIDH        equ	3870	;# 
  2393   000F1F                     RXM1EIDL        equ	3871	;# 
  2394   000F20                     TXB2CON         equ	3872	;# 
  2395   000F21                     TXB2SIDH        equ	3873	;# 
  2396   000F22                     TXB2SIDL        equ	3874	;# 
  2397   000F23                     TXB2EIDH        equ	3875	;# 
  2398   000F24                     TXB2EIDL        equ	3876	;# 
  2399   000F25                     TXB2DLC         equ	3877	;# 
  2400   000F26                     TXB2D0          equ	3878	;# 
  2401   000F27                     TXB2D1          equ	3879	;# 
  2402   000F28                     TXB2D2          equ	3880	;# 
  2403   000F29                     TXB2D3          equ	3881	;# 
  2404   000F2A                     TXB2D4          equ	3882	;# 
  2405   000F2B                     TXB2D5          equ	3883	;# 
  2406   000F2C                     TXB2D6          equ	3884	;# 
  2407   000F2D                     TXB2D7          equ	3885	;# 
  2408   000F2E                     CANSTAT_RO3     equ	3886	;# 
  2409   000F2F                     CANCON_RO3      equ	3887	;# 
  2410   000F30                     TXB1CON         equ	3888	;# 
  2411   000F31                     TXB1SIDH        equ	3889	;# 
  2412   000F32                     TXB1SIDL        equ	3890	;# 
  2413   000F33                     TXB1EIDH        equ	3891	;# 
  2414   000F34                     TXB1EIDL        equ	3892	;# 
  2415   000F35                     TXB1DLC         equ	3893	;# 
  2416   000F36                     TXB1D0          equ	3894	;# 
  2417   000F37                     TXB1D1          equ	3895	;# 
  2418   000F38                     TXB1D2          equ	3896	;# 
  2419   000F39                     TXB1D3          equ	3897	;# 
  2420   000F3A                     TXB1D4          equ	3898	;# 
  2421   000F3B                     TXB1D5          equ	3899	;# 
  2422   000F3C                     TXB1D6          equ	3900	;# 
  2423   000F3D                     TXB1D7          equ	3901	;# 
  2424   000F3E                     CANSTAT_RO2     equ	3902	;# 
  2425   000F3F                     CANCON_RO2      equ	3903	;# 
  2426   000F40                     TXB0CON         equ	3904	;# 
  2427   000F41                     TXB0SIDH        equ	3905	;# 
  2428   000F42                     TXB0SIDL        equ	3906	;# 
  2429   000F43                     TXB0EIDH        equ	3907	;# 
  2430   000F44                     TXB0EIDL        equ	3908	;# 
  2431   000F45                     TXB0DLC         equ	3909	;# 
  2432   000F46                     TXB0D0          equ	3910	;# 
  2433   000F47                     TXB0D1          equ	3911	;# 
  2434   000F48                     TXB0D2          equ	3912	;# 
  2435   000F49                     TXB0D3          equ	3913	;# 
  2436   000F4A                     TXB0D4          equ	3914	;# 
  2437   000F4B                     TXB0D5          equ	3915	;# 
  2438   000F4C                     TXB0D6          equ	3916	;# 
  2439   000F4D                     TXB0D7          equ	3917	;# 
  2440   000F4E                     CANSTAT_RO1     equ	3918	;# 
  2441   000F4F                     CANCON_RO1      equ	3919	;# 
  2442   000F50                     RXB1CON         equ	3920	;# 
  2443   000F51                     RXB1SIDH        equ	3921	;# 
  2444   000F52                     RXB1SIDL        equ	3922	;# 
  2445   000F53                     RXB1EIDH        equ	3923	;# 
  2446   000F54                     RXB1EIDL        equ	3924	;# 
  2447   000F55                     RXB1DLC         equ	3925	;# 
  2448   000F56                     RXB1D0          equ	3926	;# 
  2449   000F57                     RXB1D1          equ	3927	;# 
  2450   000F58                     RXB1D2          equ	3928	;# 
  2451   000F59                     RXB1D3          equ	3929	;# 
  2452   000F5A                     RXB1D4          equ	3930	;# 
  2453   000F5B                     RXB1D5          equ	3931	;# 
  2454   000F5C                     RXB1D6          equ	3932	;# 
  2455   000F5D                     RXB1D7          equ	3933	;# 
  2456   000F5E                     CANSTAT_RO0     equ	3934	;# 
  2457   000F5F                     CANCON_RO0      equ	3935	;# 
  2458   000F60                     RXB0CON         equ	3936	;# 
  2459   000F61                     RXB0SIDH        equ	3937	;# 
  2460   000F62                     RXB0SIDL        equ	3938	;# 
  2461   000F63                     RXB0EIDH        equ	3939	;# 
  2462   000F64                     RXB0EIDL        equ	3940	;# 
  2463   000F65                     RXB0DLC         equ	3941	;# 
  2464   000F66                     RXB0D0          equ	3942	;# 
  2465   000F67                     RXB0D1          equ	3943	;# 
  2466   000F68                     RXB0D2          equ	3944	;# 
  2467   000F69                     RXB0D3          equ	3945	;# 
  2468   000F6A                     RXB0D4          equ	3946	;# 
  2469   000F6B                     RXB0D5          equ	3947	;# 
  2470   000F6C                     RXB0D6          equ	3948	;# 
  2471   000F6D                     RXB0D7          equ	3949	;# 
  2472   000F6E                     CANSTAT         equ	3950	;# 
  2473   000F6F                     CANCON          equ	3951	;# 
  2474   000F70                     BRGCON1         equ	3952	;# 
  2475   000F71                     BRGCON2         equ	3953	;# 
  2476   000F72                     BRGCON3         equ	3954	;# 
  2477   000F73                     CIOCON          equ	3955	;# 
  2478   000F74                     COMSTAT         equ	3956	;# 
  2479   000F75                     RXERRCNT        equ	3957	;# 
  2480   000F76                     TXERRCNT        equ	3958	;# 
  2481   000F77                     ECANCON         equ	3959	;# 
  2482   000F80                     PORTA           equ	3968	;# 
  2483   000F81                     PORTB           equ	3969	;# 
  2484   000F82                     PORTC           equ	3970	;# 
  2485   000F83                     PORTD           equ	3971	;# 
  2486   000F84                     PORTE           equ	3972	;# 
  2487   000F89                     LATA            equ	3977	;# 
  2488   000F8A                     LATB            equ	3978	;# 
  2489   000F8B                     LATC            equ	3979	;# 
  2490   000F8C                     LATD            equ	3980	;# 
  2491   000F8D                     LATE            equ	3981	;# 
  2492   000F92                     TRISA           equ	3986	;# 
  2493   000F92                     DDRA            equ	3986	;# 
  2494   000F93                     TRISB           equ	3987	;# 
  2495   000F93                     DDRB            equ	3987	;# 
  2496   000F94                     TRISC           equ	3988	;# 
  2497   000F94                     DDRC            equ	3988	;# 
  2498   000F95                     TRISD           equ	3989	;# 
  2499   000F95                     DDRD            equ	3989	;# 
  2500   000F96                     TRISE           equ	3990	;# 
  2501   000F96                     DDRE            equ	3990	;# 
  2502   000F9B                     OSCTUNE         equ	3995	;# 
  2503   000F9D                     PIE1            equ	3997	;# 
  2504   000F9E                     PIR1            equ	3998	;# 
  2505   000F9F                     IPR1            equ	3999	;# 
  2506   000FA0                     PIE2            equ	4000	;# 
  2507   000FA1                     PIR2            equ	4001	;# 
  2508   000FA2                     IPR2            equ	4002	;# 
  2509   000FA3                     PIE3            equ	4003	;# 
  2510   000FA4                     PIR3            equ	4004	;# 
  2511   000FA5                     IPR3            equ	4005	;# 
  2512   000FA6                     EECON1          equ	4006	;# 
  2513   000FA7                     EECON2          equ	4007	;# 
  2514   000FA8                     EEDATA          equ	4008	;# 
  2515   000FA9                     EEADR           equ	4009	;# 
  2516   000FAB                     RCSTA           equ	4011	;# 
  2517   000FAB                     RCSTA1          equ	4011	;# 
  2518   000FAC                     TXSTA           equ	4012	;# 
  2519   000FAC                     TXSTA1          equ	4012	;# 
  2520   000FAD                     TXREG           equ	4013	;# 
  2521   000FAD                     TXREG1          equ	4013	;# 
  2522   000FAE                     RCREG           equ	4014	;# 
  2523   000FAE                     RCREG1          equ	4014	;# 
  2524   000FAF                     SPBRG           equ	4015	;# 
  2525   000FAF                     SPBRG1          equ	4015	;# 
  2526   000FB0                     SPBRGH          equ	4016	;# 
  2527   000FB1                     T3CON           equ	4017	;# 
  2528   000FB2                     TMR3            equ	4018	;# 
  2529   000FB2                     TMR3L           equ	4018	;# 
  2530   000FB3                     TMR3H           equ	4019	;# 
  2531   000FB4                     CMCON           equ	4020	;# 
  2532   000FB5                     CVRCON          equ	4021	;# 
  2533   000FB6                     ECCP1AS         equ	4022	;# 
  2534   000FB7                     ECCP1DEL        equ	4023	;# 
  2535   000FB8                     BAUDCON         equ	4024	;# 
  2536   000FB8                     BAUDCTL         equ	4024	;# 
  2537   000FBA                     ECCP1CON        equ	4026	;# 
  2538   000FBB                     ECCPR1          equ	4027	;# 
  2539   000FBB                     ECCPR1L         equ	4027	;# 
  2540   000FBC                     ECCPR1H         equ	4028	;# 
  2541   000FBD                     CCP1CON         equ	4029	;# 
  2542   000FBE                     CCPR1           equ	4030	;# 
  2543   000FBE                     CCPR1L          equ	4030	;# 
  2544   000FBF                     CCPR1H          equ	4031	;# 
  2545   000FC0                     ADCON2          equ	4032	;# 
  2546   000FC1                     ADCON1          equ	4033	;# 
  2547   000FC2                     ADCON0          equ	4034	;# 
  2548   000FC3                     ADRES           equ	4035	;# 
  2549   000FC3                     ADRESL          equ	4035	;# 
  2550   000FC4                     ADRESH          equ	4036	;# 
  2551   000FC5                     SSPCON2         equ	4037	;# 
  2552   000FC6                     SSPCON1         equ	4038	;# 
  2553   000FC7                     SSPSTAT         equ	4039	;# 
  2554   000FC8                     SSPADD          equ	4040	;# 
  2555   000FC9                     SSPBUF          equ	4041	;# 
  2556   000FCA                     T2CON           equ	4042	;# 
  2557   000FCB                     PR2             equ	4043	;# 
  2558   000FCB                     MEMCON          equ	4043	;# 
  2559   000FCC                     TMR2            equ	4044	;# 
  2560   000FCD                     T1CON           equ	4045	;# 
  2561   000FCE                     TMR1            equ	4046	;# 
  2562   000FCE                     TMR1L           equ	4046	;# 
  2563   000FCF                     TMR1H           equ	4047	;# 
  2564   000FD0                     RCON            equ	4048	;# 
  2565   000FD1                     WDTCON          equ	4049	;# 
  2566   000FD2                     HLVDCON         equ	4050	;# 
  2567   000FD2                     LVDCON          equ	4050	;# 
  2568   000FD3                     OSCCON          equ	4051	;# 
  2569   000FD5                     T0CON           equ	4053	;# 
  2570   000FD6                     TMR0            equ	4054	;# 
  2571   000FD6                     TMR0L           equ	4054	;# 
  2572   000FD7                     TMR0H           equ	4055	;# 
  2573   000FD8                     STATUS          equ	4056	;# 
  2574   000FD9                     FSR2            equ	4057	;# 
  2575   000FD9                     FSR2L           equ	4057	;# 
  2576   000FDA                     FSR2H           equ	4058	;# 
  2577   000FDB                     PLUSW2          equ	4059	;# 
  2578   000FDC                     PREINC2         equ	4060	;# 
  2579   000FDD                     POSTDEC2        equ	4061	;# 
  2580   000FDE                     POSTINC2        equ	4062	;# 
  2581   000FDF                     INDF2           equ	4063	;# 
  2582   000FE0                     BSR             equ	4064	;# 
  2583   000FE1                     FSR1            equ	4065	;# 
  2584   000FE1                     FSR1L           equ	4065	;# 
  2585   000FE2                     FSR1H           equ	4066	;# 
  2586   000FE3                     PLUSW1          equ	4067	;# 
  2587   000FE4                     PREINC1         equ	4068	;# 
  2588   000FE5                     POSTDEC1        equ	4069	;# 
  2589   000FE6                     POSTINC1        equ	4070	;# 
  2590   000FE7                     INDF1           equ	4071	;# 
  2591   000FE8                     WREG            equ	4072	;# 
  2592   000FE9                     FSR0            equ	4073	;# 
  2593   000FE9                     FSR0L           equ	4073	;# 
  2594   000FEA                     FSR0H           equ	4074	;# 
  2595   000FEB                     PLUSW0          equ	4075	;# 
  2596   000FEC                     PREINC0         equ	4076	;# 
  2597   000FED                     POSTDEC0        equ	4077	;# 
  2598   000FEE                     POSTINC0        equ	4078	;# 
  2599   000FEF                     INDF0           equ	4079	;# 
  2600   000FF0                     INTCON3         equ	4080	;# 
  2601   000FF1                     INTCON2         equ	4081	;# 
  2602   000FF2                     INTCON          equ	4082	;# 
  2603   000FF3                     PROD            equ	4083	;# 
  2604   000FF3                     PRODL           equ	4083	;# 
  2605   000FF4                     PRODH           equ	4084	;# 
  2606   000FF5                     TABLAT          equ	4085	;# 
  2607   000FF6                     TBLPTR          equ	4086	;# 
  2608   000FF6                     TBLPTRL         equ	4086	;# 
  2609   000FF7                     TBLPTRH         equ	4087	;# 
  2610   000FF8                     TBLPTRU         equ	4088	;# 
  2611   000FF9                     PCLAT           equ	4089	;# 
  2612   000FF9                     PC              equ	4089	;# 
  2613   000FF9                     PCL             equ	4089	;# 
  2614   000FFA                     PCLATH          equ	4090	;# 
  2615   000FFB                     PCLATU          equ	4091	;# 
  2616   000FFC                     STKPTR          equ	4092	;# 
  2617   000FFD                     TOS             equ	4093	;# 
  2618   000FFD                     TOSL            equ	4093	;# 
  2619   000FFE                     TOSH            equ	4094	;# 
  2620   000FFF                     TOSU            equ	4095	;# 
  2621   000D60                     RXF6SIDH        equ	3424	;# 
  2622   000D61                     RXF6SIDL        equ	3425	;# 
  2623   000D62                     RXF6EIDH        equ	3426	;# 
  2624   000D63                     RXF6EIDL        equ	3427	;# 
  2625   000D64                     RXF7SIDH        equ	3428	;# 
  2626   000D65                     RXF7SIDL        equ	3429	;# 
  2627   000D66                     RXF7EIDH        equ	3430	;# 
  2628   000D67                     RXF7EIDL        equ	3431	;# 
  2629   000D68                     RXF8SIDH        equ	3432	;# 
  2630   000D69                     RXF8SIDL        equ	3433	;# 
  2631   000D6A                     RXF8EIDH        equ	3434	;# 
  2632   000D6B                     RXF8EIDL        equ	3435	;# 
  2633   000D70                     RXF9SIDH        equ	3440	;# 
  2634   000D71                     RXF9SIDL        equ	3441	;# 
  2635   000D72                     RXF9EIDH        equ	3442	;# 
  2636   000D73                     RXF9EIDL        equ	3443	;# 
  2637   000D74                     RXF10SIDH       equ	3444	;# 
  2638   000D75                     RXF10SIDL       equ	3445	;# 
  2639   000D76                     RXF10EIDH       equ	3446	;# 
  2640   000D77                     RXF10EIDL       equ	3447	;# 
  2641   000D78                     RXF11SIDH       equ	3448	;# 
  2642   000D79                     RXF11SIDL       equ	3449	;# 
  2643   000D7A                     RXF11EIDH       equ	3450	;# 
  2644   000D7B                     RXF11EIDL       equ	3451	;# 
  2645   000D80                     RXF12SIDH       equ	3456	;# 
  2646   000D81                     RXF12SIDL       equ	3457	;# 
  2647   000D82                     RXF12EIDH       equ	3458	;# 
  2648   000D83                     RXF12EIDL       equ	3459	;# 
  2649   000D84                     RXF13SIDH       equ	3460	;# 
  2650   000D85                     RXF13SIDL       equ	3461	;# 
  2651   000D86                     RXF13EIDH       equ	3462	;# 
  2652   000D87                     RXF13EIDL       equ	3463	;# 
  2653   000D88                     RXF14SIDH       equ	3464	;# 
  2654   000D89                     RXF14SIDL       equ	3465	;# 
  2655   000D8A                     RXF14EIDH       equ	3466	;# 
  2656   000D8B                     RXF14EIDL       equ	3467	;# 
  2657   000D90                     RXF15SIDH       equ	3472	;# 
  2658   000D91                     RXF15SIDL       equ	3473	;# 
  2659   000D92                     RXF15EIDH       equ	3474	;# 
  2660   000D93                     RXF15EIDL       equ	3475	;# 
  2661   000DD4                     RXFCON0         equ	3540	;# 
  2662   000DD5                     RXFCON1         equ	3541	;# 
  2663   000DD8                     SDFLC           equ	3544	;# 
  2664   000DE0                     RXFBCON0        equ	3552	;# 
  2665   000DE1                     RXFBCON1        equ	3553	;# 
  2666   000DE2                     RXFBCON2        equ	3554	;# 
  2667   000DE3                     RXFBCON3        equ	3555	;# 
  2668   000DE4                     RXFBCON4        equ	3556	;# 
  2669   000DE5                     RXFBCON5        equ	3557	;# 
  2670   000DE6                     RXFBCON6        equ	3558	;# 
  2671   000DE7                     RXFBCON7        equ	3559	;# 
  2672   000DF0                     MSEL0           equ	3568	;# 
  2673   000DF1                     MSEL1           equ	3569	;# 
  2674   000DF2                     MSEL2           equ	3570	;# 
  2675   000DF3                     MSEL3           equ	3571	;# 
  2676   000DF8                     BSEL0           equ	3576	;# 
  2677   000DFA                     BIE0            equ	3578	;# 
  2678   000DFC                     TXBIE           equ	3580	;# 
  2679   000E20                     B0CON           equ	3616	;# 
  2680   000E21                     B0SIDH          equ	3617	;# 
  2681   000E22                     B0SIDL          equ	3618	;# 
  2682   000E23                     B0EIDH          equ	3619	;# 
  2683   000E24                     B0EIDL          equ	3620	;# 
  2684   000E25                     B0DLC           equ	3621	;# 
  2685   000E26                     B0D0            equ	3622	;# 
  2686   000E27                     B0D1            equ	3623	;# 
  2687   000E28                     B0D2            equ	3624	;# 
  2688   000E29                     B0D3            equ	3625	;# 
  2689   000E2A                     B0D4            equ	3626	;# 
  2690   000E2B                     B0D5            equ	3627	;# 
  2691   000E2C                     B0D6            equ	3628	;# 
  2692   000E2D                     B0D7            equ	3629	;# 
  2693   000E2E                     CANSTAT_RO9     equ	3630	;# 
  2694   000E2F                     CANCON_RO9      equ	3631	;# 
  2695   000E30                     B1CON           equ	3632	;# 
  2696   000E31                     B1SIDH          equ	3633	;# 
  2697   000E32                     B1SIDL          equ	3634	;# 
  2698   000E33                     B1EIDH          equ	3635	;# 
  2699   000E34                     B1EIDL          equ	3636	;# 
  2700   000E35                     B1DLC           equ	3637	;# 
  2701   000E36                     B1D0            equ	3638	;# 
  2702   000E37                     B1D1            equ	3639	;# 
  2703   000E38                     B1D2            equ	3640	;# 
  2704   000E39                     B1D3            equ	3641	;# 
  2705   000E3A                     B1D4            equ	3642	;# 
  2706   000E3B                     B1D5            equ	3643	;# 
  2707   000E3C                     B1D6            equ	3644	;# 
  2708   000E3D                     B1D7            equ	3645	;# 
  2709   000E3E                     CANSTAT_RO8     equ	3646	;# 
  2710   000E3F                     CANCON_RO8      equ	3647	;# 
  2711   000E40                     B2CON           equ	3648	;# 
  2712   000E41                     B2SIDH          equ	3649	;# 
  2713   000E42                     B2SIDL          equ	3650	;# 
  2714   000E43                     B2EIDH          equ	3651	;# 
  2715   000E44                     B2EIDL          equ	3652	;# 
  2716   000E45                     B2DLC           equ	3653	;# 
  2717   000E46                     B2D0            equ	3654	;# 
  2718   000E47                     B2D1            equ	3655	;# 
  2719   000E48                     B2D2            equ	3656	;# 
  2720   000E49                     B2D3            equ	3657	;# 
  2721   000E4A                     B2D4            equ	3658	;# 
  2722   000E4B                     B2D5            equ	3659	;# 
  2723   000E4C                     B2D6            equ	3660	;# 
  2724   000E4D                     B2D7            equ	3661	;# 
  2725   000E4E                     CANSTAT_RO7     equ	3662	;# 
  2726   000E4F                     CANCON_RO7      equ	3663	;# 
  2727   000E50                     B3CON           equ	3664	;# 
  2728   000E51                     B3SIDH          equ	3665	;# 
  2729   000E52                     B3SIDL          equ	3666	;# 
  2730   000E53                     B3EIDH          equ	3667	;# 
  2731   000E54                     B3EIDL          equ	3668	;# 
  2732   000E55                     B3DLC           equ	3669	;# 
  2733   000E56                     B3D0            equ	3670	;# 
  2734   000E57                     B3D1            equ	3671	;# 
  2735   000E58                     B3D2            equ	3672	;# 
  2736   000E59                     B3D3            equ	3673	;# 
  2737   000E5A                     B3D4            equ	3674	;# 
  2738   000E5B                     B3D5            equ	3675	;# 
  2739   000E5C                     B3D6            equ	3676	;# 
  2740   000E5D                     B3D7            equ	3677	;# 
  2741   000E5E                     CANSTAT_RO6     equ	3678	;# 
  2742   000E5F                     CANCON_RO6      equ	3679	;# 
  2743   000E60                     B4CON           equ	3680	;# 
  2744   000E61                     B4SIDH          equ	3681	;# 
  2745   000E62                     B4SIDL          equ	3682	;# 
  2746   000E63                     B4EIDH          equ	3683	;# 
  2747   000E64                     B4EIDL          equ	3684	;# 
  2748   000E65                     B4DLC           equ	3685	;# 
  2749   000E66                     B4D0            equ	3686	;# 
  2750   000E67                     B4D1            equ	3687	;# 
  2751   000E68                     B4D2            equ	3688	;# 
  2752   000E69                     B4D3            equ	3689	;# 
  2753   000E6A                     B4D4            equ	3690	;# 
  2754   000E6B                     B4D5            equ	3691	;# 
  2755   000E6C                     B4D6            equ	3692	;# 
  2756   000E6D                     B4D7            equ	3693	;# 
  2757   000E6E                     CANSTAT_RO5     equ	3694	;# 
  2758   000E6F                     CANCON_RO5      equ	3695	;# 
  2759   000E70                     B5CON           equ	3696	;# 
  2760   000E71                     B5SIDH          equ	3697	;# 
  2761   000E72                     B5SIDL          equ	3698	;# 
  2762   000E73                     B5EIDH          equ	3699	;# 
  2763   000E74                     B5EIDL          equ	3700	;# 
  2764   000E75                     B5DLC           equ	3701	;# 
  2765   000E76                     B5D0            equ	3702	;# 
  2766   000E77                     B5D1            equ	3703	;# 
  2767   000E78                     B5D2            equ	3704	;# 
  2768   000E79                     B5D3            equ	3705	;# 
  2769   000E7A                     B5D4            equ	3706	;# 
  2770   000E7B                     B5D5            equ	3707	;# 
  2771   000E7C                     B5D6            equ	3708	;# 
  2772   000E7D                     B5D7            equ	3709	;# 
  2773   000E7E                     CANSTAT_RO4     equ	3710	;# 
  2774   000E7F                     CANCON_RO4      equ	3711	;# 
  2775   000F00                     RXF0SIDH        equ	3840	;# 
  2776   000F01                     RXF0SIDL        equ	3841	;# 
  2777   000F02                     RXF0EIDH        equ	3842	;# 
  2778   000F03                     RXF0EIDL        equ	3843	;# 
  2779   000F04                     RXF1SIDH        equ	3844	;# 
  2780   000F05                     RXF1SIDL        equ	3845	;# 
  2781   000F06                     RXF1EIDH        equ	3846	;# 
  2782   000F07                     RXF1EIDL        equ	3847	;# 
  2783   000F08                     RXF2SIDH        equ	3848	;# 
  2784   000F09                     RXF2SIDL        equ	3849	;# 
  2785   000F0A                     RXF2EIDH        equ	3850	;# 
  2786   000F0B                     RXF2EIDL        equ	3851	;# 
  2787   000F0C                     RXF3SIDH        equ	3852	;# 
  2788   000F0D                     RXF3SIDL        equ	3853	;# 
  2789   000F0E                     RXF3EIDH        equ	3854	;# 
  2790   000F0F                     RXF3EIDL        equ	3855	;# 
  2791   000F10                     RXF4SIDH        equ	3856	;# 
  2792   000F11                     RXF4SIDL        equ	3857	;# 
  2793   000F12                     RXF4EIDH        equ	3858	;# 
  2794   000F13                     RXF4EIDL        equ	3859	;# 
  2795   000F14                     RXF5SIDH        equ	3860	;# 
  2796   000F15                     RXF5SIDL        equ	3861	;# 
  2797   000F16                     RXF5EIDH        equ	3862	;# 
  2798   000F17                     RXF5EIDL        equ	3863	;# 
  2799   000F18                     RXM0SIDH        equ	3864	;# 
  2800   000F19                     RXM0SIDL        equ	3865	;# 
  2801   000F1A                     RXM0EIDH        equ	3866	;# 
  2802   000F1B                     RXM0EIDL        equ	3867	;# 
  2803   000F1C                     RXM1SIDH        equ	3868	;# 
  2804   000F1D                     RXM1SIDL        equ	3869	;# 
  2805   000F1E                     RXM1EIDH        equ	3870	;# 
  2806   000F1F                     RXM1EIDL        equ	3871	;# 
  2807   000F20                     TXB2CON         equ	3872	;# 
  2808   000F21                     TXB2SIDH        equ	3873	;# 
  2809   000F22                     TXB2SIDL        equ	3874	;# 
  2810   000F23                     TXB2EIDH        equ	3875	;# 
  2811   000F24                     TXB2EIDL        equ	3876	;# 
  2812   000F25                     TXB2DLC         equ	3877	;# 
  2813   000F26                     TXB2D0          equ	3878	;# 
  2814   000F27                     TXB2D1          equ	3879	;# 
  2815   000F28                     TXB2D2          equ	3880	;# 
  2816   000F29                     TXB2D3          equ	3881	;# 
  2817   000F2A                     TXB2D4          equ	3882	;# 
  2818   000F2B                     TXB2D5          equ	3883	;# 
  2819   000F2C                     TXB2D6          equ	3884	;# 
  2820   000F2D                     TXB2D7          equ	3885	;# 
  2821   000F2E                     CANSTAT_RO3     equ	3886	;# 
  2822   000F2F                     CANCON_RO3      equ	3887	;# 
  2823   000F30                     TXB1CON         equ	3888	;# 
  2824   000F31                     TXB1SIDH        equ	3889	;# 
  2825   000F32                     TXB1SIDL        equ	3890	;# 
  2826   000F33                     TXB1EIDH        equ	3891	;# 
  2827   000F34                     TXB1EIDL        equ	3892	;# 
  2828   000F35                     TXB1DLC         equ	3893	;# 
  2829   000F36                     TXB1D0          equ	3894	;# 
  2830   000F37                     TXB1D1          equ	3895	;# 
  2831   000F38                     TXB1D2          equ	3896	;# 
  2832   000F39                     TXB1D3          equ	3897	;# 
  2833   000F3A                     TXB1D4          equ	3898	;# 
  2834   000F3B                     TXB1D5          equ	3899	;# 
  2835   000F3C                     TXB1D6          equ	3900	;# 
  2836   000F3D                     TXB1D7          equ	3901	;# 
  2837   000F3E                     CANSTAT_RO2     equ	3902	;# 
  2838   000F3F                     CANCON_RO2      equ	3903	;# 
  2839   000F40                     TXB0CON         equ	3904	;# 
  2840   000F41                     TXB0SIDH        equ	3905	;# 
  2841   000F42                     TXB0SIDL        equ	3906	;# 
  2842   000F43                     TXB0EIDH        equ	3907	;# 
  2843   000F44                     TXB0EIDL        equ	3908	;# 
  2844   000F45                     TXB0DLC         equ	3909	;# 
  2845   000F46                     TXB0D0          equ	3910	;# 
  2846   000F47                     TXB0D1          equ	3911	;# 
  2847   000F48                     TXB0D2          equ	3912	;# 
  2848   000F49                     TXB0D3          equ	3913	;# 
  2849   000F4A                     TXB0D4          equ	3914	;# 
  2850   000F4B                     TXB0D5          equ	3915	;# 
  2851   000F4C                     TXB0D6          equ	3916	;# 
  2852   000F4D                     TXB0D7          equ	3917	;# 
  2853   000F4E                     CANSTAT_RO1     equ	3918	;# 
  2854   000F4F                     CANCON_RO1      equ	3919	;# 
  2855   000F50                     RXB1CON         equ	3920	;# 
  2856   000F51                     RXB1SIDH        equ	3921	;# 
  2857   000F52                     RXB1SIDL        equ	3922	;# 
  2858   000F53                     RXB1EIDH        equ	3923	;# 
  2859   000F54                     RXB1EIDL        equ	3924	;# 
  2860   000F55                     RXB1DLC         equ	3925	;# 
  2861   000F56                     RXB1D0          equ	3926	;# 
  2862   000F57                     RXB1D1          equ	3927	;# 
  2863   000F58                     RXB1D2          equ	3928	;# 
  2864   000F59                     RXB1D3          equ	3929	;# 
  2865   000F5A                     RXB1D4          equ	3930	;# 
  2866   000F5B                     RXB1D5          equ	3931	;# 
  2867   000F5C                     RXB1D6          equ	3932	;# 
  2868   000F5D                     RXB1D7          equ	3933	;# 
  2869   000F5E                     CANSTAT_RO0     equ	3934	;# 
  2870   000F5F                     CANCON_RO0      equ	3935	;# 
  2871   000F60                     RXB0CON         equ	3936	;# 
  2872   000F61                     RXB0SIDH        equ	3937	;# 
  2873   000F62                     RXB0SIDL        equ	3938	;# 
  2874   000F63                     RXB0EIDH        equ	3939	;# 
  2875   000F64                     RXB0EIDL        equ	3940	;# 
  2876   000F65                     RXB0DLC         equ	3941	;# 
  2877   000F66                     RXB0D0          equ	3942	;# 
  2878   000F67                     RXB0D1          equ	3943	;# 
  2879   000F68                     RXB0D2          equ	3944	;# 
  2880   000F69                     RXB0D3          equ	3945	;# 
  2881   000F6A                     RXB0D4          equ	3946	;# 
  2882   000F6B                     RXB0D5          equ	3947	;# 
  2883   000F6C                     RXB0D6          equ	3948	;# 
  2884   000F6D                     RXB0D7          equ	3949	;# 
  2885   000F6E                     CANSTAT         equ	3950	;# 
  2886   000F6F                     CANCON          equ	3951	;# 
  2887   000F70                     BRGCON1         equ	3952	;# 
  2888   000F71                     BRGCON2         equ	3953	;# 
  2889   000F72                     BRGCON3         equ	3954	;# 
  2890   000F73                     CIOCON          equ	3955	;# 
  2891   000F74                     COMSTAT         equ	3956	;# 
  2892   000F75                     RXERRCNT        equ	3957	;# 
  2893   000F76                     TXERRCNT        equ	3958	;# 
  2894   000F77                     ECANCON         equ	3959	;# 
  2895   000F80                     PORTA           equ	3968	;# 
  2896   000F81                     PORTB           equ	3969	;# 
  2897   000F82                     PORTC           equ	3970	;# 
  2898   000F83                     PORTD           equ	3971	;# 
  2899   000F84                     PORTE           equ	3972	;# 
  2900   000F89                     LATA            equ	3977	;# 
  2901   000F8A                     LATB            equ	3978	;# 
  2902   000F8B                     LATC            equ	3979	;# 
  2903   000F8C                     LATD            equ	3980	;# 
  2904   000F8D                     LATE            equ	3981	;# 
  2905   000F92                     TRISA           equ	3986	;# 
  2906   000F92                     DDRA            equ	3986	;# 
  2907   000F93                     TRISB           equ	3987	;# 
  2908   000F93                     DDRB            equ	3987	;# 
  2909   000F94                     TRISC           equ	3988	;# 
  2910   000F94                     DDRC            equ	3988	;# 
  2911   000F95                     TRISD           equ	3989	;# 
  2912   000F95                     DDRD            equ	3989	;# 
  2913   000F96                     TRISE           equ	3990	;# 
  2914   000F96                     DDRE            equ	3990	;# 
  2915   000F9B                     OSCTUNE         equ	3995	;# 
  2916   000F9D                     PIE1            equ	3997	;# 
  2917   000F9E                     PIR1            equ	3998	;# 
  2918   000F9F                     IPR1            equ	3999	;# 
  2919   000FA0                     PIE2            equ	4000	;# 
  2920   000FA1                     PIR2            equ	4001	;# 
  2921   000FA2                     IPR2            equ	4002	;# 
  2922   000FA3                     PIE3            equ	4003	;# 
  2923   000FA4                     PIR3            equ	4004	;# 
  2924   000FA5                     IPR3            equ	4005	;# 
  2925   000FA6                     EECON1          equ	4006	;# 
  2926   000FA7                     EECON2          equ	4007	;# 
  2927   000FA8                     EEDATA          equ	4008	;# 
  2928   000FA9                     EEADR           equ	4009	;# 
  2929   000FAB                     RCSTA           equ	4011	;# 
  2930   000FAB                     RCSTA1          equ	4011	;# 
  2931   000FAC                     TXSTA           equ	4012	;# 
  2932   000FAC                     TXSTA1          equ	4012	;# 
  2933   000FAD                     TXREG           equ	4013	;# 
  2934   000FAD                     TXREG1          equ	4013	;# 
  2935   000FAE                     RCREG           equ	4014	;# 
  2936   000FAE                     RCREG1          equ	4014	;# 
  2937   000FAF                     SPBRG           equ	4015	;# 
  2938   000FAF                     SPBRG1          equ	4015	;# 
  2939   000FB0                     SPBRGH          equ	4016	;# 
  2940   000FB1                     T3CON           equ	4017	;# 
  2941   000FB2                     TMR3            equ	4018	;# 
  2942   000FB2                     TMR3L           equ	4018	;# 
  2943   000FB3                     TMR3H           equ	4019	;# 
  2944   000FB4                     CMCON           equ	4020	;# 
  2945   000FB5                     CVRCON          equ	4021	;# 
  2946   000FB6                     ECCP1AS         equ	4022	;# 
  2947   000FB7                     ECCP1DEL        equ	4023	;# 
  2948   000FB8                     BAUDCON         equ	4024	;# 
  2949   000FB8                     BAUDCTL         equ	4024	;# 
  2950   000FBA                     ECCP1CON        equ	4026	;# 
  2951   000FBB                     ECCPR1          equ	4027	;# 
  2952   000FBB                     ECCPR1L         equ	4027	;# 
  2953   000FBC                     ECCPR1H         equ	4028	;# 
  2954   000FBD                     CCP1CON         equ	4029	;# 
  2955   000FBE                     CCPR1           equ	4030	;# 
  2956   000FBE                     CCPR1L          equ	4030	;# 
  2957   000FBF                     CCPR1H          equ	4031	;# 
  2958   000FC0                     ADCON2          equ	4032	;# 
  2959   000FC1                     ADCON1          equ	4033	;# 
  2960   000FC2                     ADCON0          equ	4034	;# 
  2961   000FC3                     ADRES           equ	4035	;# 
  2962   000FC3                     ADRESL          equ	4035	;# 
  2963   000FC4                     ADRESH          equ	4036	;# 
  2964   000FC5                     SSPCON2         equ	4037	;# 
  2965   000FC6                     SSPCON1         equ	4038	;# 
  2966   000FC7                     SSPSTAT         equ	4039	;# 
  2967   000FC8                     SSPADD          equ	4040	;# 
  2968   000FC9                     SSPBUF          equ	4041	;# 
  2969   000FCA                     T2CON           equ	4042	;# 
  2970   000FCB                     PR2             equ	4043	;# 
  2971   000FCB                     MEMCON          equ	4043	;# 
  2972   000FCC                     TMR2            equ	4044	;# 
  2973   000FCD                     T1CON           equ	4045	;# 
  2974   000FCE                     TMR1            equ	4046	;# 
  2975   000FCE                     TMR1L           equ	4046	;# 
  2976   000FCF                     TMR1H           equ	4047	;# 
  2977   000FD0                     RCON            equ	4048	;# 
  2978   000FD1                     WDTCON          equ	4049	;# 
  2979   000FD2                     HLVDCON         equ	4050	;# 
  2980   000FD2                     LVDCON          equ	4050	;# 
  2981   000FD3                     OSCCON          equ	4051	;# 
  2982   000FD5                     T0CON           equ	4053	;# 
  2983   000FD6                     TMR0            equ	4054	;# 
  2984   000FD6                     TMR0L           equ	4054	;# 
  2985   000FD7                     TMR0H           equ	4055	;# 
  2986   000FD8                     STATUS          equ	4056	;# 
  2987   000FD9                     FSR2            equ	4057	;# 
  2988   000FD9                     FSR2L           equ	4057	;# 
  2989   000FDA                     FSR2H           equ	4058	;# 
  2990   000FDB                     PLUSW2          equ	4059	;# 
  2991   000FDC                     PREINC2         equ	4060	;# 
  2992   000FDD                     POSTDEC2        equ	4061	;# 
  2993   000FDE                     POSTINC2        equ	4062	;# 
  2994   000FDF                     INDF2           equ	4063	;# 
  2995   000FE0                     BSR             equ	4064	;# 
  2996   000FE1                     FSR1            equ	4065	;# 
  2997   000FE1                     FSR1L           equ	4065	;# 
  2998   000FE2                     FSR1H           equ	4066	;# 
  2999   000FE3                     PLUSW1          equ	4067	;# 
  3000   000FE4                     PREINC1         equ	4068	;# 
  3001   000FE5                     POSTDEC1        equ	4069	;# 
  3002   000FE6                     POSTINC1        equ	4070	;# 
  3003   000FE7                     INDF1           equ	4071	;# 
  3004   000FE8                     WREG            equ	4072	;# 
  3005   000FE9                     FSR0            equ	4073	;# 
  3006   000FE9                     FSR0L           equ	4073	;# 
  3007   000FEA                     FSR0H           equ	4074	;# 
  3008   000FEB                     PLUSW0          equ	4075	;# 
  3009   000FEC                     PREINC0         equ	4076	;# 
  3010   000FED                     POSTDEC0        equ	4077	;# 
  3011   000FEE                     POSTINC0        equ	4078	;# 
  3012   000FEF                     INDF0           equ	4079	;# 
  3013   000FF0                     INTCON3         equ	4080	;# 
  3014   000FF1                     INTCON2         equ	4081	;# 
  3015   000FF2                     INTCON          equ	4082	;# 
  3016   000FF3                     PROD            equ	4083	;# 
  3017   000FF3                     PRODL           equ	4083	;# 
  3018   000FF4                     PRODH           equ	4084	;# 
  3019   000FF5                     TABLAT          equ	4085	;# 
  3020   000FF6                     TBLPTR          equ	4086	;# 
  3021   000FF6                     TBLPTRL         equ	4086	;# 
  3022   000FF7                     TBLPTRH         equ	4087	;# 
  3023   000FF8                     TBLPTRU         equ	4088	;# 
  3024   000FF9                     PCLAT           equ	4089	;# 
  3025   000FF9                     PC              equ	4089	;# 
  3026   000FF9                     PCL             equ	4089	;# 
  3027   000FFA                     PCLATH          equ	4090	;# 
  3028   000FFB                     PCLATU          equ	4091	;# 
  3029   000FFC                     STKPTR          equ	4092	;# 
  3030   000FFD                     TOS             equ	4093	;# 
  3031   000FFD                     TOSL            equ	4093	;# 
  3032   000FFE                     TOSH            equ	4094	;# 
  3033   000FFF                     TOSU            equ	4095	;# 
  3034   000D60                     RXF6SIDH        equ	3424	;# 
  3035   000D61                     RXF6SIDL        equ	3425	;# 
  3036   000D62                     RXF6EIDH        equ	3426	;# 
  3037   000D63                     RXF6EIDL        equ	3427	;# 
  3038   000D64                     RXF7SIDH        equ	3428	;# 
  3039   000D65                     RXF7SIDL        equ	3429	;# 
  3040   000D66                     RXF7EIDH        equ	3430	;# 
  3041   000D67                     RXF7EIDL        equ	3431	;# 
  3042   000D68                     RXF8SIDH        equ	3432	;# 
  3043   000D69                     RXF8SIDL        equ	3433	;# 
  3044   000D6A                     RXF8EIDH        equ	3434	;# 
  3045   000D6B                     RXF8EIDL        equ	3435	;# 
  3046   000D70                     RXF9SIDH        equ	3440	;# 
  3047   000D71                     RXF9SIDL        equ	3441	;# 
  3048   000D72                     RXF9EIDH        equ	3442	;# 
  3049   000D73                     RXF9EIDL        equ	3443	;# 
  3050   000D74                     RXF10SIDH       equ	3444	;# 
  3051   000D75                     RXF10SIDL       equ	3445	;# 
  3052   000D76                     RXF10EIDH       equ	3446	;# 
  3053   000D77                     RXF10EIDL       equ	3447	;# 
  3054   000D78                     RXF11SIDH       equ	3448	;# 
  3055   000D79                     RXF11SIDL       equ	3449	;# 
  3056   000D7A                     RXF11EIDH       equ	3450	;# 
  3057   000D7B                     RXF11EIDL       equ	3451	;# 
  3058   000D80                     RXF12SIDH       equ	3456	;# 
  3059   000D81                     RXF12SIDL       equ	3457	;# 
  3060   000D82                     RXF12EIDH       equ	3458	;# 
  3061   000D83                     RXF12EIDL       equ	3459	;# 
  3062   000D84                     RXF13SIDH       equ	3460	;# 
  3063   000D85                     RXF13SIDL       equ	3461	;# 
  3064   000D86                     RXF13EIDH       equ	3462	;# 
  3065   000D87                     RXF13EIDL       equ	3463	;# 
  3066   000D88                     RXF14SIDH       equ	3464	;# 
  3067   000D89                     RXF14SIDL       equ	3465	;# 
  3068   000D8A                     RXF14EIDH       equ	3466	;# 
  3069   000D8B                     RXF14EIDL       equ	3467	;# 
  3070   000D90                     RXF15SIDH       equ	3472	;# 
  3071   000D91                     RXF15SIDL       equ	3473	;# 
  3072   000D92                     RXF15EIDH       equ	3474	;# 
  3073   000D93                     RXF15EIDL       equ	3475	;# 
  3074   000DD4                     RXFCON0         equ	3540	;# 
  3075   000DD5                     RXFCON1         equ	3541	;# 
  3076   000DD8                     SDFLC           equ	3544	;# 
  3077   000DE0                     RXFBCON0        equ	3552	;# 
  3078   000DE1                     RXFBCON1        equ	3553	;# 
  3079   000DE2                     RXFBCON2        equ	3554	;# 
  3080   000DE3                     RXFBCON3        equ	3555	;# 
  3081   000DE4                     RXFBCON4        equ	3556	;# 
  3082   000DE5                     RXFBCON5        equ	3557	;# 
  3083   000DE6                     RXFBCON6        equ	3558	;# 
  3084   000DE7                     RXFBCON7        equ	3559	;# 
  3085   000DF0                     MSEL0           equ	3568	;# 
  3086   000DF1                     MSEL1           equ	3569	;# 
  3087   000DF2                     MSEL2           equ	3570	;# 
  3088   000DF3                     MSEL3           equ	3571	;# 
  3089   000DF8                     BSEL0           equ	3576	;# 
  3090   000DFA                     BIE0            equ	3578	;# 
  3091   000DFC                     TXBIE           equ	3580	;# 
  3092   000E20                     B0CON           equ	3616	;# 
  3093   000E21                     B0SIDH          equ	3617	;# 
  3094   000E22                     B0SIDL          equ	3618	;# 
  3095   000E23                     B0EIDH          equ	3619	;# 
  3096   000E24                     B0EIDL          equ	3620	;# 
  3097   000E25                     B0DLC           equ	3621	;# 
  3098   000E26                     B0D0            equ	3622	;# 
  3099   000E27                     B0D1            equ	3623	;# 
  3100   000E28                     B0D2            equ	3624	;# 
  3101   000E29                     B0D3            equ	3625	;# 
  3102   000E2A                     B0D4            equ	3626	;# 
  3103   000E2B                     B0D5            equ	3627	;# 
  3104   000E2C                     B0D6            equ	3628	;# 
  3105   000E2D                     B0D7            equ	3629	;# 
  3106   000E2E                     CANSTAT_RO9     equ	3630	;# 
  3107   000E2F                     CANCON_RO9      equ	3631	;# 
  3108   000E30                     B1CON           equ	3632	;# 
  3109   000E31                     B1SIDH          equ	3633	;# 
  3110   000E32                     B1SIDL          equ	3634	;# 
  3111   000E33                     B1EIDH          equ	3635	;# 
  3112   000E34                     B1EIDL          equ	3636	;# 
  3113   000E35                     B1DLC           equ	3637	;# 
  3114   000E36                     B1D0            equ	3638	;# 
  3115   000E37                     B1D1            equ	3639	;# 
  3116   000E38                     B1D2            equ	3640	;# 
  3117   000E39                     B1D3            equ	3641	;# 
  3118   000E3A                     B1D4            equ	3642	;# 
  3119   000E3B                     B1D5            equ	3643	;# 
  3120   000E3C                     B1D6            equ	3644	;# 
  3121   000E3D                     B1D7            equ	3645	;# 
  3122   000E3E                     CANSTAT_RO8     equ	3646	;# 
  3123   000E3F                     CANCON_RO8      equ	3647	;# 
  3124   000E40                     B2CON           equ	3648	;# 
  3125   000E41                     B2SIDH          equ	3649	;# 
  3126   000E42                     B2SIDL          equ	3650	;# 
  3127   000E43                     B2EIDH          equ	3651	;# 
  3128   000E44                     B2EIDL          equ	3652	;# 
  3129   000E45                     B2DLC           equ	3653	;# 
  3130   000E46                     B2D0            equ	3654	;# 
  3131   000E47                     B2D1            equ	3655	;# 
  3132   000E48                     B2D2            equ	3656	;# 
  3133   000E49                     B2D3            equ	3657	;# 
  3134   000E4A                     B2D4            equ	3658	;# 
  3135   000E4B                     B2D5            equ	3659	;# 
  3136   000E4C                     B2D6            equ	3660	;# 
  3137   000E4D                     B2D7            equ	3661	;# 
  3138   000E4E                     CANSTAT_RO7     equ	3662	;# 
  3139   000E4F                     CANCON_RO7      equ	3663	;# 
  3140   000E50                     B3CON           equ	3664	;# 
  3141   000E51                     B3SIDH          equ	3665	;# 
  3142   000E52                     B3SIDL          equ	3666	;# 
  3143   000E53                     B3EIDH          equ	3667	;# 
  3144   000E54                     B3EIDL          equ	3668	;# 
  3145   000E55                     B3DLC           equ	3669	;# 
  3146   000E56                     B3D0            equ	3670	;# 
  3147   000E57                     B3D1            equ	3671	;# 
  3148   000E58                     B3D2            equ	3672	;# 
  3149   000E59                     B3D3            equ	3673	;# 
  3150   000E5A                     B3D4            equ	3674	;# 
  3151   000E5B                     B3D5            equ	3675	;# 
  3152   000E5C                     B3D6            equ	3676	;# 
  3153   000E5D                     B3D7            equ	3677	;# 
  3154   000E5E                     CANSTAT_RO6     equ	3678	;# 
  3155   000E5F                     CANCON_RO6      equ	3679	;# 
  3156   000E60                     B4CON           equ	3680	;# 
  3157   000E61                     B4SIDH          equ	3681	;# 
  3158   000E62                     B4SIDL          equ	3682	;# 
  3159   000E63                     B4EIDH          equ	3683	;# 
  3160   000E64                     B4EIDL          equ	3684	;# 
  3161   000E65                     B4DLC           equ	3685	;# 
  3162   000E66                     B4D0            equ	3686	;# 
  3163   000E67                     B4D1            equ	3687	;# 
  3164   000E68                     B4D2            equ	3688	;# 
  3165   000E69                     B4D3            equ	3689	;# 
  3166   000E6A                     B4D4            equ	3690	;# 
  3167   000E6B                     B4D5            equ	3691	;# 
  3168   000E6C                     B4D6            equ	3692	;# 
  3169   000E6D                     B4D7            equ	3693	;# 
  3170   000E6E                     CANSTAT_RO5     equ	3694	;# 
  3171   000E6F                     CANCON_RO5      equ	3695	;# 
  3172   000E70                     B5CON           equ	3696	;# 
  3173   000E71                     B5SIDH          equ	3697	;# 
  3174   000E72                     B5SIDL          equ	3698	;# 
  3175   000E73                     B5EIDH          equ	3699	;# 
  3176   000E74                     B5EIDL          equ	3700	;# 
  3177   000E75                     B5DLC           equ	3701	;# 
  3178   000E76                     B5D0            equ	3702	;# 
  3179   000E77                     B5D1            equ	3703	;# 
  3180   000E78                     B5D2            equ	3704	;# 
  3181   000E79                     B5D3            equ	3705	;# 
  3182   000E7A                     B5D4            equ	3706	;# 
  3183   000E7B                     B5D5            equ	3707	;# 
  3184   000E7C                     B5D6            equ	3708	;# 
  3185   000E7D                     B5D7            equ	3709	;# 
  3186   000E7E                     CANSTAT_RO4     equ	3710	;# 
  3187   000E7F                     CANCON_RO4      equ	3711	;# 
  3188   000F00                     RXF0SIDH        equ	3840	;# 
  3189   000F01                     RXF0SIDL        equ	3841	;# 
  3190   000F02                     RXF0EIDH        equ	3842	;# 
  3191   000F03                     RXF0EIDL        equ	3843	;# 
  3192   000F04                     RXF1SIDH        equ	3844	;# 
  3193   000F05                     RXF1SIDL        equ	3845	;# 
  3194   000F06                     RXF1EIDH        equ	3846	;# 
  3195   000F07                     RXF1EIDL        equ	3847	;# 
  3196   000F08                     RXF2SIDH        equ	3848	;# 
  3197   000F09                     RXF2SIDL        equ	3849	;# 
  3198   000F0A                     RXF2EIDH        equ	3850	;# 
  3199   000F0B                     RXF2EIDL        equ	3851	;# 
  3200   000F0C                     RXF3SIDH        equ	3852	;# 
  3201   000F0D                     RXF3SIDL        equ	3853	;# 
  3202   000F0E                     RXF3EIDH        equ	3854	;# 
  3203   000F0F                     RXF3EIDL        equ	3855	;# 
  3204   000F10                     RXF4SIDH        equ	3856	;# 
  3205   000F11                     RXF4SIDL        equ	3857	;# 
  3206   000F12                     RXF4EIDH        equ	3858	;# 
  3207   000F13                     RXF4EIDL        equ	3859	;# 
  3208   000F14                     RXF5SIDH        equ	3860	;# 
  3209   000F15                     RXF5SIDL        equ	3861	;# 
  3210   000F16                     RXF5EIDH        equ	3862	;# 
  3211   000F17                     RXF5EIDL        equ	3863	;# 
  3212   000F18                     RXM0SIDH        equ	3864	;# 
  3213   000F19                     RXM0SIDL        equ	3865	;# 
  3214   000F1A                     RXM0EIDH        equ	3866	;# 
  3215   000F1B                     RXM0EIDL        equ	3867	;# 
  3216   000F1C                     RXM1SIDH        equ	3868	;# 
  3217   000F1D                     RXM1SIDL        equ	3869	;# 
  3218   000F1E                     RXM1EIDH        equ	3870	;# 
  3219   000F1F                     RXM1EIDL        equ	3871	;# 
  3220   000F20                     TXB2CON         equ	3872	;# 
  3221   000F21                     TXB2SIDH        equ	3873	;# 
  3222   000F22                     TXB2SIDL        equ	3874	;# 
  3223   000F23                     TXB2EIDH        equ	3875	;# 
  3224   000F24                     TXB2EIDL        equ	3876	;# 
  3225   000F25                     TXB2DLC         equ	3877	;# 
  3226   000F26                     TXB2D0          equ	3878	;# 
  3227   000F27                     TXB2D1          equ	3879	;# 
  3228   000F28                     TXB2D2          equ	3880	;# 
  3229   000F29                     TXB2D3          equ	3881	;# 
  3230   000F2A                     TXB2D4          equ	3882	;# 
  3231   000F2B                     TXB2D5          equ	3883	;# 
  3232   000F2C                     TXB2D6          equ	3884	;# 
  3233   000F2D                     TXB2D7          equ	3885	;# 
  3234   000F2E                     CANSTAT_RO3     equ	3886	;# 
  3235   000F2F                     CANCON_RO3      equ	3887	;# 
  3236   000F30                     TXB1CON         equ	3888	;# 
  3237   000F31                     TXB1SIDH        equ	3889	;# 
  3238   000F32                     TXB1SIDL        equ	3890	;# 
  3239   000F33                     TXB1EIDH        equ	3891	;# 
  3240   000F34                     TXB1EIDL        equ	3892	;# 
  3241   000F35                     TXB1DLC         equ	3893	;# 
  3242   000F36                     TXB1D0          equ	3894	;# 
  3243   000F37                     TXB1D1          equ	3895	;# 
  3244   000F38                     TXB1D2          equ	3896	;# 
  3245   000F39                     TXB1D3          equ	3897	;# 
  3246   000F3A                     TXB1D4          equ	3898	;# 
  3247   000F3B                     TXB1D5          equ	3899	;# 
  3248   000F3C                     TXB1D6          equ	3900	;# 
  3249   000F3D                     TXB1D7          equ	3901	;# 
  3250   000F3E                     CANSTAT_RO2     equ	3902	;# 
  3251   000F3F                     CANCON_RO2      equ	3903	;# 
  3252   000F40                     TXB0CON         equ	3904	;# 
  3253   000F41                     TXB0SIDH        equ	3905	;# 
  3254   000F42                     TXB0SIDL        equ	3906	;# 
  3255   000F43                     TXB0EIDH        equ	3907	;# 
  3256   000F44                     TXB0EIDL        equ	3908	;# 
  3257   000F45                     TXB0DLC         equ	3909	;# 
  3258   000F46                     TXB0D0          equ	3910	;# 
  3259   000F47                     TXB0D1          equ	3911	;# 
  3260   000F48                     TXB0D2          equ	3912	;# 
  3261   000F49                     TXB0D3          equ	3913	;# 
  3262   000F4A                     TXB0D4          equ	3914	;# 
  3263   000F4B                     TXB0D5          equ	3915	;# 
  3264   000F4C                     TXB0D6          equ	3916	;# 
  3265   000F4D                     TXB0D7          equ	3917	;# 
  3266   000F4E                     CANSTAT_RO1     equ	3918	;# 
  3267   000F4F                     CANCON_RO1      equ	3919	;# 
  3268   000F50                     RXB1CON         equ	3920	;# 
  3269   000F51                     RXB1SIDH        equ	3921	;# 
  3270   000F52                     RXB1SIDL        equ	3922	;# 
  3271   000F53                     RXB1EIDH        equ	3923	;# 
  3272   000F54                     RXB1EIDL        equ	3924	;# 
  3273   000F55                     RXB1DLC         equ	3925	;# 
  3274   000F56                     RXB1D0          equ	3926	;# 
  3275   000F57                     RXB1D1          equ	3927	;# 
  3276   000F58                     RXB1D2          equ	3928	;# 
  3277   000F59                     RXB1D3          equ	3929	;# 
  3278   000F5A                     RXB1D4          equ	3930	;# 
  3279   000F5B                     RXB1D5          equ	3931	;# 
  3280   000F5C                     RXB1D6          equ	3932	;# 
  3281   000F5D                     RXB1D7          equ	3933	;# 
  3282   000F5E                     CANSTAT_RO0     equ	3934	;# 
  3283   000F5F                     CANCON_RO0      equ	3935	;# 
  3284   000F60                     RXB0CON         equ	3936	;# 
  3285   000F61                     RXB0SIDH        equ	3937	;# 
  3286   000F62                     RXB0SIDL        equ	3938	;# 
  3287   000F63                     RXB0EIDH        equ	3939	;# 
  3288   000F64                     RXB0EIDL        equ	3940	;# 
  3289   000F65                     RXB0DLC         equ	3941	;# 
  3290   000F66                     RXB0D0          equ	3942	;# 
  3291   000F67                     RXB0D1          equ	3943	;# 
  3292   000F68                     RXB0D2          equ	3944	;# 
  3293   000F69                     RXB0D3          equ	3945	;# 
  3294   000F6A                     RXB0D4          equ	3946	;# 
  3295   000F6B                     RXB0D5          equ	3947	;# 
  3296   000F6C                     RXB0D6          equ	3948	;# 
  3297   000F6D                     RXB0D7          equ	3949	;# 
  3298   000F6E                     CANSTAT         equ	3950	;# 
  3299   000F6F                     CANCON          equ	3951	;# 
  3300   000F70                     BRGCON1         equ	3952	;# 
  3301   000F71                     BRGCON2         equ	3953	;# 
  3302   000F72                     BRGCON3         equ	3954	;# 
  3303   000F73                     CIOCON          equ	3955	;# 
  3304   000F74                     COMSTAT         equ	3956	;# 
  3305   000F75                     RXERRCNT        equ	3957	;# 
  3306   000F76                     TXERRCNT        equ	3958	;# 
  3307   000F77                     ECANCON         equ	3959	;# 
  3308   000F80                     PORTA           equ	3968	;# 
  3309   000F81                     PORTB           equ	3969	;# 
  3310   000F82                     PORTC           equ	3970	;# 
  3311   000F83                     PORTD           equ	3971	;# 
  3312   000F84                     PORTE           equ	3972	;# 
  3313   000F89                     LATA            equ	3977	;# 
  3314   000F8A                     LATB            equ	3978	;# 
  3315   000F8B                     LATC            equ	3979	;# 
  3316   000F8C                     LATD            equ	3980	;# 
  3317   000F8D                     LATE            equ	3981	;# 
  3318   000F92                     TRISA           equ	3986	;# 
  3319   000F92                     DDRA            equ	3986	;# 
  3320   000F93                     TRISB           equ	3987	;# 
  3321   000F93                     DDRB            equ	3987	;# 
  3322   000F94                     TRISC           equ	3988	;# 
  3323   000F94                     DDRC            equ	3988	;# 
  3324   000F95                     TRISD           equ	3989	;# 
  3325   000F95                     DDRD            equ	3989	;# 
  3326   000F96                     TRISE           equ	3990	;# 
  3327   000F96                     DDRE            equ	3990	;# 
  3328   000F9B                     OSCTUNE         equ	3995	;# 
  3329   000F9D                     PIE1            equ	3997	;# 
  3330   000F9E                     PIR1            equ	3998	;# 
  3331   000F9F                     IPR1            equ	3999	;# 
  3332   000FA0                     PIE2            equ	4000	;# 
  3333   000FA1                     PIR2            equ	4001	;# 
  3334   000FA2                     IPR2            equ	4002	;# 
  3335   000FA3                     PIE3            equ	4003	;# 
  3336   000FA4                     PIR3            equ	4004	;# 
  3337   000FA5                     IPR3            equ	4005	;# 
  3338   000FA6                     EECON1          equ	4006	;# 
  3339   000FA7                     EECON2          equ	4007	;# 
  3340   000FA8                     EEDATA          equ	4008	;# 
  3341   000FA9                     EEADR           equ	4009	;# 
  3342   000FAB                     RCSTA           equ	4011	;# 
  3343   000FAB                     RCSTA1          equ	4011	;# 
  3344   000FAC                     TXSTA           equ	4012	;# 
  3345   000FAC                     TXSTA1          equ	4012	;# 
  3346   000FAD                     TXREG           equ	4013	;# 
  3347   000FAD                     TXREG1          equ	4013	;# 
  3348   000FAE                     RCREG           equ	4014	;# 
  3349   000FAE                     RCREG1          equ	4014	;# 
  3350   000FAF                     SPBRG           equ	4015	;# 
  3351   000FAF                     SPBRG1          equ	4015	;# 
  3352   000FB0                     SPBRGH          equ	4016	;# 
  3353   000FB1                     T3CON           equ	4017	;# 
  3354   000FB2                     TMR3            equ	4018	;# 
  3355   000FB2                     TMR3L           equ	4018	;# 
  3356   000FB3                     TMR3H           equ	4019	;# 
  3357   000FB4                     CMCON           equ	4020	;# 
  3358   000FB5                     CVRCON          equ	4021	;# 
  3359   000FB6                     ECCP1AS         equ	4022	;# 
  3360   000FB7                     ECCP1DEL        equ	4023	;# 
  3361   000FB8                     BAUDCON         equ	4024	;# 
  3362   000FB8                     BAUDCTL         equ	4024	;# 
  3363   000FBA                     ECCP1CON        equ	4026	;# 
  3364   000FBB                     ECCPR1          equ	4027	;# 
  3365   000FBB                     ECCPR1L         equ	4027	;# 
  3366   000FBC                     ECCPR1H         equ	4028	;# 
  3367   000FBD                     CCP1CON         equ	4029	;# 
  3368   000FBE                     CCPR1           equ	4030	;# 
  3369   000FBE                     CCPR1L          equ	4030	;# 
  3370   000FBF                     CCPR1H          equ	4031	;# 
  3371   000FC0                     ADCON2          equ	4032	;# 
  3372   000FC1                     ADCON1          equ	4033	;# 
  3373   000FC2                     ADCON0          equ	4034	;# 
  3374   000FC3                     ADRES           equ	4035	;# 
  3375   000FC3                     ADRESL          equ	4035	;# 
  3376   000FC4                     ADRESH          equ	4036	;# 
  3377   000FC5                     SSPCON2         equ	4037	;# 
  3378   000FC6                     SSPCON1         equ	4038	;# 
  3379   000FC7                     SSPSTAT         equ	4039	;# 
  3380   000FC8                     SSPADD          equ	4040	;# 
  3381   000FC9                     SSPBUF          equ	4041	;# 
  3382   000FCA                     T2CON           equ	4042	;# 
  3383   000FCB                     PR2             equ	4043	;# 
  3384   000FCB                     MEMCON          equ	4043	;# 
  3385   000FCC                     TMR2            equ	4044	;# 
  3386   000FCD                     T1CON           equ	4045	;# 
  3387   000FCE                     TMR1            equ	4046	;# 
  3388   000FCE                     TMR1L           equ	4046	;# 
  3389   000FCF                     TMR1H           equ	4047	;# 
  3390   000FD0                     RCON            equ	4048	;# 
  3391   000FD1                     WDTCON          equ	4049	;# 
  3392   000FD2                     HLVDCON         equ	4050	;# 
  3393   000FD2                     LVDCON          equ	4050	;# 
  3394   000FD3                     OSCCON          equ	4051	;# 
  3395   000FD5                     T0CON           equ	4053	;# 
  3396   000FD6                     TMR0            equ	4054	;# 
  3397   000FD6                     TMR0L           equ	4054	;# 
  3398   000FD7                     TMR0H           equ	4055	;# 
  3399   000FD8                     STATUS          equ	4056	;# 
  3400   000FD9                     FSR2            equ	4057	;# 
  3401   000FD9                     FSR2L           equ	4057	;# 
  3402   000FDA                     FSR2H           equ	4058	;# 
  3403   000FDB                     PLUSW2          equ	4059	;# 
  3404   000FDC                     PREINC2         equ	4060	;# 
  3405   000FDD                     POSTDEC2        equ	4061	;# 
  3406   000FDE                     POSTINC2        equ	4062	;# 
  3407   000FDF                     INDF2           equ	4063	;# 
  3408   000FE0                     BSR             equ	4064	;# 
  3409   000FE1                     FSR1            equ	4065	;# 
  3410   000FE1                     FSR1L           equ	4065	;# 
  3411   000FE2                     FSR1H           equ	4066	;# 
  3412   000FE3                     PLUSW1          equ	4067	;# 
  3413   000FE4                     PREINC1         equ	4068	;# 
  3414   000FE5                     POSTDEC1        equ	4069	;# 
  3415   000FE6                     POSTINC1        equ	4070	;# 
  3416   000FE7                     INDF1           equ	4071	;# 
  3417   000FE8                     WREG            equ	4072	;# 
  3418   000FE9                     FSR0            equ	4073	;# 
  3419   000FE9                     FSR0L           equ	4073	;# 
  3420   000FEA                     FSR0H           equ	4074	;# 
  3421   000FEB                     PLUSW0          equ	4075	;# 
  3422   000FEC                     PREINC0         equ	4076	;# 
  3423   000FED                     POSTDEC0        equ	4077	;# 
  3424   000FEE                     POSTINC0        equ	4078	;# 
  3425   000FEF                     INDF0           equ	4079	;# 
  3426   000FF0                     INTCON3         equ	4080	;# 
  3427   000FF1                     INTCON2         equ	4081	;# 
  3428   000FF2                     INTCON          equ	4082	;# 
  3429   000FF3                     PROD            equ	4083	;# 
  3430   000FF3                     PRODL           equ	4083	;# 
  3431   000FF4                     PRODH           equ	4084	;# 
  3432   000FF5                     TABLAT          equ	4085	;# 
  3433   000FF6                     TBLPTR          equ	4086	;# 
  3434   000FF6                     TBLPTRL         equ	4086	;# 
  3435   000FF7                     TBLPTRH         equ	4087	;# 
  3436   000FF8                     TBLPTRU         equ	4088	;# 
  3437   000FF9                     PCLAT           equ	4089	;# 
  3438   000FF9                     PC              equ	4089	;# 
  3439   000FF9                     PCL             equ	4089	;# 
  3440   000FFA                     PCLATH          equ	4090	;# 
  3441   000FFB                     PCLATU          equ	4091	;# 
  3442   000FFC                     STKPTR          equ	4092	;# 
  3443   000FFD                     TOS             equ	4093	;# 
  3444   000FFD                     TOSL            equ	4093	;# 
  3445   000FFE                     TOSH            equ	4094	;# 
  3446   000FFF                     TOSU            equ	4095	;# 
  3447   000D60                     RXF6SIDH        equ	3424	;# 
  3448   000D61                     RXF6SIDL        equ	3425	;# 
  3449   000D62                     RXF6EIDH        equ	3426	;# 
  3450   000D63                     RXF6EIDL        equ	3427	;# 
  3451   000D64                     RXF7SIDH        equ	3428	;# 
  3452   000D65                     RXF7SIDL        equ	3429	;# 
  3453   000D66                     RXF7EIDH        equ	3430	;# 
  3454   000D67                     RXF7EIDL        equ	3431	;# 
  3455   000D68                     RXF8SIDH        equ	3432	;# 
  3456   000D69                     RXF8SIDL        equ	3433	;# 
  3457   000D6A                     RXF8EIDH        equ	3434	;# 
  3458   000D6B                     RXF8EIDL        equ	3435	;# 
  3459   000D70                     RXF9SIDH        equ	3440	;# 
  3460   000D71                     RXF9SIDL        equ	3441	;# 
  3461   000D72                     RXF9EIDH        equ	3442	;# 
  3462   000D73                     RXF9EIDL        equ	3443	;# 
  3463   000D74                     RXF10SIDH       equ	3444	;# 
  3464   000D75                     RXF10SIDL       equ	3445	;# 
  3465   000D76                     RXF10EIDH       equ	3446	;# 
  3466   000D77                     RXF10EIDL       equ	3447	;# 
  3467   000D78                     RXF11SIDH       equ	3448	;# 
  3468   000D79                     RXF11SIDL       equ	3449	;# 
  3469   000D7A                     RXF11EIDH       equ	3450	;# 
  3470   000D7B                     RXF11EIDL       equ	3451	;# 
  3471   000D80                     RXF12SIDH       equ	3456	;# 
  3472   000D81                     RXF12SIDL       equ	3457	;# 
  3473   000D82                     RXF12EIDH       equ	3458	;# 
  3474   000D83                     RXF12EIDL       equ	3459	;# 
  3475   000D84                     RXF13SIDH       equ	3460	;# 
  3476   000D85                     RXF13SIDL       equ	3461	;# 
  3477   000D86                     RXF13EIDH       equ	3462	;# 
  3478   000D87                     RXF13EIDL       equ	3463	;# 
  3479   000D88                     RXF14SIDH       equ	3464	;# 
  3480   000D89                     RXF14SIDL       equ	3465	;# 
  3481   000D8A                     RXF14EIDH       equ	3466	;# 
  3482   000D8B                     RXF14EIDL       equ	3467	;# 
  3483   000D90                     RXF15SIDH       equ	3472	;# 
  3484   000D91                     RXF15SIDL       equ	3473	;# 
  3485   000D92                     RXF15EIDH       equ	3474	;# 
  3486   000D93                     RXF15EIDL       equ	3475	;# 
  3487   000DD4                     RXFCON0         equ	3540	;# 
  3488   000DD5                     RXFCON1         equ	3541	;# 
  3489   000DD8                     SDFLC           equ	3544	;# 
  3490   000DE0                     RXFBCON0        equ	3552	;# 
  3491   000DE1                     RXFBCON1        equ	3553	;# 
  3492   000DE2                     RXFBCON2        equ	3554	;# 
  3493   000DE3                     RXFBCON3        equ	3555	;# 
  3494   000DE4                     RXFBCON4        equ	3556	;# 
  3495   000DE5                     RXFBCON5        equ	3557	;# 
  3496   000DE6                     RXFBCON6        equ	3558	;# 
  3497   000DE7                     RXFBCON7        equ	3559	;# 
  3498   000DF0                     MSEL0           equ	3568	;# 
  3499   000DF1                     MSEL1           equ	3569	;# 
  3500   000DF2                     MSEL2           equ	3570	;# 
  3501   000DF3                     MSEL3           equ	3571	;# 
  3502   000DF8                     BSEL0           equ	3576	;# 
  3503   000DFA                     BIE0            equ	3578	;# 
  3504   000DFC                     TXBIE           equ	3580	;# 
  3505   000E20                     B0CON           equ	3616	;# 
  3506   000E21                     B0SIDH          equ	3617	;# 
  3507   000E22                     B0SIDL          equ	3618	;# 
  3508   000E23                     B0EIDH          equ	3619	;# 
  3509   000E24                     B0EIDL          equ	3620	;# 
  3510   000E25                     B0DLC           equ	3621	;# 
  3511   000E26                     B0D0            equ	3622	;# 
  3512   000E27                     B0D1            equ	3623	;# 
  3513   000E28                     B0D2            equ	3624	;# 
  3514   000E29                     B0D3            equ	3625	;# 
  3515   000E2A                     B0D4            equ	3626	;# 
  3516   000E2B                     B0D5            equ	3627	;# 
  3517   000E2C                     B0D6            equ	3628	;# 
  3518   000E2D                     B0D7            equ	3629	;# 
  3519   000E2E                     CANSTAT_RO9     equ	3630	;# 
  3520   000E2F                     CANCON_RO9      equ	3631	;# 
  3521   000E30                     B1CON           equ	3632	;# 
  3522   000E31                     B1SIDH          equ	3633	;# 
  3523   000E32                     B1SIDL          equ	3634	;# 
  3524   000E33                     B1EIDH          equ	3635	;# 
  3525   000E34                     B1EIDL          equ	3636	;# 
  3526   000E35                     B1DLC           equ	3637	;# 
  3527   000E36                     B1D0            equ	3638	;# 
  3528   000E37                     B1D1            equ	3639	;# 
  3529   000E38                     B1D2            equ	3640	;# 
  3530   000E39                     B1D3            equ	3641	;# 
  3531   000E3A                     B1D4            equ	3642	;# 
  3532   000E3B                     B1D5            equ	3643	;# 
  3533   000E3C                     B1D6            equ	3644	;# 
  3534   000E3D                     B1D7            equ	3645	;# 
  3535   000E3E                     CANSTAT_RO8     equ	3646	;# 
  3536   000E3F                     CANCON_RO8      equ	3647	;# 
  3537   000E40                     B2CON           equ	3648	;# 
  3538   000E41                     B2SIDH          equ	3649	;# 
  3539   000E42                     B2SIDL          equ	3650	;# 
  3540   000E43                     B2EIDH          equ	3651	;# 
  3541   000E44                     B2EIDL          equ	3652	;# 
  3542   000E45                     B2DLC           equ	3653	;# 
  3543   000E46                     B2D0            equ	3654	;# 
  3544   000E47                     B2D1            equ	3655	;# 
  3545   000E48                     B2D2            equ	3656	;# 
  3546   000E49                     B2D3            equ	3657	;# 
  3547   000E4A                     B2D4            equ	3658	;# 
  3548   000E4B                     B2D5            equ	3659	;# 
  3549   000E4C                     B2D6            equ	3660	;# 
  3550   000E4D                     B2D7            equ	3661	;# 
  3551   000E4E                     CANSTAT_RO7     equ	3662	;# 
  3552   000E4F                     CANCON_RO7      equ	3663	;# 
  3553   000E50                     B3CON           equ	3664	;# 
  3554   000E51                     B3SIDH          equ	3665	;# 
  3555   000E52                     B3SIDL          equ	3666	;# 
  3556   000E53                     B3EIDH          equ	3667	;# 
  3557   000E54                     B3EIDL          equ	3668	;# 
  3558   000E55                     B3DLC           equ	3669	;# 
  3559   000E56                     B3D0            equ	3670	;# 
  3560   000E57                     B3D1            equ	3671	;# 
  3561   000E58                     B3D2            equ	3672	;# 
  3562   000E59                     B3D3            equ	3673	;# 
  3563   000E5A                     B3D4            equ	3674	;# 
  3564   000E5B                     B3D5            equ	3675	;# 
  3565   000E5C                     B3D6            equ	3676	;# 
  3566   000E5D                     B3D7            equ	3677	;# 
  3567   000E5E                     CANSTAT_RO6     equ	3678	;# 
  3568   000E5F                     CANCON_RO6      equ	3679	;# 
  3569   000E60                     B4CON           equ	3680	;# 
  3570   000E61                     B4SIDH          equ	3681	;# 
  3571   000E62                     B4SIDL          equ	3682	;# 
  3572   000E63                     B4EIDH          equ	3683	;# 
  3573   000E64                     B4EIDL          equ	3684	;# 
  3574   000E65                     B4DLC           equ	3685	;# 
  3575   000E66                     B4D0            equ	3686	;# 
  3576   000E67                     B4D1            equ	3687	;# 
  3577   000E68                     B4D2            equ	3688	;# 
  3578   000E69                     B4D3            equ	3689	;# 
  3579   000E6A                     B4D4            equ	3690	;# 
  3580   000E6B                     B4D5            equ	3691	;# 
  3581   000E6C                     B4D6            equ	3692	;# 
  3582   000E6D                     B4D7            equ	3693	;# 
  3583   000E6E                     CANSTAT_RO5     equ	3694	;# 
  3584   000E6F                     CANCON_RO5      equ	3695	;# 
  3585   000E70                     B5CON           equ	3696	;# 
  3586   000E71                     B5SIDH          equ	3697	;# 
  3587   000E72                     B5SIDL          equ	3698	;# 
  3588   000E73                     B5EIDH          equ	3699	;# 
  3589   000E74                     B5EIDL          equ	3700	;# 
  3590   000E75                     B5DLC           equ	3701	;# 
  3591   000E76                     B5D0            equ	3702	;# 
  3592   000E77                     B5D1            equ	3703	;# 
  3593   000E78                     B5D2            equ	3704	;# 
  3594   000E79                     B5D3            equ	3705	;# 
  3595   000E7A                     B5D4            equ	3706	;# 
  3596   000E7B                     B5D5            equ	3707	;# 
  3597   000E7C                     B5D6            equ	3708	;# 
  3598   000E7D                     B5D7            equ	3709	;# 
  3599   000E7E                     CANSTAT_RO4     equ	3710	;# 
  3600   000E7F                     CANCON_RO4      equ	3711	;# 
  3601   000F00                     RXF0SIDH        equ	3840	;# 
  3602   000F01                     RXF0SIDL        equ	3841	;# 
  3603   000F02                     RXF0EIDH        equ	3842	;# 
  3604   000F03                     RXF0EIDL        equ	3843	;# 
  3605   000F04                     RXF1SIDH        equ	3844	;# 
  3606   000F05                     RXF1SIDL        equ	3845	;# 
  3607   000F06                     RXF1EIDH        equ	3846	;# 
  3608   000F07                     RXF1EIDL        equ	3847	;# 
  3609   000F08                     RXF2SIDH        equ	3848	;# 
  3610   000F09                     RXF2SIDL        equ	3849	;# 
  3611   000F0A                     RXF2EIDH        equ	3850	;# 
  3612   000F0B                     RXF2EIDL        equ	3851	;# 
  3613   000F0C                     RXF3SIDH        equ	3852	;# 
  3614   000F0D                     RXF3SIDL        equ	3853	;# 
  3615   000F0E                     RXF3EIDH        equ	3854	;# 
  3616   000F0F                     RXF3EIDL        equ	3855	;# 
  3617   000F10                     RXF4SIDH        equ	3856	;# 
  3618   000F11                     RXF4SIDL        equ	3857	;# 
  3619   000F12                     RXF4EIDH        equ	3858	;# 
  3620   000F13                     RXF4EIDL        equ	3859	;# 
  3621   000F14                     RXF5SIDH        equ	3860	;# 
  3622   000F15                     RXF5SIDL        equ	3861	;# 
  3623   000F16                     RXF5EIDH        equ	3862	;# 
  3624   000F17                     RXF5EIDL        equ	3863	;# 
  3625   000F18                     RXM0SIDH        equ	3864	;# 
  3626   000F19                     RXM0SIDL        equ	3865	;# 
  3627   000F1A                     RXM0EIDH        equ	3866	;# 
  3628   000F1B                     RXM0EIDL        equ	3867	;# 
  3629   000F1C                     RXM1SIDH        equ	3868	;# 
  3630   000F1D                     RXM1SIDL        equ	3869	;# 
  3631   000F1E                     RXM1EIDH        equ	3870	;# 
  3632   000F1F                     RXM1EIDL        equ	3871	;# 
  3633   000F20                     TXB2CON         equ	3872	;# 
  3634   000F21                     TXB2SIDH        equ	3873	;# 
  3635   000F22                     TXB2SIDL        equ	3874	;# 
  3636   000F23                     TXB2EIDH        equ	3875	;# 
  3637   000F24                     TXB2EIDL        equ	3876	;# 
  3638   000F25                     TXB2DLC         equ	3877	;# 
  3639   000F26                     TXB2D0          equ	3878	;# 
  3640   000F27                     TXB2D1          equ	3879	;# 
  3641   000F28                     TXB2D2          equ	3880	;# 
  3642   000F29                     TXB2D3          equ	3881	;# 
  3643   000F2A                     TXB2D4          equ	3882	;# 
  3644   000F2B                     TXB2D5          equ	3883	;# 
  3645   000F2C                     TXB2D6          equ	3884	;# 
  3646   000F2D                     TXB2D7          equ	3885	;# 
  3647   000F2E                     CANSTAT_RO3     equ	3886	;# 
  3648   000F2F                     CANCON_RO3      equ	3887	;# 
  3649   000F30                     TXB1CON         equ	3888	;# 
  3650   000F31                     TXB1SIDH        equ	3889	;# 
  3651   000F32                     TXB1SIDL        equ	3890	;# 
  3652   000F33                     TXB1EIDH        equ	3891	;# 
  3653   000F34                     TXB1EIDL        equ	3892	;# 
  3654   000F35                     TXB1DLC         equ	3893	;# 
  3655   000F36                     TXB1D0          equ	3894	;# 
  3656   000F37                     TXB1D1          equ	3895	;# 
  3657   000F38                     TXB1D2          equ	3896	;# 
  3658   000F39                     TXB1D3          equ	3897	;# 
  3659   000F3A                     TXB1D4          equ	3898	;# 
  3660   000F3B                     TXB1D5          equ	3899	;# 
  3661   000F3C                     TXB1D6          equ	3900	;# 
  3662   000F3D                     TXB1D7          equ	3901	;# 
  3663   000F3E                     CANSTAT_RO2     equ	3902	;# 
  3664   000F3F                     CANCON_RO2      equ	3903	;# 
  3665   000F40                     TXB0CON         equ	3904	;# 
  3666   000F41                     TXB0SIDH        equ	3905	;# 
  3667   000F42                     TXB0SIDL        equ	3906	;# 
  3668   000F43                     TXB0EIDH        equ	3907	;# 
  3669   000F44                     TXB0EIDL        equ	3908	;# 
  3670   000F45                     TXB0DLC         equ	3909	;# 
  3671   000F46                     TXB0D0          equ	3910	;# 
  3672   000F47                     TXB0D1          equ	3911	;# 
  3673   000F48                     TXB0D2          equ	3912	;# 
  3674   000F49                     TXB0D3          equ	3913	;# 
  3675   000F4A                     TXB0D4          equ	3914	;# 
  3676   000F4B                     TXB0D5          equ	3915	;# 
  3677   000F4C                     TXB0D6          equ	3916	;# 
  3678   000F4D                     TXB0D7          equ	3917	;# 
  3679   000F4E                     CANSTAT_RO1     equ	3918	;# 
  3680   000F4F                     CANCON_RO1      equ	3919	;# 
  3681   000F50                     RXB1CON         equ	3920	;# 
  3682   000F51                     RXB1SIDH        equ	3921	;# 
  3683   000F52                     RXB1SIDL        equ	3922	;# 
  3684   000F53                     RXB1EIDH        equ	3923	;# 
  3685   000F54                     RXB1EIDL        equ	3924	;# 
  3686   000F55                     RXB1DLC         equ	3925	;# 
  3687   000F56                     RXB1D0          equ	3926	;# 
  3688   000F57                     RXB1D1          equ	3927	;# 
  3689   000F58                     RXB1D2          equ	3928	;# 
  3690   000F59                     RXB1D3          equ	3929	;# 
  3691   000F5A                     RXB1D4          equ	3930	;# 
  3692   000F5B                     RXB1D5          equ	3931	;# 
  3693   000F5C                     RXB1D6          equ	3932	;# 
  3694   000F5D                     RXB1D7          equ	3933	;# 
  3695   000F5E                     CANSTAT_RO0     equ	3934	;# 
  3696   000F5F                     CANCON_RO0      equ	3935	;# 
  3697   000F60                     RXB0CON         equ	3936	;# 
  3698   000F61                     RXB0SIDH        equ	3937	;# 
  3699   000F62                     RXB0SIDL        equ	3938	;# 
  3700   000F63                     RXB0EIDH        equ	3939	;# 
  3701   000F64                     RXB0EIDL        equ	3940	;# 
  3702   000F65                     RXB0DLC         equ	3941	;# 
  3703   000F66                     RXB0D0          equ	3942	;# 
  3704   000F67                     RXB0D1          equ	3943	;# 
  3705   000F68                     RXB0D2          equ	3944	;# 
  3706   000F69                     RXB0D3          equ	3945	;# 
  3707   000F6A                     RXB0D4          equ	3946	;# 
  3708   000F6B                     RXB0D5          equ	3947	;# 
  3709   000F6C                     RXB0D6          equ	3948	;# 
  3710   000F6D                     RXB0D7          equ	3949	;# 
  3711   000F6E                     CANSTAT         equ	3950	;# 
  3712   000F6F                     CANCON          equ	3951	;# 
  3713   000F70                     BRGCON1         equ	3952	;# 
  3714   000F71                     BRGCON2         equ	3953	;# 
  3715   000F72                     BRGCON3         equ	3954	;# 
  3716   000F73                     CIOCON          equ	3955	;# 
  3717   000F74                     COMSTAT         equ	3956	;# 
  3718   000F75                     RXERRCNT        equ	3957	;# 
  3719   000F76                     TXERRCNT        equ	3958	;# 
  3720   000F77                     ECANCON         equ	3959	;# 
  3721   000F80                     PORTA           equ	3968	;# 
  3722   000F81                     PORTB           equ	3969	;# 
  3723   000F82                     PORTC           equ	3970	;# 
  3724   000F83                     PORTD           equ	3971	;# 
  3725   000F84                     PORTE           equ	3972	;# 
  3726   000F89                     LATA            equ	3977	;# 
  3727   000F8A                     LATB            equ	3978	;# 
  3728   000F8B                     LATC            equ	3979	;# 
  3729   000F8C                     LATD            equ	3980	;# 
  3730   000F8D                     LATE            equ	3981	;# 
  3731   000F92                     TRISA           equ	3986	;# 
  3732   000F92                     DDRA            equ	3986	;# 
  3733   000F93                     TRISB           equ	3987	;# 
  3734   000F93                     DDRB            equ	3987	;# 
  3735   000F94                     TRISC           equ	3988	;# 
  3736   000F94                     DDRC            equ	3988	;# 
  3737   000F95                     TRISD           equ	3989	;# 
  3738   000F95                     DDRD            equ	3989	;# 
  3739   000F96                     TRISE           equ	3990	;# 
  3740   000F96                     DDRE            equ	3990	;# 
  3741   000F9B                     OSCTUNE         equ	3995	;# 
  3742   000F9D                     PIE1            equ	3997	;# 
  3743   000F9E                     PIR1            equ	3998	;# 
  3744   000F9F                     IPR1            equ	3999	;# 
  3745   000FA0                     PIE2            equ	4000	;# 
  3746   000FA1                     PIR2            equ	4001	;# 
  3747   000FA2                     IPR2            equ	4002	;# 
  3748   000FA3                     PIE3            equ	4003	;# 
  3749   000FA4                     PIR3            equ	4004	;# 
  3750   000FA5                     IPR3            equ	4005	;# 
  3751   000FA6                     EECON1          equ	4006	;# 
  3752   000FA7                     EECON2          equ	4007	;# 
  3753   000FA8                     EEDATA          equ	4008	;# 
  3754   000FA9                     EEADR           equ	4009	;# 
  3755   000FAB                     RCSTA           equ	4011	;# 
  3756   000FAB                     RCSTA1          equ	4011	;# 
  3757   000FAC                     TXSTA           equ	4012	;# 
  3758   000FAC                     TXSTA1          equ	4012	;# 
  3759   000FAD                     TXREG           equ	4013	;# 
  3760   000FAD                     TXREG1          equ	4013	;# 
  3761   000FAE                     RCREG           equ	4014	;# 
  3762   000FAE                     RCREG1          equ	4014	;# 
  3763   000FAF                     SPBRG           equ	4015	;# 
  3764   000FAF                     SPBRG1          equ	4015	;# 
  3765   000FB0                     SPBRGH          equ	4016	;# 
  3766   000FB1                     T3CON           equ	4017	;# 
  3767   000FB2                     TMR3            equ	4018	;# 
  3768   000FB2                     TMR3L           equ	4018	;# 
  3769   000FB3                     TMR3H           equ	4019	;# 
  3770   000FB4                     CMCON           equ	4020	;# 
  3771   000FB5                     CVRCON          equ	4021	;# 
  3772   000FB6                     ECCP1AS         equ	4022	;# 
  3773   000FB7                     ECCP1DEL        equ	4023	;# 
  3774   000FB8                     BAUDCON         equ	4024	;# 
  3775   000FB8                     BAUDCTL         equ	4024	;# 
  3776   000FBA                     ECCP1CON        equ	4026	;# 
  3777   000FBB                     ECCPR1          equ	4027	;# 
  3778   000FBB                     ECCPR1L         equ	4027	;# 
  3779   000FBC                     ECCPR1H         equ	4028	;# 
  3780   000FBD                     CCP1CON         equ	4029	;# 
  3781   000FBE                     CCPR1           equ	4030	;# 
  3782   000FBE                     CCPR1L          equ	4030	;# 
  3783   000FBF                     CCPR1H          equ	4031	;# 
  3784   000FC0                     ADCON2          equ	4032	;# 
  3785   000FC1                     ADCON1          equ	4033	;# 
  3786   000FC2                     ADCON0          equ	4034	;# 
  3787   000FC3                     ADRES           equ	4035	;# 
  3788   000FC3                     ADRESL          equ	4035	;# 
  3789   000FC4                     ADRESH          equ	4036	;# 
  3790   000FC5                     SSPCON2         equ	4037	;# 
  3791   000FC6                     SSPCON1         equ	4038	;# 
  3792   000FC7                     SSPSTAT         equ	4039	;# 
  3793   000FC8                     SSPADD          equ	4040	;# 
  3794   000FC9                     SSPBUF          equ	4041	;# 
  3795   000FCA                     T2CON           equ	4042	;# 
  3796   000FCB                     PR2             equ	4043	;# 
  3797   000FCB                     MEMCON          equ	4043	;# 
  3798   000FCC                     TMR2            equ	4044	;# 
  3799   000FCD                     T1CON           equ	4045	;# 
  3800   000FCE                     TMR1            equ	4046	;# 
  3801   000FCE                     TMR1L           equ	4046	;# 
  3802   000FCF                     TMR1H           equ	4047	;# 
  3803   000FD0                     RCON            equ	4048	;# 
  3804   000FD1                     WDTCON          equ	4049	;# 
  3805   000FD2                     HLVDCON         equ	4050	;# 
  3806   000FD2                     LVDCON          equ	4050	;# 
  3807   000FD3                     OSCCON          equ	4051	;# 
  3808   000FD5                     T0CON           equ	4053	;# 
  3809   000FD6                     TMR0            equ	4054	;# 
  3810   000FD6                     TMR0L           equ	4054	;# 
  3811   000FD7                     TMR0H           equ	4055	;# 
  3812   000FD8                     STATUS          equ	4056	;# 
  3813   000FD9                     FSR2            equ	4057	;# 
  3814   000FD9                     FSR2L           equ	4057	;# 
  3815   000FDA                     FSR2H           equ	4058	;# 
  3816   000FDB                     PLUSW2          equ	4059	;# 
  3817   000FDC                     PREINC2         equ	4060	;# 
  3818   000FDD                     POSTDEC2        equ	4061	;# 
  3819   000FDE                     POSTINC2        equ	4062	;# 
  3820   000FDF                     INDF2           equ	4063	;# 
  3821   000FE0                     BSR             equ	4064	;# 
  3822   000FE1                     FSR1            equ	4065	;# 
  3823   000FE1                     FSR1L           equ	4065	;# 
  3824   000FE2                     FSR1H           equ	4066	;# 
  3825   000FE3                     PLUSW1          equ	4067	;# 
  3826   000FE4                     PREINC1         equ	4068	;# 
  3827   000FE5                     POSTDEC1        equ	4069	;# 
  3828   000FE6                     POSTINC1        equ	4070	;# 
  3829   000FE7                     INDF1           equ	4071	;# 
  3830   000FE8                     WREG            equ	4072	;# 
  3831   000FE9                     FSR0            equ	4073	;# 
  3832   000FE9                     FSR0L           equ	4073	;# 
  3833   000FEA                     FSR0H           equ	4074	;# 
  3834   000FEB                     PLUSW0          equ	4075	;# 
  3835   000FEC                     PREINC0         equ	4076	;# 
  3836   000FED                     POSTDEC0        equ	4077	;# 
  3837   000FEE                     POSTINC0        equ	4078	;# 
  3838   000FEF                     INDF0           equ	4079	;# 
  3839   000FF0                     INTCON3         equ	4080	;# 
  3840   000FF1                     INTCON2         equ	4081	;# 
  3841   000FF2                     INTCON          equ	4082	;# 
  3842   000FF3                     PROD            equ	4083	;# 
  3843   000FF3                     PRODL           equ	4083	;# 
  3844   000FF4                     PRODH           equ	4084	;# 
  3845   000FF5                     TABLAT          equ	4085	;# 
  3846   000FF6                     TBLPTR          equ	4086	;# 
  3847   000FF6                     TBLPTRL         equ	4086	;# 
  3848   000FF7                     TBLPTRH         equ	4087	;# 
  3849   000FF8                     TBLPTRU         equ	4088	;# 
  3850   000FF9                     PCLAT           equ	4089	;# 
  3851   000FF9                     PC              equ	4089	;# 
  3852   000FF9                     PCL             equ	4089	;# 
  3853   000FFA                     PCLATH          equ	4090	;# 
  3854   000FFB                     PCLATU          equ	4091	;# 
  3855   000FFC                     STKPTR          equ	4092	;# 
  3856   000FFD                     TOS             equ	4093	;# 
  3857   000FFD                     TOSL            equ	4093	;# 
  3858   000FFE                     TOSH            equ	4094	;# 
  3859   000FFF                     TOSU            equ	4095	;# 
  3860                           
  3861                           	psect	idataCOMRAM
  3862   001520                     __pidataCOMRAM:
  3863                           	callstack 0
  3864                           
  3865                           ;initializer for read_matrix_keypad@once
  3866   001520  01                 	db	1
  3867                           
  3868                           ;initializer for set_time@blink
  3869   001521  01                 	db	1
  3870                           
  3871                           ;initializer for _first_entry
  3872   001522  01                 	db	1
  3873                           
  3874                           ;initializer for _original_password
  3875   001523  31                 	db	49
  3876   001524  31                 	db	49
  3877   001525  31                 	db	49
  3878   001526  31                 	db	49
  3879   001527  31                 	db	49
  3880   001528  31                 	db	49
  3881   001529  31                 	db	49
  3882   00152A  31                 	db	49
  3883   00152B  00                 	db	0
  3884                           
  3885                           	psect	idataBANK0
  3886   00175E                     __pidataBANK0:
  3887                           	callstack 0
  3888                           
  3889                           ;initializer for _menu
  3890   00175E  56                 	db	86
  3891   00175F  69                 	db	105
  3892   001760  65                 	db	101
  3893   001761  77                 	db	119
  3894   001762  5F                 	db	95
  3895   001763  4C                 	db	76
  3896   001764  6F                 	db	111
  3897   001765  67                 	db	103
  3898   001766  00                 	db	0
  3899   001767  00                 	db	0
  3900   001768  00                 	db	0
  3901   001769  00                 	db	0
  3902   00176A  00                 	db	0
  3903   00176B  43                 	db	67
  3904   00176C  6C                 	db	108
  3905   00176D  65                 	db	101
  3906   00176E  61                 	db	97
  3907   00176F  72                 	db	114
  3908   001770  5F                 	db	95
  3909   001771  4C                 	db	76
  3910   001772  6F                 	db	111
  3911   001773  67                 	db	103
  3912   001774  00                 	db	0
  3913   001775  00                 	db	0
  3914   001776  00                 	db	0
  3915   001777  00                 	db	0
  3916   001778  53                 	db	83
  3917   001779  65                 	db	101
  3918   00177A  74                 	db	116
  3919   00177B  5F                 	db	95
  3920   00177C  54                 	db	84
  3921   00177D  69                 	db	105
  3922   00177E  6D                 	db	109
  3923   00177F  65                 	db	101
  3924   001780  00                 	db	0
  3925   001781  00                 	db	0
  3926   001782  00                 	db	0
  3927   001783  00                 	db	0
  3928   001784  00                 	db	0
  3929   001785  44                 	db	68
  3930   001786  6F                 	db	111
  3931   001787  77                 	db	119
  3932   001788  6E                 	db	110
  3933   001789  6C                 	db	108
  3934   00178A  6F                 	db	111
  3935   00178B  61                 	db	97
  3936   00178C  64                 	db	100
  3937   00178D  5F                 	db	95
  3938   00178E  4C                 	db	76
  3939   00178F  6F                 	db	111
  3940   001790  67                 	db	103
  3941   001791  00                 	db	0
  3942                           
  3943                           ;initializer for _gear
  3944   001792  4E                 	db	78
  3945   001793  55                 	db	85
  3946   001794  00                 	db	0
  3947   001795  47                 	db	71
  3948   001796  31                 	db	49
  3949   001797  00                 	db	0
  3950   001798  47                 	db	71
  3951   001799  32                 	db	50
  3952   00179A  00                 	db	0
  3953   00179B  47                 	db	71
  3954   00179C  33                 	db	51
  3955   00179D  00                 	db	0
  3956   00179E  47                 	db	71
  3957   00179F  34                 	db	52
  3958   0017A0  00                 	db	0
  3959   0017A1  47                 	db	71
  3960   0017A2  35                 	db	53
  3961   0017A3  00                 	db	0
  3962   0017A4  52                 	db	82
  3963   0017A5  45                 	db	69
  3964   0017A6  20                 	db	32
  3965   0017A7  43                 	db	67
  3966   0017A8  43                 	db	67
  3967   0017A9  00                 	db	0
  3968                           
  3969                           	psect	mediumconst
  3970   002F02                     __pmediumconst:
  3971                           	callstack 0
  3972   002F02  00                 	db	0
  3973   002F03                     set_time@next_field:
  3974                           	callstack 0
  3975   002F03  02                 	db	2
  3976   002F04  00                 	db	0
  3977   002F05  01                 	db	1
  3978   002F06                     __end_ofset_time@next_field:
  3979                           	callstack 0
  3980   000FAE                     _RCREG          set	4014
  3981   000FAD                     _TXREG          set	4013
  3982   000FAF                     _SPBRG          set	4015
  3983   000F81                     _PORTBbits      set	3969
  3984   000F81                     _PORTB          set	3969
  3985   000F93                     _TRISB          set	3987
  3986   000FC9                     _SSPBUF         set	4041
  3987   000FC8                     _SSPADD         set	4040
  3988   000FC6                     _SSPCON1        set	4038
  3989   000F94                     _TRISC          set	3988
  3990   000F95                     _TRISD          set	3989
  3991   000F83                     _PORTD          set	3971
  3992   000FC2                     _ADCON0         set	4034
  3993   000FC1                     _ADCON1         set	4033
  3994   000FC3                     _ADRESL         set	4035
  3995   000FC4                     _ADRESH         set	4036
  3996   007CF5                     _RCIF           set	31989
  3997   007CF4                     _TXIF           set	31988
  3998   007DC0                     _ABDEN          set	32192
  3999   007DC1                     _WUE            set	32193
  4000   007DC3                     _BRG16          set	32195
  4001   007DC7                     _ABDOVF         set	32199
  4002   007D5F                     _SPEN           set	32095
  4003   007D5E                     _RX9            set	32094
  4004   007D5C                     _CREN           set	32092
  4005   007D66                     _TX9            set	32102
  4006   007D65                     _TXEN           set	32101
  4007   007D64                     _SYNC           set	32100
  4008   007D63                     _SENDB          set	32099
  4009   007D62                     _BRGH           set	32098
  4010   007CA7                     _TRISC7         set	31911
  4011   007CA6                     _TRISC6         set	31910
  4012   007F8F                     _RBPU           set	32655
  4013   007E2C                     _ACKEN          set	32300
  4014   007E2D                     _ACKDT          set	32301
  4015   007E2B                     _RCEN           set	32299
  4016   007E29                     _RSEN           set	32297
  4017   007E2A                     _PEN            set	32298
  4018   007E28                     _SEN            set	32296
  4019   007E2E                     _ACKSTAT        set	32302
  4020   007D0B                     _BCLIF          set	32011
  4021   007CF3                     _SSPIF          set	31987
  4022   007E3F                     _SMP            set	32319
  4023   007E3E                     _CKE            set	32318
  4024   007CA4                     _TRISC4         set	31908
  4025   007CA3                     _TRISC3         set	31907
  4026   007C1F                     _RD7            set	31775
  4027   007C10                     _RC0            set	31760
  4028   007CAF                     _TRISD7         set	31919
  4029   007C12                     _RC2            set	31762
  4030   007C11                     _RC1            set	31761
  4031   007E11                     _GO             set	32273
  4032   007E10                     _ADON           set	32272
  4033   007E0C                     _VCFG0          set	32268
  4034   007E0D                     _VCFG1          set	32269
  4035   007E11                     _GODONE         set	32273
  4036   007E02                     _ADCS2          set	32258
  4037   007E01                     _ADCS1          set	32257
  4038   007E00                     _ADCS0          set	32256
  4039   007E03                     _ACQT0          set	32259
  4040   007E04                     _ACQT1          set	32260
  4041   007E05                     _ACQT2          set	32261
  4042   007E07                     _ADFM           set	32263
  4043   002F06                     STR_28:
  4044   002F06  53                 	db	83	;'S'
  4045   002F07  2E                 	db	46
  4046   002F08  4E                 	db	78	;'N'
  4047   002F09  4F                 	db	79	;'O'
  4048   002F0A  20                 	db	32
  4049   002F0B  54                 	db	84	;'T'
  4050   002F0C  49                 	db	73	;'I'
  4051   002F0D  4D                 	db	77	;'M'
  4052   002F0E  45                 	db	69	;'E'
  4053   002F0F  20                 	db	32
  4054   002F10  20                 	db	32
  4055   002F11  20                 	db	32
  4056   002F12  20                 	db	32
  4057   002F13  20                 	db	32
  4058   002F14  45                 	db	69	;'E'
  4059   002F15  56                 	db	86	;'V'
  4060   002F16  45                 	db	69	;'E'
  4061   002F17  4E                 	db	78	;'N'
  4062   002F18  54                 	db	84	;'T'
  4063   002F19  20                 	db	32
  4064   002F1A  20                 	db	32
  4065   002F1B  53                 	db	83	;'S'
  4066   002F1C  50                 	db	80	;'P'
  4067   002F1D  45                 	db	69	;'E'
  4068   002F1E  45                 	db	69	;'E'
  4069   002F1F  44                 	db	68	;'D'
  4070   002F20  0D                 	db	13
  4071   002F21  0A                 	db	10
  4072   002F22  00                 	db	0
  4073   002F23                     STR_33:
  4074   002F23  20                 	db	32
  4075   002F24  20                 	db	32
  4076   002F25  20                 	db	32
  4077   002F26  20                 	db	32
  4078   002F27  20                 	db	32
  4079   002F28  4E                 	db	78	;'N'
  4080   002F29  4F                 	db	79	;'O'
  4081   002F2A  20                 	db	32
  4082   002F2B  4C                 	db	76	;'L'
  4083   002F2C  4F                 	db	79	;'O'
  4084   002F2D  47                 	db	71	;'G'
  4085   002F2E  53                 	db	83	;'S'
  4086   002F2F  20                 	db	32
  4087   002F30  46                 	db	70	;'F'
  4088   002F31  4F                 	db	79	;'O'
  4089   002F32  55                 	db	85	;'U'
  4090   002F33  4E                 	db	78	;'N'
  4091   002F34  44                 	db	68	;'D'
  4092   002F35  20                 	db	32
  4093   002F36  20                 	db	32
  4094   002F37  20                 	db	32
  4095   002F38  00                 	db	0
  4096   002F39                     STR_16:
  4097   002F39  54                 	db	84	;'T'
  4098   002F3A  49                 	db	73	;'I'
  4099   002F3B  4D                 	db	77	;'M'
  4100   002F3C  45                 	db	69	;'E'
  4101   002F3D  20                 	db	32
  4102   002F3E  20                 	db	32
  4103   002F3F  20                 	db	32
  4104   002F40  20                 	db	32
  4105   002F41  45                 	db	69	;'E'
  4106   002F42  56                 	db	86	;'V'
  4107   002F43  45                 	db	69	;'E'
  4108   002F44  4E                 	db	78	;'N'
  4109   002F45  54                 	db	84	;'T'
  4110   002F46  20                 	db	32
  4111   002F47  53                 	db	83	;'S'
  4112   002F48  50                 	db	80	;'P'
  4113   002F49  00                 	db	0
  4114   002F4A                     STR_1:
  4115   002F4A  20                 	db	32
  4116   002F4B  20                 	db	32
  4117   002F4C  20                 	db	32
  4118   002F4D  20                 	db	32
  4119   002F4E  20                 	db	32
  4120   002F4F  20                 	db	32
  4121   002F50  20                 	db	32
  4122   002F51  20                 	db	32
  4123   002F52  20                 	db	32
  4124   002F53  20                 	db	32
  4125   002F54  20                 	db	32
  4126   002F55  20                 	db	32
  4127   002F56  20                 	db	32
  4128   002F57  20                 	db	32
  4129   002F58  20                 	db	32
  4130   002F59  20                 	db	32
  4131   002F5A  00                 	db	0
  4132   002F5B                     STR_36:
  4133   002F5B  4C                 	db	76	;'L'
  4134   002F5C  4F                 	db	79	;'O'
  4135   002F5D  47                 	db	71	;'G'
  4136   002F5E  20                 	db	32
  4137   002F5F  49                 	db	73	;'I'
  4138   002F60  53                 	db	83	;'S'
  4139   002F61  20                 	db	32
  4140   002F62  43                 	db	67	;'C'
  4141   002F63  4C                 	db	76	;'L'
  4142   002F64  45                 	db	69	;'E'
  4143   002F65  41                 	db	65	;'A'
  4144   002F66  54                 	db	84	;'T'
  4145   002F67  52                 	db	82	;'R'
  4146   002F68  45                 	db	69	;'E'
  4147   002F69  44                 	db	68	;'D'
  4148   002F6A  00                 	db	0
  4149   002F6B                     STR_3:
  4150   002F6B  50                 	db	80	;'P'
  4151   002F6C  41                 	db	65	;'A'
  4152   002F6D  53                 	db	83	;'S'
  4153   002F6E  53                 	db	83	;'S'
  4154   002F6F  57                 	db	87	;'W'
  4155   002F70  4F                 	db	79	;'O'
  4156   002F71  52                 	db	82	;'R'
  4157   002F72  44                 	db	68	;'D'
  4158   002F73  20                 	db	32
  4159   002F74  53                 	db	83	;'S'
  4160   002F75  43                 	db	67	;'C'
  4161   002F76  52                 	db	82	;'R'
  4162   002F77  45                 	db	69	;'E'
  4163   002F78  45                 	db	69	;'E'
  4164   002F79  4E                 	db	78	;'N'
  4165   002F7A  00                 	db	0
  4166   002F7B                     STR_31:
  4167   002F7B  44                 	db	68	;'D'
  4168   002F7C  4F                 	db	79	;'O'
  4169   002F7D  57                 	db	87	;'W'
  4170   002F7E  4E                 	db	78	;'N'
  4171   002F7F  4C                 	db	76	;'L'
  4172   002F80  4F                 	db	79	;'O'
  4173   002F81  41                 	db	65	;'A'
  4174   002F82  44                 	db	68	;'D'
  4175   002F83  49                 	db	73	;'I'
  4176   002F84  4E                 	db	78	;'N'
  4177   002F85  47                 	db	71	;'G'
  4178   002F86  2E                 	db	46
  4179   002F87  2E                 	db	46
  4180   002F88  2E                 	db	46
  4181   002F89  00                 	db	0
  4182   002F8A                     STR_5:
  4183   002F8A  45                 	db	69	;'E'
  4184   002F8B  4E                 	db	78	;'N'
  4185   002F8C  54                 	db	84	;'T'
  4186   002F8D  45                 	db	69	;'E'
  4187   002F8E  52                 	db	82	;'R'
  4188   002F8F  20                 	db	32
  4189   002F90  50                 	db	80	;'P'
  4190   002F91  41                 	db	65	;'A'
  4191   002F92  53                 	db	83	;'S'
  4192   002F93  53                 	db	83	;'S'
  4193   002F94  57                 	db	87	;'W'
  4194   002F95  4F                 	db	79	;'O'
  4195   002F96  52                 	db	82	;'R'
  4196   002F97  44                 	db	68	;'D'
  4197   002F98  00                 	db	0
  4198   002F99                     STR_10:
  4199   002F99  53                 	db	83	;'S'
  4200   002F9A  59                 	db	89	;'Y'
  4201   002F9B  53                 	db	83	;'S'
  4202   002F9C  54                 	db	84	;'T'
  4203   002F9D  45                 	db	69	;'E'
  4204   002F9E  4D                 	db	77	;'M'
  4205   002F9F  20                 	db	32
  4206   002FA0  4C                 	db	76	;'L'
  4207   002FA1  4F                 	db	79	;'O'
  4208   002FA2  43                 	db	67	;'C'
  4209   002FA3  4B                 	db	75	;'K'
  4210   002FA4  45                 	db	69	;'E'
  4211   002FA5  44                 	db	68	;'D'
  4212   002FA6  00                 	db	0
  4213   002FA7                     STR_8:
  4214   002FA7  41                 	db	65	;'A'
  4215   002FA8  54                 	db	84	;'T'
  4216   002FA9  54                 	db	84	;'T'
  4217   002FAA  45                 	db	69	;'E'
  4218   002FAB  4D                 	db	77	;'M'
  4219   002FAC  50                 	db	80	;'P'
  4220   002FAD  54                 	db	84	;'T'
  4221   002FAE  53                 	db	83	;'S'
  4222   002FAF  20                 	db	32
  4223   002FB0  4C                 	db	76	;'L'
  4224   002FB1  45                 	db	69	;'E'
  4225   002FB2  46                 	db	70	;'F'
  4226   002FB3  54                 	db	84	;'T'
  4227   002FB4  00                 	db	0
  4228   002FB5                     STR_7:
  4229   002FB5  57                 	db	87	;'W'
  4230   002FB6  52                 	db	82	;'R'
  4231   002FB7  4F                 	db	79	;'O'
  4232   002FB8  4E                 	db	78	;'N'
  4233   002FB9  47                 	db	71	;'G'
  4234   002FBA  20                 	db	32
  4235   002FBB  50                 	db	80	;'P'
  4236   002FBC  41                 	db	65	;'A'
  4237   002FBD  53                 	db	83	;'S'
  4238   002FBE  53                 	db	83	;'S'
  4239   002FBF  57                 	db	87	;'W'
  4240   002FC0  44                 	db	68	;'D'
  4241   002FC1  00                 	db	0
  4242   002FC2                     STR_24:
  4243   002FC2  4C                 	db	76	;'L'
  4244   002FC3  4F                 	db	79	;'O'
  4245   002FC4  47                 	db	71	;'G'
  4246   002FC5  20                 	db	32
  4247   002FC6  44                 	db	68	;'D'
  4248   002FC7  45                 	db	69	;'E'
  4249   002FC8  54                 	db	84	;'T'
  4250   002FC9  41                 	db	65	;'A'
  4251   002FCA  49                 	db	73	;'I'
  4252   002FCB  4C                 	db	76	;'L'
  4253   002FCC  53                 	db	83	;'S'
  4254   002FCD  00                 	db	0
  4255   002FCE                     STR_12:
  4256   002FCE  52                 	db	82	;'R'
  4257   002FCF  45                 	db	69	;'E'
  4258   002FD0  53                 	db	83	;'S'
  4259   002FD1  45                 	db	69	;'E'
  4260   002FD2  54                 	db	84	;'T'
  4261   002FD3  20                 	db	32
  4262   002FD4  42                 	db	66	;'B'
  4263   002FD5  4F                 	db	79	;'O'
  4264   002FD6  41                 	db	65	;'A'
  4265   002FD7  52                 	db	82	;'R'
  4266   002FD8  44                 	db	68	;'D'
  4267   002FD9  00                 	db	0
  4268   002FDA                     STR_4:
  4269   002FDA  44                 	db	68	;'D'
  4270   002FDB  41                 	db	65	;'A'
  4271   002FDC  53                 	db	83	;'S'
  4272   002FDD  48                 	db	72	;'H'
  4273   002FDE  42                 	db	66	;'B'
  4274   002FDF  4F                 	db	79	;'O'
  4275   002FE0  41                 	db	65	;'A'
  4276   002FE1  52                 	db	82	;'R'
  4277   002FE2  44                 	db	68	;'D'
  4278   002FE3  00                 	db	0
  4279   002FE4                     STR_38:
  4280   002FE4  53                 	db	83	;'S'
  4281   002FE5  45                 	db	69	;'E'
  4282   002FE6  54                 	db	84	;'T'
  4283   002FE7  20                 	db	32
  4284   002FE8  54                 	db	84	;'T'
  4285   002FE9  49                 	db	73	;'I'
  4286   002FEA  4D                 	db	77	;'M'
  4287   002FEB  45                 	db	69	;'E'
  4288   002FEC  00                 	db	0
  4289   002FED                     STR_26:
  4290   002FED  4E                 	db	78	;'N'
  4291   002FEE  4F                 	db	79	;'O'
  4292   002FEF  20                 	db	32
  4293   002FF0  4C                 	db	76	;'L'
  4294   002FF1  4F                 	db	79	;'O'
  4295   002FF2  47                 	db	71	;'G'
  4296   002FF3  53                 	db	83	;'S'
  4297   002FF4  00                 	db	0
  4298   002FF5                     STR_34:
  4299   002FF5  0A                 	db	10
  4300   002FF6  0D                 	db	13
  4301   002FF7  00                 	db	0
  4302   002FF8                     STR_20:
  4303   002FF8  2D                 	db	45
  4304   002FF9  3E                 	db	62	;'>'
  4305   002FFA  00                 	db	0
  4306   002F8A                     STR_14          equ	STR_5
  4307   002FF8                     STR_22          equ	STR_20
  4308   002F4A                     STR_2           equ	STR_1
  4309   002F4A                     STR_6           equ	STR_1
  4310   002F4A                     STR_9           equ	STR_1
  4311   002F4A                     STR_11          equ	STR_1
  4312   002F4A                     STR_13          equ	STR_1
  4313   002F4A                     STR_15          equ	STR_1
  4314   002F4A                     STR_17          equ	STR_1
  4315   002F4A                     STR_18          equ	STR_1
  4316   002F4A                     STR_23          equ	STR_1
  4317   002F4A                     STR_25          equ	STR_1
  4318   002F4A                     STR_27          equ	STR_1
  4319   002F4A                     STR_30          equ	STR_1
  4320   002F4A                     STR_32          equ	STR_1
  4321   002F4A                     STR_35          equ	STR_1
  4322   002F4A                     STR_37          equ	STR_1
  4323   002F58                     STR_19          equ	STR_1+14
  4324   002F58                     STR_21          equ	STR_1+14
  4325   002F20                     STR_29          equ	STR_28+26
  4326   002FFB  00                 	db	0	; dummy byte at the end
  4327   002F02                     __smallconst    set	__pmediumconst
  4328   002F02                     __mediumconst   set	__pmediumconst
  4329   000002                     __activetblptr  equ	2
  4330                           
  4331                           ; #config settings
  4332                           
  4333                           	psect	cinit
  4334   001902                     __pcinit:
  4335                           	callstack 0
  4336   001902                     start_initialization:
  4337                           	callstack 0
  4338   001902                     __initialization:
  4339                           	callstack 0
  4340                           
  4341                           ; Initialize objects allocated to BANK0 (76 bytes)
  4342                           ; load TBLPTR registers with __pidataBANK0
  4343   001902  0E5E               	movlw	low __pidataBANK0
  4344   001904  6EF6               	movwf	tblptrl,c
  4345   001906  0E17               	movlw	high __pidataBANK0
  4346   001908  6EF7               	movwf	tblptrh,c
  4347   00190A  0E00               	movlw	low (__pidataBANK0 shr (0+16))
  4348   00190C  6EF8               	movwf	tblptru,c
  4349   00190E  EE00  F060         	lfsr	0,__pdataBANK0
  4350   001912  EE10 F04C          	lfsr	1,76
  4351   001916                     copy_data0:
  4352   001916  0009               	tblrd		*+
  4353   001918  CFF5 FFEE          	movff	tablat,postinc0
  4354   00191C  50E5               	movf	postdec1,w,c
  4355   00191E  50E1               	movf	fsr1l,w,c
  4356   001920  E1FA               	bnz	copy_data0
  4357                           
  4358                           ; Initialize objects allocated to COMRAM (12 bytes)
  4359                           ; load TBLPTR registers with __pidataCOMRAM
  4360   001922  0E20               	movlw	low __pidataCOMRAM
  4361   001924  6EF6               	movwf	tblptrl,c
  4362   001926  0E15               	movlw	high __pidataCOMRAM
  4363   001928  6EF7               	movwf	tblptrh,c
  4364   00192A  0E00               	movlw	low (__pidataCOMRAM shr (0+16))
  4365   00192C  6EF8               	movwf	tblptru,c
  4366   00192E  EE00  F053         	lfsr	0,__pdataCOMRAM
  4367   001932  EE10 F00C          	lfsr	1,12
  4368   001936                     copy_data1:
  4369   001936  0009               	tblrd		*+
  4370   001938  CFF5 FFEE          	movff	tablat,postinc0
  4371   00193C  50E5               	movf	postdec1,w,c
  4372   00193E  50E1               	movf	fsr1l,w,c
  4373   001940  E1FA               	bnz	copy_data1
  4374                           
  4375                           ; Clear objects allocated to BANK0 (17 bytes)
  4376   001942  EE00  F0AC         	lfsr	0,__pbssBANK0
  4377   001946  0E11               	movlw	17
  4378   001948                     clear_0:
  4379   001948  6AEE               	clrf	postinc0,c
  4380   00194A  06E8               	decf	wreg,f,c
  4381   00194C  E1FD               	bnz	clear_0
  4382                           
  4383                           ; Clear objects allocated to COMRAM (50 bytes)
  4384   00194E  EE00  F001         	lfsr	0,__pbssCOMRAM
  4385   001952  0E32               	movlw	50
  4386   001954                     clear_1:
  4387   001954  6AEE               	clrf	postinc0,c
  4388   001956  06E8               	decf	wreg,f,c
  4389   001958  E1FD               	bnz	clear_1
  4390   00195A                     end_of_initialization:
  4391                           	callstack 0
  4392   00195A                     __end_of__initialization:
  4393                           	callstack 0
  4394   00195A  0E00               	movlw	low (__Lmediumconst shr (0+16))
  4395   00195C  6EF8               	movwf	tblptru,c
  4396   00195E  0100               	movlb	0
  4397   001960  EF32  F014         	goto	_main	;jump to C main() function
  4398                           
  4399                           	psect	bssCOMRAM
  4400   000001                     __pbssCOMRAM:
  4401                           	callstack 0
  4402   000001                     set_time@set_time:
  4403                           	callstack 0
  4404   000001                     	ds	3
  4405   000004                     _clock_reg:
  4406                           	callstack 0
  4407   000004                     	ds	3
  4408   000007                     set_time@blink_count:
  4409                           	callstack 0
  4410   000007                     	ds	2
  4411   000009                     _log_index:
  4412                           	callstack 0
  4413   000009                     	ds	2
  4414   00000B                     _count:
  4415                           	callstack 0
  4416   00000B                     	ds	2
  4417   00000D                     blink_cursor@ccount:
  4418                           	callstack 0
  4419   00000D                     	ds	2
  4420   00000F                     _attempts:
  4421                           	callstack 0
  4422   00000F                     	ds	2
  4423   000011                     _index:
  4424                           	callstack 0
  4425   000011                     	ds	2
  4426   000013                     set_time@init_flag:
  4427                           	callstack 0
  4428   000013                     	ds	1
  4429   000014                     set_time@field:
  4430                           	callstack 0
  4431   000014                     	ds	1
  4432   000015                     _eeprom_addr:
  4433                           	callstack 0
  4434   000015                     	ds	1
  4435   000016                     _index_uart:
  4436                           	callstack 0
  4437   000016                     	ds	1
  4438   000017                     _address:
  4439                           	callstack 0
  4440   000017                     	ds	1
  4441   000018                     _gear_index:
  4442                           	callstack 0
  4443   000018                     	ds	1
  4444   000019                     _arrow_pos:
  4445                           	callstack 0
  4446   000019                     	ds	1
  4447   00001A                     _menu_pos:
  4448                           	callstack 0
  4449   00001A                     	ds	1
  4450   00001B                     _toggle_key:
  4451                           	callstack 0
  4452   00001B                     	ds	1
  4453   00001C                     _key:
  4454                           	callstack 0
  4455   00001C                     	ds	1
  4456   00001D                     _state:
  4457                           	callstack 0
  4458   00001D                     	ds	1
  4459   00001E                     _time:
  4460                           	callstack 0
  4461   00001E                     	ds	9
  4462   000027                     _user_password:
  4463                           	callstack 0
  4464   000027                     	ds	9
  4465   000030                     _speed_data:
  4466                           	callstack 0
  4467   000030                     	ds	3
  4468                           
  4469                           	psect	dataCOMRAM
  4470   000053                     __pdataCOMRAM:
  4471                           	callstack 0
  4472   000053                     read_matrix_keypad@once:
  4473                           	callstack 0
  4474   000053                     	ds	1
  4475   000054                     set_time@blink:
  4476                           	callstack 0
  4477   000054                     	ds	1
  4478   000055                     _first_entry:
  4479                           	callstack 0
  4480   000055                     	ds	1
  4481   000056                     _original_password:
  4482                           	callstack 0
  4483   000056                     	ds	9
  4484                           
  4485                           	psect	bssBANK0
  4486   0000AC                     __pbssBANK0:
  4487                           	callstack 0
  4488   0000AC                     _log_uart:
  4489                           	callstack 0
  4490   0000AC                     	ds	17
  4491                           
  4492                           	psect	dataBANK0
  4493   000060                     __pdataBANK0:
  4494                           	callstack 0
  4495   000060                     _menu:
  4496                           	callstack 0
  4497   000060                     	ds	52
  4498   000094                     _gear:
  4499                           	callstack 0
  4500   000094                     	ds	24
  4501                           
  4502                           	psect	cstackCOMRAM
  4503   000033                     __pcstackCOMRAM:
  4504                           	callstack 0
  4505   000033                     ?___awdiv:
  4506                           	callstack 0
  4507   000033                     ?___awmod:
  4508                           	callstack 0
  4509   000033                     ?___lwdiv:
  4510                           	callstack 0
  4511   000033                     ?___lwmod:
  4512                           	callstack 0
  4513   000033                     ?_my_strcmp:
  4514                           	callstack 0
  4515   000033                     ?_read_adc:
  4516                           	callstack 0
  4517   000033                     ?___lmul:
  4518                           	callstack 0
  4519   000033                     my_strcmp@str1:
  4520                           	callstack 0
  4521   000033                     clcd_write@control_bit:
  4522                           	callstack 0
  4523   000033                     i2c_write@data:
  4524                           	callstack 0
  4525   000033                     read_matrix_keypad@triggering_method:
  4526                           	callstack 0
  4527   000033                     putchar@data:
  4528                           	callstack 0
  4529   000033                     ___awdiv@dividend:
  4530                           	callstack 0
  4531   000033                     ___awmod@dividend:
  4532                           	callstack 0
  4533   000033                     ___lwdiv@dividend:
  4534                           	callstack 0
  4535   000033                     ___lwmod@dividend:
  4536                           	callstack 0
  4537   000033                     ___lmul@multiplier:
  4538                           	callstack 0
  4539   000033                     
  4540                           ; 1 bytes @ 0x0
  4541   000033                     	ds	1
  4542   000034                     my_strcmp@str2:
  4543                           	callstack 0
  4544   000034                     clcd_write@byte:
  4545                           	callstack 0
  4546   000034                     write_AT24C04@data:
  4547                           	callstack 0
  4548   000034                     read_AT24C04@address:
  4549                           	callstack 0
  4550   000034                     read_matrix_keypad@key:
  4551                           	callstack 0
  4552   000034                     read_ds1307@address:
  4553                           	callstack 0
  4554   000034                     puts@data:
  4555                           	callstack 0
  4556   000034                     
  4557                           ; 1 bytes @ 0x1
  4558   000034                     	ds	1
  4559   000035                     clcd_putch@addr:
  4560                           	callstack 0
  4561   000035                     read_AT24C04@data:
  4562                           	callstack 0
  4563   000035                     read_ds1307@data:
  4564                           	callstack 0
  4565   000035                     clcd_print@data:
  4566                           	callstack 0
  4567   000035                     ___awdiv@divisor:
  4568                           	callstack 0
  4569   000035                     ___awmod@divisor:
  4570                           	callstack 0
  4571   000035                     ___lwdiv@divisor:
  4572                           	callstack 0
  4573   000035                     ___lwmod@divisor:
  4574                           	callstack 0
  4575   000035                     ??_init_clcd:
  4576   000035                     ??_write_AT24C04:
  4577   000035                     ??_read_adc:
  4578                           
  4579                           ; 1 bytes @ 0x2
  4580   000035                     	ds	1
  4581   000036                     clcd_putch@data:
  4582                           	callstack 0
  4583   000036                     write_AT24C04@address:
  4584                           	callstack 0
  4585   000036                     
  4586                           ; 1 bytes @ 0x3
  4587   000036                     	ds	1
  4588   000037                     read_password@key:
  4589                           	callstack 0
  4590   000037                     clcd_print@addr:
  4591                           	callstack 0
  4592   000037                     ___awdiv@counter:
  4593                           	callstack 0
  4594   000037                     ___awmod@counter:
  4595                           	callstack 0
  4596   000037                     ___lwmod@counter:
  4597                           	callstack 0
  4598   000037                     my_strcmp@i:
  4599                           	callstack 0
  4600   000037                     read_adc@reg_val:
  4601                           	callstack 0
  4602   000037                     ___lwdiv@quotient:
  4603                           	callstack 0
  4604   000037                     ___lmul@multiplicand:
  4605                           	callstack 0
  4606   000037                     
  4607                           ; 1 bytes @ 0x4
  4608   000037                     	ds	1
  4609   000038                     store_log@speed:
  4610                           	callstack 0
  4611   000038                     ___awdiv@sign:
  4612                           	callstack 0
  4613   000038                     ___awmod@sign:
  4614                           	callstack 0
  4615   000038                     view_log@log:
  4616                           	callstack 0
  4617   000038                     ??_display_main_menu:
  4618   000038                     ??_download_log:
  4619   000038                     
  4620                           ; 1 bytes @ 0x5
  4621   000038                     	ds	1
  4622   000039                     read_adc@channel:
  4623                           	callstack 0
  4624   000039                     display_main_menu@index:
  4625                           	callstack 0
  4626   000039                     ___lwdiv@counter:
  4627                           	callstack 0
  4628   000039                     ___awdiv@quotient:
  4629                           	callstack 0
  4630   000039                     ??_store_log:
  4631                           
  4632                           ; 1 bytes @ 0x6
  4633   000039                     	ds	1
  4634   00003A                     store_log@gear_index:
  4635                           	callstack 0
  4636   00003A                     download_log@uart_log:
  4637                           	callstack 0
  4638                           
  4639                           ; 17 bytes @ 0x7
  4640   00003A                     	ds	1
  4641   00003B                     write_ds1307@data:
  4642                           	callstack 0
  4643   00003B                     ___lmul@product:
  4644                           	callstack 0
  4645   00003B                     ??_get_gear:
  4646   00003B                     
  4647                           ; 1 bytes @ 0x8
  4648   00003B                     	ds	1
  4649   00003C                     get_gear@gear_changed:
  4650                           	callstack 0
  4651   00003C                     write_ds1307@address:
  4652                           	callstack 0
  4653   00003C                     
  4654                           ; 1 bytes @ 0x9
  4655   00003C                     	ds	1
  4656   00003D                     init_ds1307@dummy:
  4657                           	callstack 0
  4658   00003D                     ??_set_time:
  4659                           
  4660                           ; 1 bytes @ 0xA
  4661   00003D                     	ds	1
  4662   00003E                     
  4663                           ; 1 bytes @ 0xB
  4664   00003E                     	ds	1
  4665   00003F                     ?___lldiv:
  4666                           	callstack 0
  4667   00003F                     _set_time$284:
  4668                           	callstack 0
  4669   00003F                     ___lldiv@dividend:
  4670                           	callstack 0
  4671                           
  4672                           ; 4 bytes @ 0xC
  4673   00003F                     	ds	2
  4674   000041                     _set_time$285:
  4675                           	callstack 0
  4676                           
  4677                           ; 2 bytes @ 0xE
  4678   000041                     	ds	2
  4679   000043                     _set_time$286:
  4680                           	callstack 0
  4681   000043                     ___lldiv@divisor:
  4682                           	callstack 0
  4683                           
  4684                           ; 4 bytes @ 0x10
  4685   000043                     	ds	2
  4686   000045                     set_time@display:
  4687                           	callstack 0
  4688                           
  4689                           ; 9 bytes @ 0x12
  4690   000045                     	ds	2
  4691   000047                     ___lldiv@quotient:
  4692                           	callstack 0
  4693   000047                     
  4694                           ; 1 bytes @ 0x14
  4695   000047                     	ds	2
  4696   000049                     view_log@addr:
  4697                           	callstack 0
  4698                           
  4699                           ; 1 bytes @ 0x16
  4700   000049                     	ds	2
  4701   00004B                     download_log@uart_index:
  4702                           	callstack 0
  4703   00004B                     ___lldiv@counter:
  4704                           	callstack 0
  4705                           
  4706                           ; 1 bytes @ 0x18
  4707   00004B                     	ds	1
  4708   00004C                     download_log@address:
  4709                           	callstack 0
  4710   00004C                     get_speed@adc_value:
  4711                           	callstack 0
  4712   00004C                     
  4713                           ; 1 bytes @ 0x19
  4714   00004C                     	ds	2
  4715   00004E                     set_time@hr:
  4716                           	callstack 0
  4717   00004E                     get_speed@speed:
  4718                           	callstack 0
  4719                           
  4720                           ; 2 bytes @ 0x1B
  4721   00004E                     	ds	1
  4722   00004F                     set_time@min:
  4723                           	callstack 0
  4724                           
  4725                           ; 1 bytes @ 0x1C
  4726   00004F                     	ds	1
  4727   000050                     set_time@sec:
  4728                           	callstack 0
  4729   000050                     
  4730                           ; 1 bytes @ 0x1D
  4731   000050                     	ds	1
  4732   000051                     ??_main:
  4733                           
  4734                           ; 1 bytes @ 0x1E
  4735   000051                     	ds	2
  4736                           
  4737 ;;
  4738 ;;Main: autosize = 0, tempsize = 2, incstack = 0, save=0
  4739 ;;
  4740 ;; *************** function _main *****************
  4741 ;; Defined at:
  4742 ;;		line 187 in file "main.c"
  4743 ;; Parameters:    Size  Location     Type
  4744 ;;		None
  4745 ;; Auto vars:     Size  Location     Type
  4746 ;;		None
  4747 ;; Return value:  Size  Location     Type
  4748 ;;                  1    wreg      void 
  4749 ;; Registers used:
  4750 ;;		wreg, fsr0l, fsr0h, fsr1l, fsr1h, fsr2l, fsr2h, status,2, status,0, tblptrl, tblptrh, tblptru, prodl, prodh, cstack
  4751 ;; Tracked objects:
  4752 ;;		On entry : 0/0
  4753 ;;		On exit  : 0/0
  4754 ;;		Unchanged: 0/0
  4755 ;; Data sizes:     COMRAM   BANK0   BANK1   BANK2   BANK3   BANK4   BANK5
  4756 ;;      Params:         0       0       0       0       0       0       0
  4757 ;;      Locals:         0       0       0       0       0       0       0
  4758 ;;      Temps:          2       0       0       0       0       0       0
  4759 ;;      Totals:         2       0       0       0       0       0       0
  4760 ;;Total ram usage:        2 bytes
  4761 ;; Hardware stack levels required when called: 5
  4762 ;; This function calls:
  4763 ;;		_blink_cursor
  4764 ;;		_clcd_print
  4765 ;;		_clcd_putch
  4766 ;;		_clear_log
  4767 ;;		_clear_screen
  4768 ;;		_display_main_menu
  4769 ;;		_download_log
  4770 ;;		_init_config
  4771 ;;		_my_strcmp
  4772 ;;		_read_matrix_keypad
  4773 ;;		_read_password
  4774 ;;		_set_time
  4775 ;;		_view_dashboard
  4776 ;;		_view_log
  4777 ;; This function is called by:
  4778 ;;		Startup code after reset
  4779 ;; This function uses a non-reentrant model
  4780 ;;
  4781                           
  4782                           	psect	text0
  4783   002864                     __ptext0:
  4784                           	callstack 0
  4785   002864                     _main:
  4786                           	callstack 26
  4787   002864                     
  4788                           ;main.c: 189:     init_config();
  4789   002864  ECFA  F00A         	call	_init_config	;wreg free
  4790   002868                     l88:
  4791                           
  4792                           ;main.c: 192:     {;main.c: 194:             key = read_matrix_keypad(1);
  4793   002868  0E01               	movlw	1
  4794   00286A  EC4F  F00D         	call	_read_matrix_keypad
  4795   00286E  6E1C               	movwf	_key^0,c
  4796   002870                     
  4797                           ;main.c: 196:             if(key == 12)
  4798   002870  0E0C               	movlw	12
  4799   002872  181C               	xorwf	_key^0,w,c
  4800   002874  A4D8               	btfss	status,2,c
  4801   002876  EF3F  F014         	goto	u2191
  4802   00287A  EF41  F014         	goto	u2190
  4803   00287E                     u2191:
  4804   00287E  EF46  F014         	goto	l3342
  4805   002882                     u2190:
  4806   002882                     
  4807                           ;main.c: 197:             {;main.c: 198:                 state = e_main_menu;
  4808   002882  0E01               	movlw	1
  4809   002884  6E1D               	movwf	_state^0,c
  4810   002886                     
  4811                           ;main.c: 199:                 clear_screen();
  4812   002886  EC0A  F00B         	call	_clear_screen	;wreg free
  4813   00288A                     
  4814                           ;main.c: 200:                 key = 0;
  4815   00288A  6A1C               	clrf	_key^0,c
  4816   00288C                     l3342:
  4817                           
  4818                           ;main.c: 202:             if(key == 10)
  4819   00288C  0E0A               	movlw	10
  4820   00288E  181C               	xorwf	_key^0,w,c
  4821   002890  A4D8               	btfss	status,2,c
  4822   002892  EF4D  F014         	goto	u2201
  4823   002896  EF4F  F014         	goto	u2200
  4824   00289A                     u2201:
  4825   00289A  EF5E  F015         	goto	l3428
  4826   00289E                     u2200:
  4827   00289E                     
  4828                           ;main.c: 203:             {;main.c: 204:                     toggle_key = !toggle_key;
  4829   00289E  501B               	movf	_toggle_key^0,w,c
  4830   0028A0  B4D8               	btfsc	status,2,c
  4831   0028A2  EF55  F014         	goto	u2211
  4832   0028A6  EF58  F014         	goto	u2210
  4833   0028AA                     u2211:
  4834   0028AA  0E01               	movlw	1
  4835   0028AC  EF59  F014         	goto	u2220
  4836   0028B0                     u2210:
  4837   0028B0  0E00               	movlw	0
  4838   0028B2                     u2220:
  4839   0028B2  6E1B               	movwf	_toggle_key^0,c
  4840   0028B4                     
  4841                           ;main.c: 205:                     clear_screen();
  4842   0028B4  EC0A  F00B         	call	_clear_screen	;wreg free
  4843   0028B8                     
  4844                           ;main.c: 207:                     if(toggle_key)
  4845   0028B8  501B               	movf	_toggle_key^0,w,c
  4846   0028BA  B4D8               	btfsc	status,2,c
  4847   0028BC  EF62  F014         	goto	u2231
  4848   0028C0  EF64  F014         	goto	u2230
  4849   0028C4                     u2231:
  4850   0028C4  EF70  F014         	goto	l91
  4851   0028C8                     u2230:
  4852   0028C8                     
  4853                           ;main.c: 208:                     {;main.c: 209:                         state = e_passw
      +                          ord;
  4854   0028C8  0E06               	movlw	6
  4855   0028CA  6E1D               	movwf	_state^0,c
  4856   0028CC                     
  4857                           ;main.c: 210:                         clcd_print("PASSWORD SCREEN",(0x80 + (0)));
  4858   0028CC  0E6B               	movlw	low STR_3
  4859   0028CE  6E35               	movwf	clcd_print@data^0,c
  4860   0028D0  0E2F               	movlw	high STR_3
  4861   0028D2  6E36               	movwf	(clcd_print@data+1)^0,c
  4862   0028D4  0E80               	movlw	128
  4863   0028D6  6E37               	movwf	clcd_print@addr^0,c
  4864   0028D8  EC19  F00D         	call	_clcd_print	;wreg free
  4865                           
  4866                           ;main.c: 211:                     }
  4867   0028DC  EF79  F014         	goto	l3356
  4868   0028E0                     l91:
  4869                           
  4870                           ;main.c: 213:                     {;main.c: 214:                         state = e_dashb
      +                          oard;
  4871   0028E0  6A1D               	clrf	_state^0,c
  4872   0028E2                     
  4873                           ;main.c: 215:                         clcd_print("DASHBOARD",(0x80 + (0)));
  4874   0028E2  0EDA               	movlw	low STR_4
  4875   0028E4  6E35               	movwf	clcd_print@data^0,c
  4876   0028E6  0E2F               	movlw	high STR_4
  4877   0028E8  6E36               	movwf	(clcd_print@data+1)^0,c
  4878   0028EA  0E80               	movlw	128
  4879   0028EC  6E37               	movwf	clcd_print@addr^0,c
  4880   0028EE  EC19  F00D         	call	_clcd_print	;wreg free
  4881   0028F2                     l3356:
  4882                           
  4883                           ;main.c: 217:                         key = 0xFF;
  4884   0028F2  681C               	setf	_key^0,c
  4885   0028F4  EF5E  F015         	goto	l3428
  4886   0028F8                     l3358:
  4887                           
  4888                           ;main.c: 224:                             view_dashboard();
  4889   0028F8  ECDB  F00A         	call	_view_dashboard	;wreg free
  4890                           
  4891                           ;main.c: 225:                             break;
  4892   0028FC  EF34  F014         	goto	l88
  4893   002900                     l3360:
  4894                           
  4895                           ;main.c: 228:                         if(first_entry)
  4896   002900  5055               	movf	_first_entry^0,w,c
  4897   002902  B4D8               	btfsc	status,2,c
  4898   002904  EF86  F014         	goto	u2241
  4899   002908  EF88  F014         	goto	u2240
  4900   00290C                     u2241:
  4901   00290C  EF98  F014         	goto	l3368
  4902   002910                     u2240:
  4903   002910                     
  4904                           ;main.c: 229:                         {;main.c: 230:                             clear_s
      +                          creen();
  4905   002910  EC0A  F00B         	call	_clear_screen	;wreg free
  4906                           
  4907                           ;main.c: 231:                             clcd_print("ENTER PASSWORD",(0x80 + (0)));
  4908   002914  0E8A               	movlw	low STR_5
  4909   002916  6E35               	movwf	clcd_print@data^0,c
  4910   002918  0E2F               	movlw	high STR_5
  4911   00291A  6E36               	movwf	(clcd_print@data+1)^0,c
  4912   00291C  0E80               	movlw	128
  4913   00291E  6E37               	movwf	clcd_print@addr^0,c
  4914   002920  EC19  F00D         	call	_clcd_print	;wreg free
  4915   002924                     
  4916                           ;main.c: 232:                             clcd_putch('_',(0xC0 + (0)));
  4917   002924  0EC0               	movlw	192
  4918   002926  6E35               	movwf	clcd_putch@addr^0,c
  4919   002928  0E5F               	movlw	95
  4920   00292A  ECC0  F00A         	call	_clcd_putch
  4921   00292E                     
  4922                           ;main.c: 233:                             first_entry = 0;
  4923   00292E  6A55               	clrf	_first_entry^0,c
  4924   002930                     l3368:
  4925                           
  4926                           ;main.c: 235:                         if(index < 8)
  4927   002930  BE12               	btfsc	(_index+1)^0,7,c
  4928   002932  EFA6  F014         	goto	u2250
  4929   002936  5012               	movf	(_index+1)^0,w,c
  4930   002938  E107               	bnz	u2251
  4931   00293A  0E08               	movlw	8
  4932   00293C  5C11               	subwf	_index^0,w,c
  4933   00293E  B0D8               	btfsc	status,0,c
  4934   002940  EFA4  F014         	goto	u2251
  4935   002944  EFA6  F014         	goto	u2250
  4936   002948                     u2251:
  4937   002948  EFAC  F014         	goto	l98
  4938   00294C                     u2250:
  4939   00294C                     
  4940                           ;main.c: 236:                         {;main.c: 237:                             blink_c
      +                          ursor();
  4941   00294C  EC26  F00C         	call	_blink_cursor	;wreg free
  4942   002950                     
  4943                           ;main.c: 238:                             read_password();
  4944   002950  EC61  F010         	call	_read_password	;wreg free
  4945                           
  4946                           ;main.c: 239:                         }
  4947   002954  EF34  F014         	goto	l88
  4948   002958                     l98:
  4949                           
  4950                           ;main.c: 241:                         {;main.c: 243:                             user_pa
      +                          ssword[8]='\0';
  4951   002958  6A2F               	clrf	(_user_password+8)^0,c
  4952   00295A                     
  4953                           ;main.c: 244:                             if(my_strcmp(original_password,user_password)=
      +                          =0)
  4954   00295A  0E56               	movlw	low _original_password
  4955   00295C  6E33               	movwf	my_strcmp@str1^0,c
  4956   00295E  0E27               	movlw	low _user_password
  4957   002960  6E34               	movwf	my_strcmp@str2^0,c
  4958   002962  EC54  F00E         	call	_my_strcmp	;wreg free
  4959   002966  5033               	movf	?_my_strcmp^0,w,c
  4960   002968  1034               	iorwf	(?_my_strcmp+1)^0,w,c
  4961   00296A  A4D8               	btfss	status,2,c
  4962   00296C  EFBA  F014         	goto	u2261
  4963   002970  EFBC  F014         	goto	u2260
  4964   002974                     u2261:
  4965   002974  EFC2  F014         	goto	l3380
  4966   002978                     u2260:
  4967   002978                     
  4968                           ;main.c: 245:                              {;main.c: 246:                               
      +                                  clear_screen();
  4969   002978  EC0A  F00B         	call	_clear_screen	;wreg free
  4970   00297C                     
  4971                           ;main.c: 247:                                       state = e_main_menu;
  4972   00297C  0E01               	movlw	1
  4973   00297E  6E1D               	movwf	_state^0,c
  4974                           
  4975                           ;main.c: 248:                               }
  4976   002980  EF34  F014         	goto	l88
  4977   002984                     l3380:
  4978                           
  4979                           ;main.c: 250:                              {;main.c: 251:                               
      +                            attempts++;
  4980   002984  4A0F               	infsnz	_attempts^0,f,c
  4981   002986  2A10               	incf	(_attempts+1)^0,f,c
  4982   002988                     
  4983                           ;main.c: 252:                                 clcd_print("                ", (0x80 + (0)
      +                          ));
  4984   002988  0E4A               	movlw	low STR_1
  4985   00298A  6E35               	movwf	clcd_print@data^0,c
  4986   00298C  0E2F               	movlw	high STR_1
  4987   00298E  6E36               	movwf	(clcd_print@data+1)^0,c
  4988   002990  0E80               	movlw	128
  4989   002992  6E37               	movwf	clcd_print@addr^0,c
  4990   002994  EC19  F00D         	call	_clcd_print	;wreg free
  4991   002998                     
  4992                           ;main.c: 253:                                 clcd_print("WRONG PASSWD",(0x80 + (0)));
  4993   002998  0EB5               	movlw	low STR_7
  4994   00299A  6E35               	movwf	clcd_print@data^0,c
  4995   00299C  0E2F               	movlw	high STR_7
  4996   00299E  6E36               	movwf	(clcd_print@data+1)^0,c
  4997   0029A0  0E80               	movlw	128
  4998   0029A2  6E37               	movwf	clcd_print@addr^0,c
  4999   0029A4  EC19  F00D         	call	_clcd_print	;wreg free
  5000   0029A8                     
  5001                           ;main.c: 255:                                 clcd_putch('0' + (5 - attempts), (0xC0 + (
      +                          0)));
  5002   0029A8  0EC0               	movlw	192
  5003   0029AA  6E35               	movwf	clcd_putch@addr^0,c
  5004   0029AC  500F               	movf	_attempts^0,w,c
  5005   0029AE  0835               	sublw	53
  5006   0029B0  ECC0  F00A         	call	_clcd_putch
  5007   0029B4                     
  5008                           ;main.c: 256:                                 clcd_print("ATTEMPTS LEFT", (0xC0 + (1)));
  5009   0029B4  0EA7               	movlw	low STR_8
  5010   0029B6  6E35               	movwf	clcd_print@data^0,c
  5011   0029B8  0E2F               	movlw	high STR_8
  5012   0029BA  6E36               	movwf	(clcd_print@data+1)^0,c
  5013   0029BC  0EC1               	movlw	193
  5014   0029BE  6E37               	movwf	clcd_print@addr^0,c
  5015   0029C0  EC19  F00D         	call	_clcd_print	;wreg free
  5016   0029C4                     
  5017                           ;main.c: 257:                                 if(attempts == 5)
  5018   0029C4  0E05               	movlw	5
  5019   0029C6  180F               	xorwf	_attempts^0,w,c
  5020   0029C8  1010               	iorwf	(_attempts+1)^0,w,c
  5021   0029CA  A4D8               	btfss	status,2,c
  5022   0029CC  EFEA  F014         	goto	u2271
  5023   0029D0  EFEC  F014         	goto	u2270
  5024   0029D4                     u2271:
  5025   0029D4  EF1A  F015         	goto	l3402
  5026   0029D8                     u2270:
  5027   0029D8                     
  5028                           ;main.c: 258:                                 {;main.c: 259:                            
      +                                    _delay((unsigned long)((1500)*(20000000/4000.0)));
  5029   0029D8  0E27               	movlw	39
  5030   0029DA  6E52               	movwf	(??_main+1)^0,c
  5031   0029DC  0E0D               	movlw	13
  5032   0029DE  6E51               	movwf	??_main^0,c
  5033   0029E0  0E26               	movlw	38
  5034   0029E2                     u2287:
  5035   0029E2  2EE8               	decfsz	wreg,f,c
  5036   0029E4  D7FE               	bra	u2287
  5037   0029E6  2E51               	decfsz	??_main^0,f,c
  5038   0029E8  D7FC               	bra	u2287
  5039   0029EA  2E52               	decfsz	(??_main+1)^0,f,c
  5040   0029EC  D7FA               	bra	u2287
  5041   0029EE  D000               	nop2	
  5042   0029F0                     
  5043                           ;main.c: 260:                                     clcd_print("                ", (0x80 +
      +                           (0)));
  5044   0029F0  0E4A               	movlw	low STR_1
  5045   0029F2  6E35               	movwf	clcd_print@data^0,c
  5046   0029F4  0E2F               	movlw	high STR_1
  5047   0029F6  6E36               	movwf	(clcd_print@data+1)^0,c
  5048   0029F8  0E80               	movlw	128
  5049   0029FA  6E37               	movwf	clcd_print@addr^0,c
  5050   0029FC  EC19  F00D         	call	_clcd_print	;wreg free
  5051   002A00                     
  5052                           ;main.c: 261:                                     clcd_print("SYSTEM LOCKED",(0x80 + (0)
      +                          ));
  5053   002A00  0E99               	movlw	low STR_10
  5054   002A02  6E35               	movwf	clcd_print@data^0,c
  5055   002A04  0E2F               	movlw	high STR_10
  5056   002A06  6E36               	movwf	(clcd_print@data+1)^0,c
  5057   002A08  0E80               	movlw	128
  5058   002A0A  6E37               	movwf	clcd_print@addr^0,c
  5059   002A0C  EC19  F00D         	call	_clcd_print	;wreg free
  5060   002A10                     
  5061                           ;main.c: 262:                                     clcd_print("                ", (0xC0 +
      +                           (0)));
  5062   002A10  0E4A               	movlw	low STR_1
  5063   002A12  6E35               	movwf	clcd_print@data^0,c
  5064   002A14  0E2F               	movlw	high STR_1
  5065   002A16  6E36               	movwf	(clcd_print@data+1)^0,c
  5066   002A18  0EC0               	movlw	192
  5067   002A1A  6E37               	movwf	clcd_print@addr^0,c
  5068   002A1C  EC19  F00D         	call	_clcd_print	;wreg free
  5069   002A20                     
  5070                           ;main.c: 263:                                     clcd_print("RESET BOARD",(0xC0 + (0)))
      +                          ;
  5071   002A20  0ECE               	movlw	low STR_12
  5072   002A22  6E35               	movwf	clcd_print@data^0,c
  5073   002A24  0E2F               	movlw	high STR_12
  5074   002A26  6E36               	movwf	(clcd_print@data+1)^0,c
  5075   002A28  0EC0               	movlw	192
  5076   002A2A  6E37               	movwf	clcd_print@addr^0,c
  5077   002A2C  EC19  F00D         	call	_clcd_print	;wreg free
  5078   002A30                     l103:
  5079   002A30  EF18  F015         	goto	l103
  5080   002A34                     l3402:
  5081                           
  5082                           ;main.c: 267:                                _delay((unsigned long)((1500)*(20000000/400
      +                          0.0)));
  5083   002A34  0E27               	movlw	39
  5084   002A36  6E52               	movwf	(??_main+1)^0,c
  5085   002A38  0E0D               	movlw	13
  5086   002A3A  6E51               	movwf	??_main^0,c
  5087   002A3C  0E26               	movlw	38
  5088   002A3E                     u2297:
  5089   002A3E  2EE8               	decfsz	wreg,f,c
  5090   002A40  D7FE               	bra	u2297
  5091   002A42  2E51               	decfsz	??_main^0,f,c
  5092   002A44  D7FC               	bra	u2297
  5093   002A46  2E52               	decfsz	(??_main+1)^0,f,c
  5094   002A48  D7FA               	bra	u2297
  5095   002A4A  D000               	nop2	
  5096   002A4C                     
  5097                           ;main.c: 268:                                 index = 0;
  5098   002A4C  6A12               	clrf	(_index+1)^0,c
  5099   002A4E  0E00               	movlw	0
  5100   002A50  6E11               	movwf	_index^0,c
  5101   002A52                     
  5102                           ;main.c: 269:                                 clcd_print("                ", (0x80 + (0)
      +                          ));
  5103   002A52  0E4A               	movlw	low STR_1
  5104   002A54  6E35               	movwf	clcd_print@data^0,c
  5105   002A56  0E2F               	movlw	high STR_1
  5106   002A58  6E36               	movwf	(clcd_print@data+1)^0,c
  5107   002A5A  0E80               	movlw	128
  5108   002A5C  6E37               	movwf	clcd_print@addr^0,c
  5109   002A5E  EC19  F00D         	call	_clcd_print	;wreg free
  5110   002A62                     
  5111                           ;main.c: 270:                                 clcd_print("ENTER PASSWORD",(0x80 + (0)));
  5112   002A62  0E8A               	movlw	low STR_5
  5113   002A64  6E35               	movwf	clcd_print@data^0,c
  5114   002A66  0E2F               	movlw	high STR_5
  5115   002A68  6E36               	movwf	(clcd_print@data+1)^0,c
  5116   002A6A  0E80               	movlw	128
  5117   002A6C  6E37               	movwf	clcd_print@addr^0,c
  5118   002A6E  EC19  F00D         	call	_clcd_print	;wreg free
  5119   002A72                     
  5120                           ;main.c: 271:                                 clcd_print("                ",(0xC0 + (0))
      +                          );
  5121   002A72  0E4A               	movlw	low STR_1
  5122   002A74  6E35               	movwf	clcd_print@data^0,c
  5123   002A76  0E2F               	movlw	high STR_1
  5124   002A78  6E36               	movwf	(clcd_print@data+1)^0,c
  5125   002A7A  0EC0               	movlw	192
  5126   002A7C  6E37               	movwf	clcd_print@addr^0,c
  5127   002A7E  EC19  F00D         	call	_clcd_print	;wreg free
  5128   002A82                     
  5129                           ;main.c: 272:                                 clcd_putch('_',(0xC0 + (0)));
  5130   002A82  0EC0               	movlw	192
  5131   002A84  6E35               	movwf	clcd_putch@addr^0,c
  5132   002A86  0E5F               	movlw	95
  5133   002A88  ECC0  F00A         	call	_clcd_putch
  5134   002A8C  EF34  F014         	goto	l88
  5135   002A90                     l3414:
  5136                           
  5137                           ;main.c: 278:                         display_main_menu();
  5138   002A90  ECAE  F012         	call	_display_main_menu	;wreg free
  5139                           
  5140                           ;main.c: 279:                             break;
  5141   002A94  EF34  F014         	goto	l88
  5142   002A98                     l3416:
  5143                           
  5144                           ;main.c: 283:                             view_log();
  5145   002A98  EC6E  F013         	call	_view_log	;wreg free
  5146                           
  5147                           ;main.c: 284:                             break;
  5148   002A9C  EF34  F014         	goto	l88
  5149   002AA0                     l3418:
  5150                           
  5151                           ;main.c: 287:                             download_log();
  5152   002AA0  EC4B  F011         	call	_download_log	;wreg free
  5153                           
  5154                           ;main.c: 288:                             break;
  5155   002AA4  EF34  F014         	goto	l88
  5156   002AA8                     l3420:
  5157                           
  5158                           ;main.c: 291:                             clear_log();
  5159   002AA8  ECD5  F00B         	call	_clear_log	;wreg free
  5160                           
  5161                           ;main.c: 292:                             break;
  5162   002AAC  EF34  F014         	goto	l88
  5163   002AB0                     l3422:
  5164                           
  5165                           ;main.c: 296:                             clear_screen();
  5166   002AB0  EC0A  F00B         	call	_clear_screen	;wreg free
  5167   002AB4                     
  5168                           ;main.c: 297:                             set_time();
  5169   002AB4  EC89  F015         	call	_set_time	;wreg free
  5170                           
  5171                           ;main.c: 298:                             break;
  5172   002AB8  EF34  F014         	goto	l88
  5173   002ABC                     l3428:
  5174   002ABC  501D               	movf	_state^0,w,c
  5175   002ABE  6E51               	movwf	??_main^0,c
  5176   002AC0  6A52               	clrf	(??_main+1)^0,c
  5177                           
  5178                           ; Switch on 2 bytes has been partitioned into a top level switch of size 1, and 1 sub-sw
      +                          itches
  5179                           ; Switch size 1, requested type "simple"
  5180                           ; Number of cases is 1, Range of values is 0 to 0
  5181                           ; switch strategies available:
  5182                           ; Name         Instructions Cycles
  5183                           ; simple_byte            4     3 (average)
  5184                           ;	Chosen strategy is simple_byte
  5185   002AC2  5052               	movf	(??_main+1)^0,w,c
  5186   002AC4  0A00               	xorlw	0	; case 0
  5187   002AC6  B4D8               	btfsc	status,2,c
  5188   002AC8  EF68  F015         	goto	l3438
  5189   002ACC  EF34  F014         	goto	l88
  5190   002AD0                     l3438:
  5191                           
  5192                           ; Switch size 1, requested type "simple"
  5193                           ; Number of cases is 7, Range of values is 0 to 6
  5194                           ; switch strategies available:
  5195                           ; Name         Instructions Cycles
  5196                           ; simple_byte           22    12 (average)
  5197                           ;	Chosen strategy is simple_byte
  5198   002AD0  5051               	movf	??_main^0,w,c
  5199   002AD2  0A00               	xorlw	0	; case 0
  5200   002AD4  B4D8               	btfsc	status,2,c
  5201   002AD6  EF7C  F014         	goto	l3358
  5202   002ADA  0A01               	xorlw	1	; case 1
  5203   002ADC  B4D8               	btfsc	status,2,c
  5204   002ADE  EF48  F015         	goto	l3414
  5205   002AE2  0A03               	xorlw	3	; case 2
  5206   002AE4  B4D8               	btfsc	status,2,c
  5207   002AE6  EF4C  F015         	goto	l3416
  5208   002AEA  0A01               	xorlw	1	; case 3
  5209   002AEC  B4D8               	btfsc	status,2,c
  5210   002AEE  EF58  F015         	goto	l3422
  5211   002AF2  0A07               	xorlw	7	; case 4
  5212   002AF4  B4D8               	btfsc	status,2,c
  5213   002AF6  EF50  F015         	goto	l3418
  5214   002AFA  0A01               	xorlw	1	; case 5
  5215   002AFC  B4D8               	btfsc	status,2,c
  5216   002AFE  EF54  F015         	goto	l3420
  5217   002B02  0A03               	xorlw	3	; case 6
  5218   002B04  B4D8               	btfsc	status,2,c
  5219   002B06  EF80  F014         	goto	l3360
  5220   002B0A  EF34  F014         	goto	l88
  5221   002B0E  EFFE  F017         	goto	start
  5222   002B12                     __end_of_main:
  5223                           	callstack 0
  5224                           
  5225 ;; *************** function _view_log *****************
  5226 ;; Defined at:
  5227 ;;		line 258 in file "black_box.c"
  5228 ;; Parameters:    Size  Location     Type
  5229 ;;		None
  5230 ;; Auto vars:     Size  Location     Type
  5231 ;;  log            17    5[COMRAM] unsigned char [17]
  5232 ;;  addr            1   22[COMRAM] unsigned char 
  5233 ;; Return value:  Size  Location     Type
  5234 ;;                  1    wreg      void 
  5235 ;; Registers used:
  5236 ;;		wreg, fsr0l, fsr0h, status,2, status,0, tblptrl, tblptrh, tblptru, prodl, prodh, cstack
  5237 ;; Tracked objects:
  5238 ;;		On entry : 0/0
  5239 ;;		On exit  : 0/0
  5240 ;;		Unchanged: 0/0
  5241 ;; Data sizes:     COMRAM   BANK0   BANK1   BANK2   BANK3   BANK4   BANK5
  5242 ;;      Params:         0       0       0       0       0       0       0
  5243 ;;      Locals:        18       0       0       0       0       0       0
  5244 ;;      Temps:          0       0       0       0       0       0       0
  5245 ;;      Totals:        18       0       0       0       0       0       0
  5246 ;;Total ram usage:       18 bytes
  5247 ;; Hardware stack levels used: 1
  5248 ;; Hardware stack levels required when called: 1
  5249 ;; This function calls:
  5250 ;;		___lwmod
  5251 ;;		_clcd_print
  5252 ;;		_read_AT24C04
  5253 ;; This function is called by:
  5254 ;;		_main
  5255 ;; This function uses a non-reentrant model
  5256 ;;
  5257                           
  5258                           	psect	text1
  5259   0026DC                     __ptext1:
  5260                           	callstack 0
  5261   0026DC                     _view_log:
  5262                           	callstack 29
  5263   0026DC                     
  5264                           ;black_box.c: 260:     unsigned char addr;;black_box.c: 261:     unsigned char log[17];;
      +                          black_box.c: 263:     if(count > 0)
  5265   0026DC  500B               	movf	_count^0,w,c
  5266   0026DE  100C               	iorwf	(_count+1)^0,w,c
  5267   0026E0  B4D8               	btfsc	status,2,c
  5268   0026E2  EF75  F013         	goto	u1871
  5269   0026E6  EF77  F013         	goto	u1870
  5270   0026EA                     u1871:
  5271   0026EA  EF20  F014         	goto	l3136
  5272   0026EE                     u1870:
  5273   0026EE                     
  5274                           ;black_box.c: 264:     {;black_box.c: 265:         if(key == 1)
  5275   0026EE  041C               	decf	_key^0,w,c
  5276   0026F0  A4D8               	btfss	status,2,c
  5277   0026F2  EF7D  F013         	goto	u1881
  5278   0026F6  EF7F  F013         	goto	u1880
  5279   0026FA                     u1881:
  5280   0026FA  EF8C  F013         	goto	l3062
  5281   0026FE                     u1880:
  5282   0026FE                     
  5283                           ;black_box.c: 266:         {;black_box.c: 267:             if(log_index < 9)
  5284   0026FE  500A               	movf	(_log_index+1)^0,w,c
  5285   002700  E107               	bnz	u1891
  5286   002702  0E09               	movlw	9
  5287   002704  5C09               	subwf	_log_index^0,w,c
  5288   002706  B0D8               	btfsc	status,0,c
  5289   002708  EF88  F013         	goto	u1891
  5290   00270C  EF8A  F013         	goto	u1890
  5291   002710                     u1891:
  5292   002710  EF8C  F013         	goto	l3062
  5293   002714                     u1890:
  5294   002714                     
  5295                           ;black_box.c: 268:             {;black_box.c: 269:                 log_index++;
  5296   002714  4A09               	infsnz	_log_index^0,f,c
  5297   002716  2A0A               	incf	(_log_index+1)^0,f,c
  5298   002718                     l3062:
  5299                           
  5300                           ;black_box.c: 272:         if(key == 2)
  5301   002718  0E02               	movlw	2
  5302   00271A  181C               	xorwf	_key^0,w,c
  5303   00271C  A4D8               	btfss	status,2,c
  5304   00271E  EF93  F013         	goto	u1901
  5305   002722  EF95  F013         	goto	u1900
  5306   002726                     u1901:
  5307   002726  EFA1  F013         	goto	l3068
  5308   00272A                     u1900:
  5309   00272A                     
  5310                           ;black_box.c: 273:         {;black_box.c: 274:             if(log_index > 0)
  5311   00272A  5009               	movf	_log_index^0,w,c
  5312   00272C  100A               	iorwf	(_log_index+1)^0,w,c
  5313   00272E  B4D8               	btfsc	status,2,c
  5314   002730  EF9C  F013         	goto	u1911
  5315   002734  EF9E  F013         	goto	u1910
  5316   002738                     u1911:
  5317   002738  EFA1  F013         	goto	l3068
  5318   00273C                     u1910:
  5319   00273C                     
  5320                           ;black_box.c: 275:             {;black_box.c: 276:                 log_index--;
  5321   00273C  0609               	decf	_log_index^0,f,c
  5322   00273E  A0D8               	btfss	status,0,c
  5323   002740  060A               	decf	(_log_index+1)^0,f,c
  5324   002742                     l3068:
  5325                           
  5326                           ;black_box.c: 279:         if(key == 1 || key == 2)
  5327   002742  041C               	decf	_key^0,w,c
  5328   002744  B4D8               	btfsc	status,2,c
  5329   002746  EFA7  F013         	goto	u1921
  5330   00274A  EFA9  F013         	goto	u1920
  5331   00274E                     u1921:
  5332   00274E  EFB2  F013         	goto	l3072
  5333   002752                     u1920:
  5334   002752  0E02               	movlw	2
  5335   002754  181C               	xorwf	_key^0,w,c
  5336   002756  A4D8               	btfss	status,2,c
  5337   002758  EFB0  F013         	goto	u1931
  5338   00275C  EFB2  F013         	goto	u1930
  5339   002760                     u1931:
  5340   002760  EF30  F014         	goto	l3138
  5341   002764                     u1930:
  5342   002764                     l3072:
  5343                           
  5344                           ;black_box.c: 280:         {;black_box.c: 281:             addr = log_index * 10;
  5345   002764  5009               	movf	_log_index^0,w,c
  5346   002766  0D0A               	mullw	10
  5347   002768  CFF3 F049          	movff	prodl,view_log@addr
  5348   00276C                     
  5349                           ;black_box.c: 283:             log[0] = (log_index % 10) + '0';
  5350   00276C  C009  F033         	movff	_log_index,___lwmod@dividend
  5351   002770  C00A  F034         	movff	_log_index+1,___lwmod@dividend+1
  5352   002774  6A36               	clrf	(___lwmod@divisor+1)^0,c
  5353   002776  0E0A               	movlw	10
  5354   002778  6E35               	movwf	___lwmod@divisor^0,c
  5355   00277A  ECB2  F00C         	call	___lwmod	;wreg free
  5356   00277E  5033               	movf	?___lwmod^0,w,c
  5357   002780  0F30               	addlw	48
  5358   002782  6E38               	movwf	view_log@log^0,c
  5359   002784                     
  5360                           ;black_box.c: 284:             log[1] = ' ';
  5361   002784  0E20               	movlw	32
  5362   002786  6E39               	movwf	(view_log@log+1)^0,c
  5363   002788                     
  5364                           ;black_box.c: 286:             log[2] = read_AT24C04(addr++);
  5365   002788  5049               	movf	view_log@addr^0,w,c
  5366   00278A  EC2E  F00B         	call	_read_AT24C04
  5367   00278E  6E3A               	movwf	(view_log@log+2)^0,c
  5368   002790  2A49               	incf	view_log@addr^0,f,c
  5369   002792                     
  5370                           ;black_box.c: 287:             log[3] = read_AT24C04(addr++);
  5371   002792  5049               	movf	view_log@addr^0,w,c
  5372   002794  EC2E  F00B         	call	_read_AT24C04
  5373   002798  6E3B               	movwf	(view_log@log+3)^0,c
  5374   00279A  2A49               	incf	view_log@addr^0,f,c
  5375   00279C                     
  5376                           ;black_box.c: 288:             log[4] = ':';
  5377   00279C  0E3A               	movlw	58
  5378   00279E  6E3C               	movwf	(view_log@log+4)^0,c
  5379   0027A0                     
  5380                           ;black_box.c: 290:             log[5] = read_AT24C04(addr++);
  5381   0027A0  5049               	movf	view_log@addr^0,w,c
  5382   0027A2  EC2E  F00B         	call	_read_AT24C04
  5383   0027A6  6E3D               	movwf	(view_log@log+5)^0,c
  5384   0027A8  2A49               	incf	view_log@addr^0,f,c
  5385   0027AA                     
  5386                           ;black_box.c: 291:             log[6] = read_AT24C04(addr++);
  5387   0027AA  5049               	movf	view_log@addr^0,w,c
  5388   0027AC  EC2E  F00B         	call	_read_AT24C04
  5389   0027B0  6E3E               	movwf	(view_log@log+6)^0,c
  5390   0027B2  2A49               	incf	view_log@addr^0,f,c
  5391   0027B4                     
  5392                           ;black_box.c: 292:             log[7] = ':';
  5393   0027B4  0E3A               	movlw	58
  5394   0027B6  6E3F               	movwf	(view_log@log+7)^0,c
  5395   0027B8                     
  5396                           ;black_box.c: 294:             log[8] = read_AT24C04(addr++);
  5397   0027B8  5049               	movf	view_log@addr^0,w,c
  5398   0027BA  EC2E  F00B         	call	_read_AT24C04
  5399   0027BE  6E40               	movwf	(view_log@log+8)^0,c
  5400   0027C0  2A49               	incf	view_log@addr^0,f,c
  5401   0027C2                     
  5402                           ;black_box.c: 295:             log[9] = read_AT24C04(addr++);
  5403   0027C2  5049               	movf	view_log@addr^0,w,c
  5404   0027C4  EC2E  F00B         	call	_read_AT24C04
  5405   0027C8  6E41               	movwf	(view_log@log+9)^0,c
  5406   0027CA  2A49               	incf	view_log@addr^0,f,c
  5407   0027CC                     
  5408                           ;black_box.c: 296:             log[10] = ' ';
  5409   0027CC  0E20               	movlw	32
  5410   0027CE  6E42               	movwf	(view_log@log+10)^0,c
  5411   0027D0                     
  5412                           ;black_box.c: 298:             log[11] = read_AT24C04(addr++);
  5413   0027D0  5049               	movf	view_log@addr^0,w,c
  5414   0027D2  EC2E  F00B         	call	_read_AT24C04
  5415   0027D6  6E43               	movwf	(view_log@log+11)^0,c
  5416   0027D8  2A49               	incf	view_log@addr^0,f,c
  5417   0027DA                     
  5418                           ;black_box.c: 299:             log[12] = read_AT24C04(addr++);
  5419   0027DA  5049               	movf	view_log@addr^0,w,c
  5420   0027DC  EC2E  F00B         	call	_read_AT24C04
  5421   0027E0  6E44               	movwf	(view_log@log+12)^0,c
  5422   0027E2  2A49               	incf	view_log@addr^0,f,c
  5423   0027E4                     
  5424                           ;black_box.c: 300:             log[13] = ' ';
  5425   0027E4  0E20               	movlw	32
  5426   0027E6  6E45               	movwf	(view_log@log+13)^0,c
  5427   0027E8                     
  5428                           ;black_box.c: 302:             log[14] = read_AT24C04(addr++);
  5429   0027E8  5049               	movf	view_log@addr^0,w,c
  5430   0027EA  EC2E  F00B         	call	_read_AT24C04
  5431   0027EE  6E46               	movwf	(view_log@log+14)^0,c
  5432   0027F0  2A49               	incf	view_log@addr^0,f,c
  5433   0027F2                     
  5434                           ;black_box.c: 303:             log[15] = read_AT24C04(addr++);
  5435   0027F2  5049               	movf	view_log@addr^0,w,c
  5436   0027F4  EC2E  F00B         	call	_read_AT24C04
  5437   0027F8  6E47               	movwf	(view_log@log+15)^0,c
  5438   0027FA  2A49               	incf	view_log@addr^0,f,c
  5439   0027FC                     
  5440                           ;black_box.c: 304:             log[16] = '\0';
  5441   0027FC  6A48               	clrf	(view_log@log+16)^0,c
  5442   0027FE                     
  5443                           ;black_box.c: 307:             clcd_print("                ",(0x80 + (0)));
  5444   0027FE  0E4A               	movlw	low STR_1
  5445   002800  6E35               	movwf	clcd_print@data^0,c
  5446   002802  0E2F               	movlw	high STR_1
  5447   002804  6E36               	movwf	(clcd_print@data+1)^0,c
  5448   002806  0E80               	movlw	128
  5449   002808  6E37               	movwf	clcd_print@addr^0,c
  5450   00280A  EC19  F00D         	call	_clcd_print	;wreg free
  5451   00280E                     
  5452                           ;black_box.c: 308:             clcd_print("LOG DETAILS",(0x80 + (3)));
  5453   00280E  0EC2               	movlw	low STR_24
  5454   002810  6E35               	movwf	clcd_print@data^0,c
  5455   002812  0E2F               	movlw	high STR_24
  5456   002814  6E36               	movwf	(clcd_print@data+1)^0,c
  5457   002816  0E83               	movlw	131
  5458   002818  6E37               	movwf	clcd_print@addr^0,c
  5459   00281A  EC19  F00D         	call	_clcd_print	;wreg free
  5460   00281E                     
  5461                           ;black_box.c: 309:             clcd_print("                ",(0xC0 + (0)));
  5462   00281E  0E4A               	movlw	low STR_1
  5463   002820  6E35               	movwf	clcd_print@data^0,c
  5464   002822  0E2F               	movlw	high STR_1
  5465   002824  6E36               	movwf	(clcd_print@data+1)^0,c
  5466   002826  0EC0               	movlw	192
  5467   002828  6E37               	movwf	clcd_print@addr^0,c
  5468   00282A  EC19  F00D         	call	_clcd_print	;wreg free
  5469   00282E                     
  5470                           ;black_box.c: 310:             clcd_print(log,(0xC0 + (0)));
  5471   00282E  0E38               	movlw	low view_log@log
  5472   002830  6E35               	movwf	clcd_print@data^0,c
  5473   002832  6A36               	clrf	(clcd_print@data+1)^0,c
  5474   002834  0EC0               	movlw	192
  5475   002836  6E37               	movwf	clcd_print@addr^0,c
  5476   002838  EC19  F00D         	call	_clcd_print	;wreg free
  5477   00283C  EF30  F014         	goto	l3138
  5478   002840                     l3136:
  5479                           
  5480                           ;black_box.c: 315:     {;black_box.c: 316:         clcd_print("NO LOGS",(0x80 + (0)));
  5481   002840  0EED               	movlw	low STR_26
  5482   002842  6E35               	movwf	clcd_print@data^0,c
  5483   002844  0E2F               	movlw	high STR_26
  5484   002846  6E36               	movwf	(clcd_print@data+1)^0,c
  5485   002848  0E80               	movlw	128
  5486   00284A  6E37               	movwf	clcd_print@addr^0,c
  5487   00284C  EC19  F00D         	call	_clcd_print	;wreg free
  5488                           
  5489                           ;black_box.c: 317:         clcd_print("                ",(0xC0 + (0)));
  5490   002850  0E4A               	movlw	low STR_1
  5491   002852  6E35               	movwf	clcd_print@data^0,c
  5492   002854  0E2F               	movlw	high STR_1
  5493   002856  6E36               	movwf	(clcd_print@data+1)^0,c
  5494   002858  0EC0               	movlw	192
  5495   00285A  6E37               	movwf	clcd_print@addr^0,c
  5496   00285C  EC19  F00D         	call	_clcd_print	;wreg free
  5497   002860                     l3138:
  5498                           
  5499                           ;black_box.c: 319:     key = 0;
  5500   002860  6A1C               	clrf	_key^0,c
  5501   002862  0012               	return		;funcret
  5502   002864                     __end_of_view_log:
  5503                           	callstack 0
  5504                           
  5505 ;; *************** function _view_dashboard *****************
  5506 ;; Defined at:
  5507 ;;		line 178 in file "black_box.c"
  5508 ;; Parameters:    Size  Location     Type
  5509 ;;		None
  5510 ;; Auto vars:     Size  Location     Type
  5511 ;;		None
  5512 ;; Return value:  Size  Location     Type
  5513 ;;                  1    wreg      void 
  5514 ;; Registers used:
  5515 ;;		wreg, fsr0l, fsr0h, fsr2l, fsr2h, status,2, status,0, tblptrl, tblptrh, tblptru, prodl, prodh, cstack
  5516 ;; Tracked objects:
  5517 ;;		On entry : 0/0
  5518 ;;		On exit  : 0/0
  5519 ;;		Unchanged: 0/0
  5520 ;; Data sizes:     COMRAM   BANK0   BANK1   BANK2   BANK3   BANK4   BANK5
  5521 ;;      Params:         0       0       0       0       0       0       0
  5522 ;;      Locals:         0       0       0       0       0       0       0
  5523 ;;      Temps:          0       0       0       0       0       0       0
  5524 ;;      Totals:         0       0       0       0       0       0       0
  5525 ;;Total ram usage:        0 bytes
  5526 ;; Hardware stack levels used: 1
  5527 ;; Hardware stack levels required when called: 4
  5528 ;; This function calls:
  5529 ;;		_clcd_print
  5530 ;;		_get_gear
  5531 ;;		_get_speed
  5532 ;;		_get_time
  5533 ;; This function is called by:
  5534 ;;		_main
  5535 ;; This function uses a non-reentrant model
  5536 ;;
  5537                           
  5538                           	psect	text2
  5539   0015B6                     __ptext2:
  5540                           	callstack 0
  5541   0015B6                     _view_dashboard:
  5542                           	callstack 26
  5543   0015B6                     
  5544                           ;black_box.c: 180:     clcd_print((unsigned char *)"TIME    EVENT SP", (0x80 + (0)));
  5545   0015B6  0E39               	movlw	low STR_16
  5546   0015B8  6E35               	movwf	clcd_print@data^0,c
  5547   0015BA  0E2F               	movlw	high STR_16
  5548   0015BC  6E36               	movwf	(clcd_print@data+1)^0,c
  5549   0015BE  0E80               	movlw	128
  5550   0015C0  6E37               	movwf	clcd_print@addr^0,c
  5551   0015C2  EC19  F00D         	call	_clcd_print	;wreg free
  5552                           
  5553                           ;black_box.c: 181:     get_time();
  5554   0015C6  ECC0  F00D         	call	_get_time	;wreg free
  5555                           
  5556                           ;black_box.c: 182:     get_speed();
  5557   0015CA  EC06  F00E         	call	_get_speed	;wreg free
  5558   0015CE                     
  5559                           ;black_box.c: 183:     get_gear();
  5560   0015CE  EC01  F010         	call	_get_gear	;wreg free
  5561   0015D2  0012               	return		;funcret
  5562   0015D4                     __end_of_view_dashboard:
  5563                           	callstack 0
  5564                           
  5565 ;; *************** function _get_speed *****************
  5566 ;; Defined at:
  5567 ;;		line 112 in file "black_box.c"
  5568 ;; Parameters:    Size  Location     Type
  5569 ;;		None
  5570 ;; Auto vars:     Size  Location     Type
  5571 ;;  speed           2   27[COMRAM] unsigned int 
  5572 ;;  adc_value       2   25[COMRAM] unsigned int 
  5573 ;; Return value:  Size  Location     Type
  5574 ;;                  1  212[None  ] PTR unsigned char 
  5575 ;; Registers used:
  5576 ;;		wreg, fsr0l, fsr0h, status,2, status,0, tblptrl, tblptrh, tblptru, cstack
  5577 ;; Tracked objects:
  5578 ;;		On entry : 0/0
  5579 ;;		On exit  : 0/0
  5580 ;;		Unchanged: 0/0
  5581 ;; Data sizes:     COMRAM   BANK0   BANK1   BANK2   BANK3   BANK4   BANK5
  5582 ;;      Params:         0       0       0       0       0       0       0
  5583 ;;      Locals:         4       0       0       0       0       0       0
  5584 ;;      Temps:          0       0       0       0       0       0       0
  5585 ;;      Totals:         4       0       0       0       0       0       0
  5586 ;;Total ram usage:        4 bytes
  5587 ;; Hardware stack levels used: 1
  5588 ;; Hardware stack levels required when called: 1
  5589 ;; This function calls:
  5590 ;;		___lldiv
  5591 ;;		___lmul
  5592 ;;		___lwdiv
  5593 ;;		___lwmod
  5594 ;;		_clcd_print
  5595 ;;		_read_adc
  5596 ;; This function is called by:
  5597 ;;		_view_dashboard
  5598 ;; This function uses a non-reentrant model
  5599 ;;
  5600                           
  5601                           	psect	text3
  5602   001C0C                     __ptext3:
  5603                           	callstack 0
  5604   001C0C                     _get_speed:
  5605                           	callstack 28
  5606   001C0C                     
  5607                           ;black_box.c: 115:     unsigned int adc_value = read_adc(0x04);
  5608   001C0C  0E04               	movlw	4
  5609   001C0E  EC8C  F00B         	call	_read_adc
  5610   001C12  C033  F04C         	movff	?_read_adc,get_speed@adc_value
  5611   001C16  C034  F04D         	movff	?_read_adc+1,get_speed@adc_value+1
  5612                           
  5613                           ;black_box.c: 117:     unsigned int speed = ((uint32_t)adc_value * 99U) / 1023U;
  5614   001C1A  C04C  F033         	movff	get_speed@adc_value,___lmul@multiplier
  5615   001C1E  C04D  F034         	movff	get_speed@adc_value+1,___lmul@multiplier+1
  5616   001C22  6A35               	clrf	(___lmul@multiplier+2)^0,c
  5617   001C24  6A36               	clrf	(___lmul@multiplier+3)^0,c
  5618   001C26  0E63               	movlw	99
  5619   001C28  6E37               	movwf	___lmul@multiplicand^0,c
  5620   001C2A  0E00               	movlw	0
  5621   001C2C  6E38               	movwf	(___lmul@multiplicand+1)^0,c
  5622   001C2E  0E00               	movlw	0
  5623   001C30  6E39               	movwf	(___lmul@multiplicand+2)^0,c
  5624   001C32  0E00               	movlw	0
  5625   001C34  6E3A               	movwf	(___lmul@multiplicand+3)^0,c
  5626   001C36  ECE4  F00C         	call	___lmul	;wreg free
  5627   001C3A  C033  F03F         	movff	?___lmul,___lldiv@dividend
  5628   001C3E  C034  F040         	movff	?___lmul+1,___lldiv@dividend+1
  5629   001C42  C035  F041         	movff	?___lmul+2,___lldiv@dividend+2
  5630   001C46  C036  F042         	movff	?___lmul+3,___lldiv@dividend+3
  5631   001C4A  0EFF               	movlw	255
  5632   001C4C  6E43               	movwf	___lldiv@divisor^0,c
  5633   001C4E  0E03               	movlw	3
  5634   001C50  6E44               	movwf	(___lldiv@divisor+1)^0,c
  5635   001C52  0E00               	movlw	0
  5636   001C54  6E45               	movwf	(___lldiv@divisor+2)^0,c
  5637   001C56  0E00               	movlw	0
  5638   001C58  6E46               	movwf	(___lldiv@divisor+3)^0,c
  5639   001C5A  ECA5  F00E         	call	___lldiv	;wreg free
  5640   001C5E  C03F  F04E         	movff	?___lldiv,get_speed@speed
  5641   001C62  C040  F04F         	movff	?___lldiv+1,get_speed@speed+1
  5642                           
  5643                           ;black_box.c: 126:     speed_data[0] = (speed/10)+'0';
  5644   001C66  C04E  F033         	movff	get_speed@speed,___lwdiv@dividend
  5645   001C6A  C04F  F034         	movff	get_speed@speed+1,___lwdiv@dividend+1
  5646   001C6E  6A36               	clrf	(___lwdiv@divisor+1)^0,c
  5647   001C70  0E0A               	movlw	10
  5648   001C72  6E35               	movwf	___lwdiv@divisor^0,c
  5649   001C74  EC87  F00D         	call	___lwdiv	;wreg free
  5650   001C78  5033               	movf	?___lwdiv^0,w,c
  5651   001C7A  0F30               	addlw	48
  5652   001C7C  6E30               	movwf	_speed_data^0,c
  5653                           
  5654                           ;black_box.c: 127:     speed_data[1] = (speed%10) + '0';
  5655   001C7E  C04E  F033         	movff	get_speed@speed,___lwmod@dividend
  5656   001C82  C04F  F034         	movff	get_speed@speed+1,___lwmod@dividend+1
  5657   001C86  6A36               	clrf	(___lwmod@divisor+1)^0,c
  5658   001C88  0E0A               	movlw	10
  5659   001C8A  6E35               	movwf	___lwmod@divisor^0,c
  5660   001C8C  ECB2  F00C         	call	___lwmod	;wreg free
  5661   001C90  5033               	movf	?___lwmod^0,w,c
  5662   001C92  0F30               	addlw	48
  5663   001C94  6E31               	movwf	(_speed_data+1)^0,c
  5664   001C96                     
  5665                           ;black_box.c: 128:     speed_data[2] = '\0';
  5666   001C96  6A32               	clrf	(_speed_data+2)^0,c
  5667   001C98                     
  5668                           ;black_box.c: 130:     clcd_print(speed_data, (0xC0 + (14)));
  5669   001C98  0E30               	movlw	low _speed_data
  5670   001C9A  6E35               	movwf	clcd_print@data^0,c
  5671   001C9C  6A36               	clrf	(clcd_print@data+1)^0,c
  5672   001C9E  0ECE               	movlw	206
  5673   001CA0  6E37               	movwf	clcd_print@addr^0,c
  5674   001CA2  EC19  F00D         	call	_clcd_print	;wreg free
  5675   001CA6  0012               	return		;funcret
  5676   001CA8                     __end_of_get_speed:
  5677                           	callstack 0
  5678                           
  5679 ;; *************** function _read_adc *****************
  5680 ;; Defined at:
  5681 ;;		line 52 in file "adc.c"
  5682 ;; Parameters:    Size  Location     Type
  5683 ;;  channel         1    wreg     unsigned char 
  5684 ;; Auto vars:     Size  Location     Type
  5685 ;;  channel         1    6[COMRAM] unsigned char 
  5686 ;;  reg_val         2    4[COMRAM] unsigned short 
  5687 ;; Return value:  Size  Location     Type
  5688 ;;                  2    0[COMRAM] unsigned short 
  5689 ;; Registers used:
  5690 ;;		wreg, status,2, status,0
  5691 ;; Tracked objects:
  5692 ;;		On entry : 0/0
  5693 ;;		On exit  : 0/0
  5694 ;;		Unchanged: 0/0
  5695 ;; Data sizes:     COMRAM   BANK0   BANK1   BANK2   BANK3   BANK4   BANK5
  5696 ;;      Params:         2       0       0       0       0       0       0
  5697 ;;      Locals:         3       0       0       0       0       0       0
  5698 ;;      Temps:          2       0       0       0       0       0       0
  5699 ;;      Totals:         7       0       0       0       0       0       0
  5700 ;;Total ram usage:        7 bytes
  5701 ;; Hardware stack levels used: 1
  5702 ;; This function calls:
  5703 ;;		Nothing
  5704 ;; This function is called by:
  5705 ;;		_get_speed
  5706 ;; This function uses a non-reentrant model
  5707 ;;
  5708                           
  5709                           	psect	text4
  5710   001718                     __ptext4:
  5711                           	callstack 0
  5712   001718                     _read_adc:
  5713                           	callstack 28
  5714                           
  5715                           ;incstack = 0
  5716                           ;read_adc@channel stored from wreg
  5717   001718  6E39               	movwf	read_adc@channel^0,c
  5718   00171A                     
  5719                           ;adc.c: 52: unsigned short read_adc(unsigned char channel);adc.c: 53: {;adc.c: 54:  unsi
      +                          gned short reg_val;;adc.c: 57:  ADCON0 = (ADCON0 & 0xC3) | (channel << 2);
  5720   00171A  C039  F035         	movff	read_adc@channel,??_read_adc
  5721   00171E  90D8               	bcf	status,0,c
  5722   001720  3635               	rlcf	??_read_adc^0,f,c
  5723   001722  90D8               	bcf	status,0,c
  5724   001724  3635               	rlcf	??_read_adc^0,f,c
  5725   001726  50C2               	movf	194,w,c	;volatile
  5726   001728  0BC3               	andlw	195
  5727   00172A  1035               	iorwf	??_read_adc^0,w,c
  5728   00172C  6EC2               	movwf	194,c	;volatile
  5729   00172E                     
  5730                           ;adc.c: 60:  GO = 1;
  5731   00172E  82C2               	bsf	4034,1,c	;volatile
  5732   001730                     l151:
  5733   001730  B2C2               	btfsc	4034,1,c	;volatile
  5734   001732  EF9D  F00B         	goto	u1351
  5735   001736  EF9F  F00B         	goto	u1350
  5736   00173A                     u1351:
  5737   00173A  EF98  F00B         	goto	l151
  5738   00173E                     u1350:
  5739   00173E                     
  5740                           ;adc.c: 62:  reg_val = (ADRESH << 8) | ADRESL;
  5741   00173E  50C3               	movf	195,w,c	;volatile
  5742   001740  CFC4 F035          	movff	4036,??_read_adc	;volatile
  5743   001744  6A36               	clrf	(??_read_adc+1)^0,c
  5744   001746  C035  F036         	movff	??_read_adc,??_read_adc+1
  5745   00174A  6A35               	clrf	??_read_adc^0,c
  5746   00174C  1035               	iorwf	??_read_adc^0,w,c
  5747   00174E  6E37               	movwf	read_adc@reg_val^0,c
  5748   001750  5036               	movf	(??_read_adc+1)^0,w,c
  5749   001752  6E38               	movwf	(read_adc@reg_val+1)^0,c
  5750   001754                     
  5751                           ;adc.c: 64:  return reg_val;
  5752   001754  C037  F033         	movff	read_adc@reg_val,?_read_adc
  5753   001758  C038  F034         	movff	read_adc@reg_val+1,?_read_adc+1
  5754   00175C  0012               	return		;funcret
  5755   00175E                     __end_of_read_adc:
  5756                           	callstack 0
  5757                           
  5758 ;; *************** function ___lwdiv *****************
  5759 ;; Defined at:
  5760 ;;		line 7 in file "C:\Program Files\Microchip\xc8\v3.10\pic\sources\c99\common\lwdiv.c"
  5761 ;; Parameters:    Size  Location     Type
  5762 ;;  dividend        2    0[COMRAM] unsigned int 
  5763 ;;  divisor         2    2[COMRAM] unsigned int 
  5764 ;; Auto vars:     Size  Location     Type
  5765 ;;  quotient        2    4[COMRAM] unsigned int 
  5766 ;;  counter         1    6[COMRAM] unsigned char 
  5767 ;; Return value:  Size  Location     Type
  5768 ;;                  2    0[COMRAM] unsigned int 
  5769 ;; Registers used:
  5770 ;;		wreg, status,2, status,0
  5771 ;; Tracked objects:
  5772 ;;		On entry : 0/0
  5773 ;;		On exit  : 0/0
  5774 ;;		Unchanged: 0/0
  5775 ;; Data sizes:     COMRAM   BANK0   BANK1   BANK2   BANK3   BANK4   BANK5
  5776 ;;      Params:         4       0       0       0       0       0       0
  5777 ;;      Locals:         3       0       0       0       0       0       0
  5778 ;;      Temps:          0       0       0       0       0       0       0
  5779 ;;      Totals:         7       0       0       0       0       0       0
  5780 ;;Total ram usage:        7 bytes
  5781 ;; Hardware stack levels used: 1
  5782 ;; This function calls:
  5783 ;;		Nothing
  5784 ;; This function is called by:
  5785 ;;		_get_speed
  5786 ;; This function uses a non-reentrant model
  5787 ;;
  5788                           
  5789                           	psect	text5
  5790   001B0E                     __ptext5:
  5791                           	callstack 0
  5792   001B0E                     ___lwdiv:
  5793                           	callstack 28
  5794   001B0E  6A38               	clrf	(___lwdiv@quotient+1)^0,c
  5795   001B10  0E00               	movlw	0
  5796   001B12  6E37               	movwf	___lwdiv@quotient^0,c
  5797   001B14  5035               	movf	___lwdiv@divisor^0,w,c
  5798   001B16  1036               	iorwf	(___lwdiv@divisor+1)^0,w,c
  5799   001B18  B4D8               	btfsc	status,2,c
  5800   001B1A  EF91  F00D         	goto	u1411
  5801   001B1E  EF93  F00D         	goto	u1410
  5802   001B22                     u1411:
  5803   001B22  EFBB  F00D         	goto	l1174
  5804   001B26                     u1410:
  5805   001B26  0E01               	movlw	1
  5806   001B28  6E39               	movwf	___lwdiv@counter^0,c
  5807   001B2A  EF9B  F00D         	goto	l2716
  5808   001B2E                     l2714:
  5809   001B2E  90D8               	bcf	status,0,c
  5810   001B30  3635               	rlcf	___lwdiv@divisor^0,f,c
  5811   001B32  3636               	rlcf	(___lwdiv@divisor+1)^0,f,c
  5812   001B34  2A39               	incf	___lwdiv@counter^0,f,c
  5813   001B36                     l2716:
  5814   001B36  AE36               	btfss	(___lwdiv@divisor+1)^0,7,c
  5815   001B38  EFA0  F00D         	goto	u1421
  5816   001B3C  EFA2  F00D         	goto	u1420
  5817   001B40                     u1421:
  5818   001B40  EF97  F00D         	goto	l2714
  5819   001B44                     u1420:
  5820   001B44                     l2718:
  5821   001B44  90D8               	bcf	status,0,c
  5822   001B46  3637               	rlcf	___lwdiv@quotient^0,f,c
  5823   001B48  3638               	rlcf	(___lwdiv@quotient+1)^0,f,c
  5824   001B4A  5035               	movf	___lwdiv@divisor^0,w,c
  5825   001B4C  5C33               	subwf	___lwdiv@dividend^0,w,c
  5826   001B4E  5036               	movf	(___lwdiv@divisor+1)^0,w,c
  5827   001B50  5834               	subwfb	(___lwdiv@dividend+1)^0,w,c
  5828   001B52  A0D8               	btfss	status,0,c
  5829   001B54  EFAE  F00D         	goto	u1431
  5830   001B58  EFB0  F00D         	goto	u1430
  5831   001B5C                     u1431:
  5832   001B5C  EFB5  F00D         	goto	l2726
  5833   001B60                     u1430:
  5834   001B60  5035               	movf	___lwdiv@divisor^0,w,c
  5835   001B62  5E33               	subwf	___lwdiv@dividend^0,f,c
  5836   001B64  5036               	movf	(___lwdiv@divisor+1)^0,w,c
  5837   001B66  5A34               	subwfb	(___lwdiv@dividend+1)^0,f,c
  5838   001B68  8037               	bsf	___lwdiv@quotient^0,0,c
  5839   001B6A                     l2726:
  5840   001B6A  90D8               	bcf	status,0,c
  5841   001B6C  3236               	rrcf	(___lwdiv@divisor+1)^0,f,c
  5842   001B6E  3235               	rrcf	___lwdiv@divisor^0,f,c
  5843   001B70  2E39               	decfsz	___lwdiv@counter^0,f,c
  5844   001B72  EFA2  F00D         	goto	l2718
  5845   001B76                     l1174:
  5846   001B76  C037  F033         	movff	___lwdiv@quotient,?___lwdiv
  5847   001B7A  C038  F034         	movff	___lwdiv@quotient+1,?___lwdiv+1
  5848   001B7E  0012               	return		;funcret
  5849   001B80                     __end_of___lwdiv:
  5850                           	callstack 0
  5851                           
  5852 ;; *************** function ___lmul *****************
  5853 ;; Defined at:
  5854 ;;		line 15 in file "C:\Program Files\Microchip\xc8\v3.10\pic\sources\c99\common\Umul32.c"
  5855 ;; Parameters:    Size  Location     Type
  5856 ;;  multiplier      4    0[COMRAM] unsigned long 
  5857 ;;  multiplicand    4    4[COMRAM] unsigned long 
  5858 ;; Auto vars:     Size  Location     Type
  5859 ;;  product         4    8[COMRAM] unsigned long 
  5860 ;; Return value:  Size  Location     Type
  5861 ;;                  4    0[COMRAM] unsigned long 
  5862 ;; Registers used:
  5863 ;;		wreg, status,2, status,0
  5864 ;; Tracked objects:
  5865 ;;		On entry : 0/0
  5866 ;;		On exit  : 0/0
  5867 ;;		Unchanged: 0/0
  5868 ;; Data sizes:     COMRAM   BANK0   BANK1   BANK2   BANK3   BANK4   BANK5
  5869 ;;      Params:         8       0       0       0       0       0       0
  5870 ;;      Locals:         4       0       0       0       0       0       0
  5871 ;;      Temps:          0       0       0       0       0       0       0
  5872 ;;      Totals:        12       0       0       0       0       0       0
  5873 ;;Total ram usage:       12 bytes
  5874 ;; Hardware stack levels used: 1
  5875 ;; This function calls:
  5876 ;;		Nothing
  5877 ;; This function is called by:
  5878 ;;		_get_speed
  5879 ;; This function uses a non-reentrant model
  5880 ;;
  5881                           
  5882                           	psect	text6
  5883   0019C8                     __ptext6:
  5884                           	callstack 0
  5885   0019C8                     ___lmul:
  5886                           	callstack 28
  5887   0019C8  0E00               	movlw	0
  5888   0019CA  6E3B               	movwf	___lmul@product^0,c
  5889   0019CC  0E00               	movlw	0
  5890   0019CE  6E3C               	movwf	(___lmul@product+1)^0,c
  5891   0019D0  0E00               	movlw	0
  5892   0019D2  6E3D               	movwf	(___lmul@product+2)^0,c
  5893   0019D4  0E00               	movlw	0
  5894   0019D6  6E3E               	movwf	(___lmul@product+3)^0,c
  5895   0019D8                     l2678:
  5896   0019D8  A033               	btfss	___lmul@multiplier^0,0,c
  5897   0019DA  EFF1  F00C         	goto	u1361
  5898   0019DE  EFF3  F00C         	goto	u1360
  5899   0019E2                     u1361:
  5900   0019E2  EFFB  F00C         	goto	l2682
  5901   0019E6                     u1360:
  5902   0019E6  5037               	movf	___lmul@multiplicand^0,w,c
  5903   0019E8  263B               	addwf	___lmul@product^0,f,c
  5904   0019EA  5038               	movf	(___lmul@multiplicand+1)^0,w,c
  5905   0019EC  223C               	addwfc	(___lmul@product+1)^0,f,c
  5906   0019EE  5039               	movf	(___lmul@multiplicand+2)^0,w,c
  5907   0019F0  223D               	addwfc	(___lmul@product+2)^0,f,c
  5908   0019F2  503A               	movf	(___lmul@multiplicand+3)^0,w,c
  5909   0019F4  223E               	addwfc	(___lmul@product+3)^0,f,c
  5910   0019F6                     l2682:
  5911   0019F6  90D8               	bcf	status,0,c
  5912   0019F8  3637               	rlcf	___lmul@multiplicand^0,f,c
  5913   0019FA  3638               	rlcf	(___lmul@multiplicand+1)^0,f,c
  5914   0019FC  3639               	rlcf	(___lmul@multiplicand+2)^0,f,c
  5915   0019FE  363A               	rlcf	(___lmul@multiplicand+3)^0,f,c
  5916   001A00  90D8               	bcf	status,0,c
  5917   001A02  3236               	rrcf	(___lmul@multiplier+3)^0,f,c
  5918   001A04  3235               	rrcf	(___lmul@multiplier+2)^0,f,c
  5919   001A06  3234               	rrcf	(___lmul@multiplier+1)^0,f,c
  5920   001A08  3233               	rrcf	___lmul@multiplier^0,f,c
  5921   001A0A  5033               	movf	___lmul@multiplier^0,w,c
  5922   001A0C  1034               	iorwf	(___lmul@multiplier+1)^0,w,c
  5923   001A0E  1035               	iorwf	(___lmul@multiplier+2)^0,w,c
  5924   001A10  1036               	iorwf	(___lmul@multiplier+3)^0,w,c
  5925   001A12  A4D8               	btfss	status,2,c
  5926   001A14  EF0E  F00D         	goto	u1371
  5927   001A18  EF10  F00D         	goto	u1370
  5928   001A1C                     u1371:
  5929   001A1C  EFEC  F00C         	goto	l2678
  5930   001A20                     u1370:
  5931   001A20  C03B  F033         	movff	___lmul@product,?___lmul
  5932   001A24  C03C  F034         	movff	___lmul@product+1,?___lmul+1
  5933   001A28  C03D  F035         	movff	___lmul@product+2,?___lmul+2
  5934   001A2C  C03E  F036         	movff	___lmul@product+3,?___lmul+3
  5935   001A30  0012               	return		;funcret
  5936   001A32                     __end_of___lmul:
  5937                           	callstack 0
  5938                           
  5939 ;; *************** function ___lldiv *****************
  5940 ;; Defined at:
  5941 ;;		line 7 in file "C:\Program Files\Microchip\xc8\v3.10\pic\sources\c99\common\__lldiv.c"
  5942 ;; Parameters:    Size  Location     Type
  5943 ;;  dividend        4   12[COMRAM] unsigned long 
  5944 ;;  divisor         4   16[COMRAM] unsigned long 
  5945 ;; Auto vars:     Size  Location     Type
  5946 ;;  quotient        4   20[COMRAM] unsigned long 
  5947 ;;  counter         1   24[COMRAM] unsigned char 
  5948 ;; Return value:  Size  Location     Type
  5949 ;;                  4   12[COMRAM] unsigned long 
  5950 ;; Registers used:
  5951 ;;		wreg, status,2, status,0
  5952 ;; Tracked objects:
  5953 ;;		On entry : 0/0
  5954 ;;		On exit  : 0/0
  5955 ;;		Unchanged: 0/0
  5956 ;; Data sizes:     COMRAM   BANK0   BANK1   BANK2   BANK3   BANK4   BANK5
  5957 ;;      Params:         8       0       0       0       0       0       0
  5958 ;;      Locals:         5       0       0       0       0       0       0
  5959 ;;      Temps:          0       0       0       0       0       0       0
  5960 ;;      Totals:        13       0       0       0       0       0       0
  5961 ;;Total ram usage:       13 bytes
  5962 ;; Hardware stack levels used: 1
  5963 ;; This function calls:
  5964 ;;		Nothing
  5965 ;; This function is called by:
  5966 ;;		_get_speed
  5967 ;; This function uses a non-reentrant model
  5968 ;;
  5969                           
  5970                           	psect	text7
  5971   001D4A                     __ptext7:
  5972                           	callstack 0
  5973   001D4A                     ___lldiv:
  5974                           	callstack 28
  5975   001D4A  0E00               	movlw	0
  5976   001D4C  6E47               	movwf	___lldiv@quotient^0,c
  5977   001D4E  0E00               	movlw	0
  5978   001D50  6E48               	movwf	(___lldiv@quotient+1)^0,c
  5979   001D52  0E00               	movlw	0
  5980   001D54  6E49               	movwf	(___lldiv@quotient+2)^0,c
  5981   001D56  0E00               	movlw	0
  5982   001D58  6E4A               	movwf	(___lldiv@quotient+3)^0,c
  5983   001D5A  5043               	movf	___lldiv@divisor^0,w,c
  5984   001D5C  1044               	iorwf	(___lldiv@divisor+1)^0,w,c
  5985   001D5E  1045               	iorwf	(___lldiv@divisor+2)^0,w,c
  5986   001D60  1046               	iorwf	(___lldiv@divisor+3)^0,w,c
  5987   001D62  B4D8               	btfsc	status,2,c
  5988   001D64  EFB6  F00E         	goto	u1381
  5989   001D68  EFB8  F00E         	goto	u1380
  5990   001D6C                     u1381:
  5991   001D6C  EFEE  F00E         	goto	l600
  5992   001D70                     u1380:
  5993   001D70  0E01               	movlw	1
  5994   001D72  6E4B               	movwf	___lldiv@counter^0,c
  5995   001D74  EFC2  F00E         	goto	l2694
  5996   001D78                     l2692:
  5997   001D78  90D8               	bcf	status,0,c
  5998   001D7A  3643               	rlcf	___lldiv@divisor^0,f,c
  5999   001D7C  3644               	rlcf	(___lldiv@divisor+1)^0,f,c
  6000   001D7E  3645               	rlcf	(___lldiv@divisor+2)^0,f,c
  6001   001D80  3646               	rlcf	(___lldiv@divisor+3)^0,f,c
  6002   001D82  2A4B               	incf	___lldiv@counter^0,f,c
  6003   001D84                     l2694:
  6004   001D84  AE46               	btfss	(___lldiv@divisor+3)^0,7,c
  6005   001D86  EFC7  F00E         	goto	u1391
  6006   001D8A  EFC9  F00E         	goto	u1390
  6007   001D8E                     u1391:
  6008   001D8E  EFBC  F00E         	goto	l2692
  6009   001D92                     u1390:
  6010   001D92                     l2696:
  6011   001D92  90D8               	bcf	status,0,c
  6012   001D94  3647               	rlcf	___lldiv@quotient^0,f,c
  6013   001D96  3648               	rlcf	(___lldiv@quotient+1)^0,f,c
  6014   001D98  3649               	rlcf	(___lldiv@quotient+2)^0,f,c
  6015   001D9A  364A               	rlcf	(___lldiv@quotient+3)^0,f,c
  6016   001D9C  5043               	movf	___lldiv@divisor^0,w,c
  6017   001D9E  5C3F               	subwf	___lldiv@dividend^0,w,c
  6018   001DA0  5044               	movf	(___lldiv@divisor+1)^0,w,c
  6019   001DA2  5840               	subwfb	(___lldiv@dividend+1)^0,w,c
  6020   001DA4  5045               	movf	(___lldiv@divisor+2)^0,w,c
  6021   001DA6  5841               	subwfb	(___lldiv@dividend+2)^0,w,c
  6022   001DA8  5046               	movf	(___lldiv@divisor+3)^0,w,c
  6023   001DAA  5842               	subwfb	(___lldiv@dividend+3)^0,w,c
  6024   001DAC  A0D8               	btfss	status,0,c
  6025   001DAE  EFDB  F00E         	goto	u1401
  6026   001DB2  EFDD  F00E         	goto	u1400
  6027   001DB6                     u1401:
  6028   001DB6  EFE6  F00E         	goto	l2704
  6029   001DBA                     u1400:
  6030   001DBA  5043               	movf	___lldiv@divisor^0,w,c
  6031   001DBC  5E3F               	subwf	___lldiv@dividend^0,f,c
  6032   001DBE  5044               	movf	(___lldiv@divisor+1)^0,w,c
  6033   001DC0  5A40               	subwfb	(___lldiv@dividend+1)^0,f,c
  6034   001DC2  5045               	movf	(___lldiv@divisor+2)^0,w,c
  6035   001DC4  5A41               	subwfb	(___lldiv@dividend+2)^0,f,c
  6036   001DC6  5046               	movf	(___lldiv@divisor+3)^0,w,c
  6037   001DC8  5A42               	subwfb	(___lldiv@dividend+3)^0,f,c
  6038   001DCA  8047               	bsf	___lldiv@quotient^0,0,c
  6039   001DCC                     l2704:
  6040   001DCC  90D8               	bcf	status,0,c
  6041   001DCE  3246               	rrcf	(___lldiv@divisor+3)^0,f,c
  6042   001DD0  3245               	rrcf	(___lldiv@divisor+2)^0,f,c
  6043   001DD2  3244               	rrcf	(___lldiv@divisor+1)^0,f,c
  6044   001DD4  3243               	rrcf	___lldiv@divisor^0,f,c
  6045   001DD6  2E4B               	decfsz	___lldiv@counter^0,f,c
  6046   001DD8  EFC9  F00E         	goto	l2696
  6047   001DDC                     l600:
  6048   001DDC  C047  F03F         	movff	___lldiv@quotient,?___lldiv
  6049   001DE0  C048  F040         	movff	___lldiv@quotient+1,?___lldiv+1
  6050   001DE4  C049  F041         	movff	___lldiv@quotient+2,?___lldiv+2
  6051   001DE8  C04A  F042         	movff	___lldiv@quotient+3,?___lldiv+3
  6052   001DEC  0012               	return		;funcret
  6053   001DEE                     __end_of___lldiv:
  6054                           	callstack 0
  6055                           
  6056 ;; *************** function _get_gear *****************
  6057 ;; Defined at:
  6058 ;;		line 136 in file "black_box.c"
  6059 ;; Parameters:    Size  Location     Type
  6060 ;;		None
  6061 ;; Auto vars:     Size  Location     Type
  6062 ;;  gear_changed    1    9[COMRAM] unsigned char 
  6063 ;; Return value:  Size  Location     Type
  6064 ;;                  1    wreg      void 
  6065 ;; Registers used:
  6066 ;;		wreg, fsr0l, fsr0h, fsr2l, fsr2h, status,2, status,0, tblptrl, tblptrh, tblptru, prodl, prodh, cstack
  6067 ;; Tracked objects:
  6068 ;;		On entry : 0/0
  6069 ;;		On exit  : 0/0
  6070 ;;		Unchanged: 0/0
  6071 ;; Data sizes:     COMRAM   BANK0   BANK1   BANK2   BANK3   BANK4   BANK5
  6072 ;;      Params:         0       0       0       0       0       0       0
  6073 ;;      Locals:         1       0       0       0       0       0       0
  6074 ;;      Temps:          1       0       0       0       0       0       0
  6075 ;;      Totals:         2       0       0       0       0       0       0
  6076 ;;Total ram usage:        2 bytes
  6077 ;; Hardware stack levels used: 1
  6078 ;; Hardware stack levels required when called: 3
  6079 ;; This function calls:
  6080 ;;		_clcd_print
  6081 ;;		_store_log
  6082 ;; This function is called by:
  6083 ;;		_view_dashboard
  6084 ;; This function uses a non-reentrant model
  6085 ;;
  6086                           
  6087                           	psect	text8
  6088   002002                     __ptext8:
  6089                           	callstack 0
  6090   002002                     _get_gear:
  6091                           	callstack 26
  6092   002002                     
  6093                           ;black_box.c: 138:     unsigned char gear_changed = 0;
  6094   002002  6A3C               	clrf	get_gear@gear_changed^0,c
  6095   002004                     
  6096                           ;black_box.c: 139:     if(key == 1)
  6097   002004  041C               	decf	_key^0,w,c
  6098   002006  A4D8               	btfss	status,2,c
  6099   002008  EF08  F010         	goto	u1441
  6100   00200C  EF0A  F010         	goto	u1440
  6101   002010                     u1441:
  6102   002010  EF17  F010         	goto	l2798
  6103   002014                     u1440:
  6104   002014                     
  6105                           ;black_box.c: 140:     {;black_box.c: 141:         if(gear_index < 5)
  6106   002014  0E05               	movlw	5
  6107   002016  6018               	cpfslt	_gear_index^0,c
  6108   002018  EF10  F010         	goto	u1451
  6109   00201C  EF12  F010         	goto	u1450
  6110   002020                     u1451:
  6111   002020  EF47  F010         	goto	l2814
  6112   002024                     u1450:
  6113   002024                     
  6114                           ;black_box.c: 142:         {;black_box.c: 143:             gear_index++;
  6115   002024  2A18               	incf	_gear_index^0,f,c
  6116   002026                     l2796:
  6117                           
  6118                           ;black_box.c: 144:             gear_changed = 1;
  6119   002026  0E01               	movlw	1
  6120   002028  6E3C               	movwf	get_gear@gear_changed^0,c
  6121   00202A  EF47  F010         	goto	l2814
  6122   00202E                     l2798:
  6123   00202E  0E02               	movlw	2
  6124   002030  181C               	xorwf	_key^0,w,c
  6125   002032  A4D8               	btfss	status,2,c
  6126   002034  EF1E  F010         	goto	u1461
  6127   002038  EF20  F010         	goto	u1460
  6128   00203C                     u1461:
  6129   00203C  EF2B  F010         	goto	l2806
  6130   002040                     u1460:
  6131   002040                     
  6132                           ;black_box.c: 148:     {;black_box.c: 149:         if(gear_index > 0)
  6133   002040  5018               	movf	_gear_index^0,w,c
  6134   002042  B4D8               	btfsc	status,2,c
  6135   002044  EF26  F010         	goto	u1471
  6136   002048  EF28  F010         	goto	u1470
  6137   00204C                     u1471:
  6138   00204C  EF47  F010         	goto	l2814
  6139   002050                     u1470:
  6140   002050                     
  6141                           ;black_box.c: 150:         {;black_box.c: 151:             gear_index--;
  6142   002050  0618               	decf	_gear_index^0,f,c
  6143   002052  EF13  F010         	goto	l2796
  6144   002056                     l2806:
  6145   002056  0E03               	movlw	3
  6146   002058  181C               	xorwf	_key^0,w,c
  6147   00205A  A4D8               	btfss	status,2,c
  6148   00205C  EF32  F010         	goto	u1481
  6149   002060  EF34  F010         	goto	u1480
  6150   002064                     u1481:
  6151   002064  EF3A  F010         	goto	l2810
  6152   002068                     u1480:
  6153   002068                     
  6154                           ;black_box.c: 156:     {;black_box.c: 157:         gear_index = 7;
  6155   002068  0E07               	movlw	7
  6156   00206A  6E18               	movwf	_gear_index^0,c
  6157                           
  6158                           ;black_box.c: 158:         gear_changed = 1;
  6159   00206C  0E01               	movlw	1
  6160   00206E  6E3C               	movwf	get_gear@gear_changed^0,c
  6161                           
  6162                           ;black_box.c: 159:     }
  6163   002070  EF47  F010         	goto	l2814
  6164   002074                     l2810:
  6165   002074  0E04               	movlw	4
  6166   002076  181C               	xorwf	_key^0,w,c
  6167   002078  A4D8               	btfss	status,2,c
  6168   00207A  EF41  F010         	goto	u1491
  6169   00207E  EF43  F010         	goto	u1490
  6170   002082                     u1491:
  6171   002082  EF47  F010         	goto	l2814
  6172   002086                     u1490:
  6173   002086                     
  6174                           ;black_box.c: 161:     {;black_box.c: 162:         gear_index = 6;
  6175   002086  0E06               	movlw	6
  6176   002088  6E18               	movwf	_gear_index^0,c
  6177                           
  6178                           ;black_box.c: 163:         gear_changed = 1;
  6179   00208A  0E01               	movlw	1
  6180   00208C  6E3C               	movwf	get_gear@gear_changed^0,c
  6181   00208E                     l2814:
  6182                           
  6183                           ;black_box.c: 165:     clcd_print(gear[gear_index], (0xC0 + (10)));
  6184   00208E  5018               	movf	_gear_index^0,w,c
  6185   002090  0D03               	mullw	3
  6186   002092  50F3               	movf	243,w,c
  6187   002094  0F94               	addlw	low _gear
  6188   002096  6E3B               	movwf	??_get_gear^0,c
  6189   002098  C03B  F035         	movff	??_get_gear,clcd_print@data
  6190   00209C  6A36               	clrf	(clcd_print@data+1)^0,c
  6191   00209E  0ECA               	movlw	202
  6192   0020A0  6E37               	movwf	clcd_print@addr^0,c
  6193   0020A2  EC19  F00D         	call	_clcd_print	;wreg free
  6194   0020A6                     
  6195                           ;black_box.c: 167:     if(gear_changed)
  6196   0020A6  503C               	movf	get_gear@gear_changed^0,w,c
  6197   0020A8  B4D8               	btfsc	status,2,c
  6198   0020AA  EF59  F010         	goto	u1501
  6199   0020AE  EF5B  F010         	goto	u1500
  6200   0020B2                     u1501:
  6201   0020B2  EF60  F010         	goto	l226
  6202   0020B6                     u1500:
  6203   0020B6                     
  6204                           ;black_box.c: 168:     {;black_box.c: 170:         store_log(gear_index,speed_data);
  6205   0020B6  0E30               	movlw	low _speed_data
  6206   0020B8  6E38               	movwf	store_log@speed^0,c
  6207   0020BA  5018               	movf	_gear_index^0,w,c
  6208   0020BC  ECFB  F011         	call	_store_log
  6209   0020C0                     l226:
  6210   0020C0  0012               	return		;funcret
  6211   0020C2                     __end_of_get_gear:
  6212                           	callstack 0
  6213                           
  6214 ;; *************** function _store_log *****************
  6215 ;; Defined at:
  6216 ;;		line 75 in file "black_box.c"
  6217 ;; Parameters:    Size  Location     Type
  6218 ;;  gear_index      1    wreg     unsigned char 
  6219 ;;  speed           1    5[COMRAM] PTR unsigned char 
  6220 ;;		 -> speed_data(3), 
  6221 ;; Auto vars:     Size  Location     Type
  6222 ;;  gear_index      1    7[COMRAM] unsigned char 
  6223 ;; Return value:  Size  Location     Type
  6224 ;;                  1    wreg      void 
  6225 ;; Registers used:
  6226 ;;		wreg, fsr0l, fsr0h, fsr2l, fsr2h, status,2, status,0, tblptrl, tblptrh, tblptru, prodl, prodh, cstack
  6227 ;; Tracked objects:
  6228 ;;		On entry : 0/0
  6229 ;;		On exit  : 0/0
  6230 ;;		Unchanged: 0/0
  6231 ;; Data sizes:     COMRAM   BANK0   BANK1   BANK2   BANK3   BANK4   BANK5
  6232 ;;      Params:         1       0       0       0       0       0       0
  6233 ;;      Locals:         1       0       0       0       0       0       0
  6234 ;;      Temps:          1       0       0       0       0       0       0
  6235 ;;      Totals:         3       0       0       0       0       0       0
  6236 ;;Total ram usage:        3 bytes
  6237 ;; Hardware stack levels used: 1
  6238 ;; Hardware stack levels required when called: 2
  6239 ;; This function calls:
  6240 ;;		___lwmod
  6241 ;;		_get_time
  6242 ;;		_write_AT24C04
  6243 ;; This function is called by:
  6244 ;;		_get_gear
  6245 ;; This function uses a non-reentrant model
  6246 ;;
  6247                           
  6248                           	psect	text9
  6249   0023F6                     __ptext9:
  6250                           	callstack 0
  6251   0023F6                     _store_log:
  6252                           	callstack 26
  6253                           
  6254                           ;incstack = 0
  6255                           ;store_log@gear_index stored from wreg
  6256   0023F6  6E3A               	movwf	store_log@gear_index^0,c
  6257   0023F8                     
  6258                           ;black_box.c: 75: void store_log(unsigned char gear_index,unsigned char* speed);black_bo
      +                          x.c: 76: {;black_box.c: 79:     get_time();
  6259   0023F8  ECC0  F00D         	call	_get_time	;wreg free
  6260   0023FC                     
  6261                           ;black_box.c: 81:     eeprom_addr = (count % 10) * 10;
  6262   0023FC  C00B  F033         	movff	_count,___lwmod@dividend
  6263   002400  C00C  F034         	movff	_count+1,___lwmod@dividend+1
  6264   002404  6A36               	clrf	(___lwmod@divisor+1)^0,c
  6265   002406  0E0A               	movlw	10
  6266   002408  6E35               	movwf	___lwmod@divisor^0,c
  6267   00240A  ECB2  F00C         	call	___lwmod	;wreg free
  6268   00240E  5033               	movf	?___lwmod^0,w,c
  6269   002410  0D0A               	mullw	10
  6270   002412  CFF3 F015          	movff	prodl,_eeprom_addr
  6271   002416                     
  6272                           ;black_box.c: 83:     write_AT24C04(eeprom_addr++, time[0]);
  6273   002416  C01E  F034         	movff	_time,write_AT24C04@data
  6274   00241A  5015               	movf	_eeprom_addr^0,w,c
  6275   00241C  EC58  F00B         	call	_write_AT24C04
  6276   002420  2A15               	incf	_eeprom_addr^0,f,c
  6277   002422                     
  6278                           ;black_box.c: 84:     _delay((unsigned long)((5)*(20000000/4000.0)));
  6279   002422  0E21               	movlw	33
  6280   002424  6E39               	movwf	??_store_log^0,c
  6281   002426  0E76               	movlw	118
  6282   002428                     u2307:
  6283   002428  2EE8               	decfsz	wreg,f,c
  6284   00242A  D7FE               	bra	u2307
  6285   00242C  2E39               	decfsz	??_store_log^0,f,c
  6286   00242E  D7FC               	bra	u2307
  6287   002430  D000               	nop2	
  6288   002432                     
  6289                           ;black_box.c: 85:     write_AT24C04(eeprom_addr++, time[1]);
  6290   002432  C01F  F034         	movff	_time+1,write_AT24C04@data
  6291   002436  5015               	movf	_eeprom_addr^0,w,c
  6292   002438  EC58  F00B         	call	_write_AT24C04
  6293   00243C  2A15               	incf	_eeprom_addr^0,f,c
  6294   00243E                     
  6295                           ;black_box.c: 86:     _delay((unsigned long)((5)*(20000000/4000.0)));
  6296   00243E  0E21               	movlw	33
  6297   002440  6E39               	movwf	??_store_log^0,c
  6298   002442  0E76               	movlw	118
  6299   002444                     u2317:
  6300   002444  2EE8               	decfsz	wreg,f,c
  6301   002446  D7FE               	bra	u2317
  6302   002448  2E39               	decfsz	??_store_log^0,f,c
  6303   00244A  D7FC               	bra	u2317
  6304   00244C  D000               	nop2	
  6305   00244E                     
  6306                           ;black_box.c: 88:     write_AT24C04(eeprom_addr++, time[3]);
  6307   00244E  C021  F034         	movff	_time+3,write_AT24C04@data
  6308   002452  5015               	movf	_eeprom_addr^0,w,c
  6309   002454  EC58  F00B         	call	_write_AT24C04
  6310   002458  2A15               	incf	_eeprom_addr^0,f,c
  6311   00245A                     
  6312                           ;black_box.c: 89:     _delay((unsigned long)((5)*(20000000/4000.0)));
  6313   00245A  0E21               	movlw	33
  6314   00245C  6E39               	movwf	??_store_log^0,c
  6315   00245E  0E76               	movlw	118
  6316   002460                     u2327:
  6317   002460  2EE8               	decfsz	wreg,f,c
  6318   002462  D7FE               	bra	u2327
  6319   002464  2E39               	decfsz	??_store_log^0,f,c
  6320   002466  D7FC               	bra	u2327
  6321   002468  D000               	nop2	
  6322   00246A                     
  6323                           ;black_box.c: 90:     write_AT24C04(eeprom_addr++, time[4]);
  6324   00246A  C022  F034         	movff	_time+4,write_AT24C04@data
  6325   00246E  5015               	movf	_eeprom_addr^0,w,c
  6326   002470  EC58  F00B         	call	_write_AT24C04
  6327   002474  2A15               	incf	_eeprom_addr^0,f,c
  6328   002476                     
  6329                           ;black_box.c: 91:     _delay((unsigned long)((5)*(20000000/4000.0)));
  6330   002476  0E21               	movlw	33
  6331   002478  6E39               	movwf	??_store_log^0,c
  6332   00247A  0E76               	movlw	118
  6333   00247C                     u2337:
  6334   00247C  2EE8               	decfsz	wreg,f,c
  6335   00247E  D7FE               	bra	u2337
  6336   002480  2E39               	decfsz	??_store_log^0,f,c
  6337   002482  D7FC               	bra	u2337
  6338   002484  D000               	nop2	
  6339   002486                     
  6340                           ;black_box.c: 93:     write_AT24C04(eeprom_addr++, time[6]);
  6341   002486  C024  F034         	movff	_time+6,write_AT24C04@data
  6342   00248A  5015               	movf	_eeprom_addr^0,w,c
  6343   00248C  EC58  F00B         	call	_write_AT24C04
  6344   002490  2A15               	incf	_eeprom_addr^0,f,c
  6345   002492                     
  6346                           ;black_box.c: 94:     _delay((unsigned long)((5)*(20000000/4000.0)));
  6347   002492  0E21               	movlw	33
  6348   002494  6E39               	movwf	??_store_log^0,c
  6349   002496  0E76               	movlw	118
  6350   002498                     u2347:
  6351   002498  2EE8               	decfsz	wreg,f,c
  6352   00249A  D7FE               	bra	u2347
  6353   00249C  2E39               	decfsz	??_store_log^0,f,c
  6354   00249E  D7FC               	bra	u2347
  6355   0024A0  D000               	nop2	
  6356   0024A2                     
  6357                           ;black_box.c: 95:     write_AT24C04(eeprom_addr++, time[7]);
  6358   0024A2  C025  F034         	movff	_time+7,write_AT24C04@data
  6359   0024A6  5015               	movf	_eeprom_addr^0,w,c
  6360   0024A8  EC58  F00B         	call	_write_AT24C04
  6361   0024AC  2A15               	incf	_eeprom_addr^0,f,c
  6362   0024AE                     
  6363                           ;black_box.c: 96:     _delay((unsigned long)((5)*(20000000/4000.0)));
  6364   0024AE  0E21               	movlw	33
  6365   0024B0  6E39               	movwf	??_store_log^0,c
  6366   0024B2  0E76               	movlw	118
  6367   0024B4                     u2357:
  6368   0024B4  2EE8               	decfsz	wreg,f,c
  6369   0024B6  D7FE               	bra	u2357
  6370   0024B8  2E39               	decfsz	??_store_log^0,f,c
  6371   0024BA  D7FC               	bra	u2357
  6372   0024BC  D000               	nop2	
  6373   0024BE                     
  6374                           ;black_box.c: 98:     write_AT24C04(eeprom_addr++, gear[gear_index][0]);
  6375   0024BE  503A               	movf	store_log@gear_index^0,w,c
  6376   0024C0  0D03               	mullw	3
  6377   0024C2  50F3               	movf	243,w,c
  6378   0024C4  0F94               	addlw	low _gear
  6379   0024C6  6ED9               	movwf	fsr2l,c
  6380   0024C8  6ADA               	clrf	fsr2h,c
  6381   0024CA  50DF               	movf	indf2,w,c
  6382   0024CC  6E34               	movwf	write_AT24C04@data^0,c
  6383   0024CE  5015               	movf	_eeprom_addr^0,w,c
  6384   0024D0  EC58  F00B         	call	_write_AT24C04
  6385   0024D4  2A15               	incf	_eeprom_addr^0,f,c
  6386   0024D6                     
  6387                           ;black_box.c: 99:     _delay((unsigned long)((5)*(20000000/4000.0)));
  6388   0024D6  0E21               	movlw	33
  6389   0024D8  6E39               	movwf	??_store_log^0,c
  6390   0024DA  0E76               	movlw	118
  6391   0024DC                     u2367:
  6392   0024DC  2EE8               	decfsz	wreg,f,c
  6393   0024DE  D7FE               	bra	u2367
  6394   0024E0  2E39               	decfsz	??_store_log^0,f,c
  6395   0024E2  D7FC               	bra	u2367
  6396   0024E4  D000               	nop2	
  6397   0024E6                     
  6398                           ;black_box.c: 100:     write_AT24C04(eeprom_addr++, gear[gear_index][1]);
  6399   0024E6  503A               	movf	store_log@gear_index^0,w,c
  6400   0024E8  0D03               	mullw	3
  6401   0024EA  50F3               	movf	243,w,c
  6402   0024EC  0F95               	addlw	low (_gear+1)
  6403   0024EE  6ED9               	movwf	fsr2l,c
  6404   0024F0  6ADA               	clrf	fsr2h,c
  6405   0024F2  50DF               	movf	indf2,w,c
  6406   0024F4  6E34               	movwf	write_AT24C04@data^0,c
  6407   0024F6  5015               	movf	_eeprom_addr^0,w,c
  6408   0024F8  EC58  F00B         	call	_write_AT24C04
  6409   0024FC  2A15               	incf	_eeprom_addr^0,f,c
  6410   0024FE                     
  6411                           ;black_box.c: 101:     _delay((unsigned long)((5)*(20000000/4000.0)));
  6412   0024FE  0E21               	movlw	33
  6413   002500  6E39               	movwf	??_store_log^0,c
  6414   002502  0E76               	movlw	118
  6415   002504                     u2377:
  6416   002504  2EE8               	decfsz	wreg,f,c
  6417   002506  D7FE               	bra	u2377
  6418   002508  2E39               	decfsz	??_store_log^0,f,c
  6419   00250A  D7FC               	bra	u2377
  6420   00250C  D000               	nop2	
  6421   00250E                     
  6422                           ;black_box.c: 104:     write_AT24C04(eeprom_addr++, speed[0]);
  6423   00250E  5038               	movf	store_log@speed^0,w,c
  6424   002510  6ED9               	movwf	fsr2l,c
  6425   002512  6ADA               	clrf	fsr2h,c
  6426   002514  50DF               	movf	indf2,w,c
  6427   002516  6E34               	movwf	write_AT24C04@data^0,c
  6428   002518  5015               	movf	_eeprom_addr^0,w,c
  6429   00251A  EC58  F00B         	call	_write_AT24C04
  6430   00251E  2A15               	incf	_eeprom_addr^0,f,c
  6431   002520                     
  6432                           ;black_box.c: 105:     _delay((unsigned long)((5)*(20000000/4000.0)));
  6433   002520  0E21               	movlw	33
  6434   002522  6E39               	movwf	??_store_log^0,c
  6435   002524  0E76               	movlw	118
  6436   002526                     u2387:
  6437   002526  2EE8               	decfsz	wreg,f,c
  6438   002528  D7FE               	bra	u2387
  6439   00252A  2E39               	decfsz	??_store_log^0,f,c
  6440   00252C  D7FC               	bra	u2387
  6441   00252E  D000               	nop2	
  6442   002530                     
  6443                           ;black_box.c: 106:     write_AT24C04(eeprom_addr++, speed[1]);
  6444   002530  5038               	movf	store_log@speed^0,w,c
  6445   002532  6ED9               	movwf	fsr2l,c
  6446   002534  6ADA               	clrf	fsr2h,c
  6447   002536  0E01               	movlw	1
  6448   002538  26D9               	addwf	fsr2l,f,c
  6449   00253A  50DF               	movf	indf2,w,c
  6450   00253C  6E34               	movwf	write_AT24C04@data^0,c
  6451   00253E  5015               	movf	_eeprom_addr^0,w,c
  6452   002540  EC58  F00B         	call	_write_AT24C04
  6453   002544  2A15               	incf	_eeprom_addr^0,f,c
  6454   002546                     
  6455                           ;black_box.c: 107:     _delay((unsigned long)((5)*(20000000/4000.0)));
  6456   002546  0E21               	movlw	33
  6457   002548  6E39               	movwf	??_store_log^0,c
  6458   00254A  0E76               	movlw	118
  6459   00254C                     u2397:
  6460   00254C  2EE8               	decfsz	wreg,f,c
  6461   00254E  D7FE               	bra	u2397
  6462   002550  2E39               	decfsz	??_store_log^0,f,c
  6463   002552  D7FC               	bra	u2397
  6464   002554  D000               	nop2	
  6465   002556                     
  6466                           ;black_box.c: 109:     count++;
  6467   002556  4A0B               	infsnz	_count^0,f,c
  6468   002558  2A0C               	incf	(_count+1)^0,f,c
  6469   00255A  0012               	return		;funcret
  6470   00255C                     __end_of_store_log:
  6471                           	callstack 0
  6472                           
  6473 ;; *************** function _write_AT24C04 *****************
  6474 ;; Defined at:
  6475 ;;		line 52 in file "external_eeprom.c"
  6476 ;; Parameters:    Size  Location     Type
  6477 ;;  address         1    wreg     unsigned char 
  6478 ;;  data            1    1[COMRAM] unsigned char 
  6479 ;; Auto vars:     Size  Location     Type
  6480 ;;  address         1    3[COMRAM] unsigned char 
  6481 ;; Return value:  Size  Location     Type
  6482 ;;                  1    wreg      void 
  6483 ;; Registers used:
  6484 ;;		wreg, status,2, cstack
  6485 ;; Tracked objects:
  6486 ;;		On entry : 0/0
  6487 ;;		On exit  : 0/0
  6488 ;;		Unchanged: 0/0
  6489 ;; Data sizes:     COMRAM   BANK0   BANK1   BANK2   BANK3   BANK4   BANK5
  6490 ;;      Params:         1       0       0       0       0       0       0
  6491 ;;      Locals:         1       0       0       0       0       0       0
  6492 ;;      Temps:          1       0       0       0       0       0       0
  6493 ;;      Totals:         3       0       0       0       0       0       0
  6494 ;;Total ram usage:        3 bytes
  6495 ;; Hardware stack levels used: 1
  6496 ;; Hardware stack levels required when called: 1
  6497 ;; This function calls:
  6498 ;;		_i2c_start
  6499 ;;		_i2c_stop
  6500 ;;		_i2c_write
  6501 ;; This function is called by:
  6502 ;;		_store_log
  6503 ;; This function uses a non-reentrant model
  6504 ;;
  6505                           
  6506                           	psect	text10
  6507   0016B0                     __ptext10:
  6508                           	callstack 0
  6509   0016B0                     _write_AT24C04:
  6510                           	callstack 26
  6511                           
  6512                           ;incstack = 0
  6513                           ;write_AT24C04@address stored from wreg
  6514   0016B0  6E36               	movwf	write_AT24C04@address^0,c
  6515   0016B2                     
  6516                           ;external_eeprom.c: 52: void write_AT24C04(unsigned char address, unsigned char data);ex
      +                          ternal_eeprom.c: 53: {;external_eeprom.c: 54:  i2c_start();
  6517   0016B2  EC7C  F00A         	call	_i2c_start	;wreg free
  6518   0016B6                     
  6519                           ;external_eeprom.c: 55:  i2c_write(0xA0);
  6520   0016B6  0EA0               	movlw	160
  6521   0016B8  EC8A  F00A         	call	_i2c_write
  6522   0016BC                     
  6523                           ;external_eeprom.c: 56:  i2c_write(address);
  6524   0016BC  5036               	movf	write_AT24C04@address^0,w,c
  6525   0016BE  EC8A  F00A         	call	_i2c_write
  6526   0016C2                     
  6527                           ;external_eeprom.c: 57:  i2c_write(data);
  6528   0016C2  5034               	movf	write_AT24C04@data^0,w,c
  6529   0016C4  EC8A  F00A         	call	_i2c_write
  6530   0016C8                     
  6531                           ;external_eeprom.c: 58:  i2c_stop();
  6532   0016C8  EC80  F00A         	call	_i2c_stop	;wreg free
  6533   0016CC                     
  6534                           ;external_eeprom.c: 60:     _delay((unsigned long)((5)*(20000000/4000.0)));
  6535   0016CC  0E21               	movlw	33
  6536   0016CE  6E35               	movwf	??_write_AT24C04^0,c
  6537   0016D0  0E76               	movlw	118
  6538   0016D2                     u2407:
  6539   0016D2  2EE8               	decfsz	wreg,f,c
  6540   0016D4  D7FE               	bra	u2407
  6541   0016D6  2E35               	decfsz	??_write_AT24C04^0,f,c
  6542   0016D8  D7FC               	bra	u2407
  6543   0016DA  D000               	nop2	
  6544   0016DC  0012               	return		;funcret
  6545   0016DE                     __end_of_write_AT24C04:
  6546                           	callstack 0
  6547                           
  6548 ;; *************** function _get_time *****************
  6549 ;; Defined at:
  6550 ;;		line 48 in file "black_box.c"
  6551 ;; Parameters:    Size  Location     Type
  6552 ;;		None
  6553 ;; Auto vars:     Size  Location     Type
  6554 ;;		None
  6555 ;; Return value:  Size  Location     Type
  6556 ;;                  1    wreg      void 
  6557 ;; Registers used:
  6558 ;;		wreg, fsr0l, fsr0h, status,2, status,0, tblptrl, tblptrh, tblptru, cstack
  6559 ;; Tracked objects:
  6560 ;;		On entry : 0/0
  6561 ;;		On exit  : 0/0
  6562 ;;		Unchanged: 0/0
  6563 ;; Data sizes:     COMRAM   BANK0   BANK1   BANK2   BANK3   BANK4   BANK5
  6564 ;;      Params:         0       0       0       0       0       0       0
  6565 ;;      Locals:         0       0       0       0       0       0       0
  6566 ;;      Temps:          0       0       0       0       0       0       0
  6567 ;;      Totals:         0       0       0       0       0       0       0
  6568 ;;Total ram usage:        0 bytes
  6569 ;; Hardware stack levels used: 1
  6570 ;; This function calls:
  6571 ;;		_clcd_print
  6572 ;;		_read_ds1307
  6573 ;; This function is called by:
  6574 ;;		_store_log
  6575 ;;		_view_dashboard
  6576 ;; This function uses a non-reentrant model
  6577 ;;
  6578                           
  6579                           	psect	text11
  6580   001B80                     __ptext11:
  6581                           	callstack 0
  6582   001B80                     _get_time:
  6583                           	callstack 27
  6584   001B80                     
  6585                           ;black_box.c: 50:  clock_reg[0] = read_ds1307(0x02);
  6586   001B80  0E02               	movlw	2
  6587   001B82  EC43  F00B         	call	_read_ds1307
  6588   001B86  6E04               	movwf	_clock_reg^0,c
  6589                           
  6590                           ;black_box.c: 51:  clock_reg[1] = read_ds1307(0x01);
  6591   001B88  0E01               	movlw	1
  6592   001B8A  EC43  F00B         	call	_read_ds1307
  6593   001B8E  6E05               	movwf	(_clock_reg+1)^0,c
  6594                           
  6595                           ;black_box.c: 52:  clock_reg[2] = read_ds1307(0x00);
  6596   001B90  0E00               	movlw	0
  6597   001B92  EC43  F00B         	call	_read_ds1307
  6598   001B96  6E06               	movwf	(_clock_reg+2)^0,c
  6599   001B98                     
  6600                           ;black_box.c: 54:  if (clock_reg[0] & 0x40)
  6601   001B98  AC04               	btfss	_clock_reg^0,6,c
  6602   001B9A  EFD1  F00D         	goto	u1311
  6603   001B9E  EFD3  F00D         	goto	u1310
  6604   001BA2                     u1311:
  6605   001BA2  EFDE  F00D         	goto	l2548
  6606   001BA6                     u1310:
  6607   001BA6                     
  6608                           ;black_box.c: 55:  {;black_box.c: 56:   time[0] = '0' + ((clock_reg[0] >> 4) & 0x01);
  6609   001BA6  3804               	swapf	_clock_reg^0,w,c
  6610   001BA8  0B0F               	andlw	15
  6611   001BAA  0B01               	andlw	1
  6612   001BAC  0F30               	addlw	48
  6613   001BAE  6E1E               	movwf	_time^0,c
  6614                           
  6615                           ;black_box.c: 57:   time[1] = '0' + (clock_reg[0] & 0x0F);
  6616   001BB0  5004               	movf	_clock_reg^0,w,c
  6617   001BB2  0B0F               	andlw	15
  6618   001BB4  0F30               	addlw	48
  6619   001BB6  6E1F               	movwf	(_time+1)^0,c
  6620                           
  6621                           ;black_box.c: 58:  }
  6622   001BB8  EFE7  F00D         	goto	l2550
  6623   001BBC                     l2548:
  6624                           
  6625                           ;black_box.c: 60:  {;black_box.c: 61:   time[0] = '0' + ((clock_reg[0] >> 4) & 0x03);
  6626   001BBC  3804               	swapf	_clock_reg^0,w,c
  6627   001BBE  0B0F               	andlw	15
  6628   001BC0  0B03               	andlw	3
  6629   001BC2  0F30               	addlw	48
  6630   001BC4  6E1E               	movwf	_time^0,c
  6631                           
  6632                           ;black_box.c: 62:   time[1] = '0' + (clock_reg[0] & 0x0F);
  6633   001BC6  5004               	movf	_clock_reg^0,w,c
  6634   001BC8  0B0F               	andlw	15
  6635   001BCA  0F30               	addlw	48
  6636   001BCC  6E1F               	movwf	(_time+1)^0,c
  6637   001BCE                     l2550:
  6638                           
  6639                           ;black_box.c: 64:  time[2] = ':';
  6640   001BCE  0E3A               	movlw	58
  6641   001BD0  6E20               	movwf	(_time+2)^0,c
  6642   001BD2                     
  6643                           ;black_box.c: 65:  time[3] = '0' + ((clock_reg[1] >> 4) & 0x0F);
  6644   001BD2  3805               	swapf	(_clock_reg+1)^0,w,c
  6645   001BD4  0B0F               	andlw	15
  6646   001BD6  0B0F               	andlw	15
  6647   001BD8  0F30               	addlw	48
  6648   001BDA  6E21               	movwf	(_time+3)^0,c
  6649   001BDC                     
  6650                           ;black_box.c: 66:  time[4] = '0' + (clock_reg[1] & 0x0F);
  6651   001BDC  5005               	movf	(_clock_reg+1)^0,w,c
  6652   001BDE  0B0F               	andlw	15
  6653   001BE0  0F30               	addlw	48
  6654   001BE2  6E22               	movwf	(_time+4)^0,c
  6655   001BE4                     
  6656                           ;black_box.c: 67:  time[5] = ':';
  6657   001BE4  0E3A               	movlw	58
  6658   001BE6  6E23               	movwf	(_time+5)^0,c
  6659                           
  6660                           ;black_box.c: 68:  time[6] = '0' + ((clock_reg[2] >> 4) & 0x0F);
  6661   001BE8  3806               	swapf	(_clock_reg+2)^0,w,c
  6662   001BEA  0B0F               	andlw	15
  6663   001BEC  0B0F               	andlw	15
  6664   001BEE  0F30               	addlw	48
  6665   001BF0  6E24               	movwf	(_time+6)^0,c
  6666                           
  6667                           ;black_box.c: 69:  time[7] = '0' + (clock_reg[2] & 0x0F);
  6668   001BF2  5006               	movf	(_clock_reg+2)^0,w,c
  6669   001BF4  0B0F               	andlw	15
  6670   001BF6  0F30               	addlw	48
  6671   001BF8  6E25               	movwf	(_time+7)^0,c
  6672   001BFA                     
  6673                           ;black_box.c: 70:  time[8] = '\0';
  6674   001BFA  6A26               	clrf	(_time+8)^0,c
  6675   001BFC                     
  6676                           ;black_box.c: 72:     clcd_print(time, (0xC0 + (0)));
  6677   001BFC  0E1E               	movlw	low _time
  6678   001BFE  6E35               	movwf	clcd_print@data^0,c
  6679   001C00  6A36               	clrf	(clcd_print@data+1)^0,c
  6680   001C02  0EC0               	movlw	192
  6681   001C04  6E37               	movwf	clcd_print@addr^0,c
  6682   001C06  EC19  F00D         	call	_clcd_print	;wreg free
  6683   001C0A  0012               	return		;funcret
  6684   001C0C                     __end_of_get_time:
  6685                           	callstack 0
  6686                           
  6687 ;; *************** function _set_time *****************
  6688 ;; Defined at:
  6689 ;;		line 404 in file "black_box.c"
  6690 ;; Parameters:    Size  Location     Type
  6691 ;;		None
  6692 ;; Auto vars:     Size  Location     Type
  6693 ;;  sec             1   29[COMRAM] unsigned char 
  6694 ;;  min             1   28[COMRAM] unsigned char 
  6695 ;;  hr              1   27[COMRAM] unsigned char 
  6696 ;;  display         9   18[COMRAM] unsigned char [9]
  6697 ;; Return value:  Size  Location     Type
  6698 ;;                  1    wreg      void 
  6699 ;; Registers used:
  6700 ;;		wreg, fsr0l, fsr0h, status,2, status,0, tblptrl, tblptrh, tblptru, prodl, prodh, cstack
  6701 ;; Tracked objects:
  6702 ;;		On entry : 0/0
  6703 ;;		On exit  : 0/0
  6704 ;;		Unchanged: 0/0
  6705 ;; Data sizes:     COMRAM   BANK0   BANK1   BANK2   BANK3   BANK4   BANK5
  6706 ;;      Params:         0       0       0       0       0       0       0
  6707 ;;      Locals:        18       0       0       0       0       0       0
  6708 ;;      Temps:          2       0       0       0       0       0       0
  6709 ;;      Totals:        20       0       0       0       0       0       0
  6710 ;;Total ram usage:       20 bytes
  6711 ;; Hardware stack levels used: 1
  6712 ;; Hardware stack levels required when called: 1
  6713 ;; This function calls:
  6714 ;;		___awdiv
  6715 ;;		___awmod
  6716 ;;		_clcd_print
  6717 ;;		_read_ds1307
  6718 ;;		_write_ds1307
  6719 ;; This function is called by:
  6720 ;;		_main
  6721 ;; This function uses a non-reentrant model
  6722 ;;
  6723                           
  6724                           	psect	text12
  6725   002B12                     __ptext12:
  6726                           	callstack 0
  6727   002B12                     _set_time:
  6728                           	callstack 29
  6729   002B12                     
  6730                           ;black_box.c: 410:     static unsigned char field = 0;;black_box.c: 411:     static unsi
      +                          gned char set_time[3];;black_box.c: 412:     static unsigned char init_flag = 0;;black_b
      +                          ox.c: 413:     static unsigned int blink_count = 0;;black_box.c: 414:     static unsigne
      +                          d char blink = 1;;black_box.c: 417:     static const unsigned char next_field[3] = {2, 0
      +                          , 1};;black_box.c: 420:     if(init_flag == 0)
  6731   002B12  5013               	movf	set_time@init_flag^0,w,c
  6732   002B14  A4D8               	btfss	status,2,c
  6733   002B16  EF8F  F015         	goto	u1981
  6734   002B1A  EF91  F015         	goto	u1980
  6735   002B1E                     u1981:
  6736   002B1E  EFBD  F015         	goto	l3234
  6737   002B22                     u1980:
  6738   002B22                     
  6739                           ;black_box.c: 421:     {;black_box.c: 422:         unsigned char hr = read_ds1307(0x02);
  6740   002B22  0E02               	movlw	2
  6741   002B24  EC43  F00B         	call	_read_ds1307
  6742   002B28  6E4E               	movwf	set_time@hr^0,c
  6743                           
  6744                           ;black_box.c: 423:         unsigned char min = read_ds1307(0x01);
  6745   002B2A  0E01               	movlw	1
  6746   002B2C  EC43  F00B         	call	_read_ds1307
  6747   002B30  6E4F               	movwf	set_time@min^0,c
  6748                           
  6749                           ;black_box.c: 424:         unsigned char sec = read_ds1307(0x00);
  6750   002B32  0E00               	movlw	0
  6751   002B34  EC43  F00B         	call	_read_ds1307
  6752   002B38  6E50               	movwf	set_time@sec^0,c
  6753   002B3A                     
  6754                           ;black_box.c: 427:         set_time[0] = ((hr >> 4) * 10) + (hr & 0x0F);
  6755   002B3A  C04E  F03D         	movff	set_time@hr,??_set_time
  6756   002B3E  0E0F               	movlw	15
  6757   002B40  163D               	andwf	??_set_time^0,f,c
  6758   002B42  384E               	swapf	set_time@hr^0,w,c
  6759   002B44  0B0F               	andlw	15
  6760   002B46  0D0A               	mullw	10
  6761   002B48  50F3               	movf	243,w,c
  6762   002B4A  243D               	addwf	??_set_time^0,w,c
  6763   002B4C  6E01               	movwf	set_time@set_time^0,c
  6764   002B4E                     
  6765                           ;black_box.c: 428:         set_time[1] = ((min >> 4) * 10) + (min & 0x0F);
  6766   002B4E  C04F  F03D         	movff	set_time@min,??_set_time
  6767   002B52  0E0F               	movlw	15
  6768   002B54  163D               	andwf	??_set_time^0,f,c
  6769   002B56  384F               	swapf	set_time@min^0,w,c
  6770   002B58  0B0F               	andlw	15
  6771   002B5A  0D0A               	mullw	10
  6772   002B5C  50F3               	movf	243,w,c
  6773   002B5E  243D               	addwf	??_set_time^0,w,c
  6774   002B60  6E02               	movwf	(set_time@set_time+1)^0,c
  6775   002B62                     
  6776                           ;black_box.c: 429:         set_time[2] = ((sec >> 4) * 10) + (sec & 0x0F);
  6777   002B62  C050  F03D         	movff	set_time@sec,??_set_time
  6778   002B66  0E0F               	movlw	15
  6779   002B68  163D               	andwf	??_set_time^0,f,c
  6780   002B6A  3850               	swapf	set_time@sec^0,w,c
  6781   002B6C  0B0F               	andlw	15
  6782   002B6E  0D0A               	mullw	10
  6783   002B70  50F3               	movf	243,w,c
  6784   002B72  243D               	addwf	??_set_time^0,w,c
  6785   002B74  6E03               	movwf	(set_time@set_time+2)^0,c
  6786   002B76                     
  6787                           ;black_box.c: 431:         init_flag = 1;
  6788   002B76  0E01               	movlw	1
  6789   002B78  6E13               	movwf	set_time@init_flag^0,c
  6790   002B7A                     l3234:
  6791                           
  6792                           ;black_box.c: 435:     blink_count++;
  6793   002B7A  4A07               	infsnz	set_time@blink_count^0,f,c
  6794   002B7C  2A08               	incf	(set_time@blink_count+1)^0,f,c
  6795   002B7E                     
  6796                           ;black_box.c: 436:     if(blink_count > 2000)
  6797   002B7E  0ED1               	movlw	209
  6798   002B80  5C07               	subwf	set_time@blink_count^0,w,c
  6799   002B82  0E07               	movlw	7
  6800   002B84  5808               	subwfb	(set_time@blink_count+1)^0,w,c
  6801   002B86  A0D8               	btfss	status,0,c
  6802   002B88  EFC8  F015         	goto	u1991
  6803   002B8C  EFCA  F015         	goto	u1990
  6804   002B90                     u1991:
  6805   002B90  EFD8  F015         	goto	l3240
  6806   002B94                     u1990:
  6807   002B94                     
  6808                           ;black_box.c: 437:     {;black_box.c: 438:         blink = !blink;
  6809   002B94  5054               	movf	set_time@blink^0,w,c
  6810   002B96  B4D8               	btfsc	status,2,c
  6811   002B98  EFD0  F015         	goto	u2001
  6812   002B9C  EFD3  F015         	goto	u2000
  6813   002BA0                     u2001:
  6814   002BA0  0E01               	movlw	1
  6815   002BA2  EFD4  F015         	goto	u2010
  6816   002BA6                     u2000:
  6817   002BA6  0E00               	movlw	0
  6818   002BA8                     u2010:
  6819   002BA8  6E54               	movwf	set_time@blink^0,c
  6820                           
  6821                           ;black_box.c: 439:         blink_count = 0;
  6822   002BAA  6A08               	clrf	(set_time@blink_count+1)^0,c
  6823   002BAC  0E00               	movlw	0
  6824   002BAE  6E07               	movwf	set_time@blink_count^0,c
  6825   002BB0                     l3240:
  6826                           
  6827                           ;black_box.c: 442:     clcd_print("SET TIME", (0x80 + (4)));
  6828   002BB0  0EE4               	movlw	low STR_38
  6829   002BB2  6E35               	movwf	clcd_print@data^0,c
  6830   002BB4  0E2F               	movlw	high STR_38
  6831   002BB6  6E36               	movwf	(clcd_print@data+1)^0,c
  6832   002BB8  0E84               	movlw	132
  6833   002BBA  6E37               	movwf	clcd_print@addr^0,c
  6834   002BBC  EC19  F00D         	call	_clcd_print	;wreg free
  6835   002BC0                     
  6836                           ;black_box.c: 444:     char display[9];;black_box.c: 447:     if(field == 0 && blink == 
      +                          0)
  6837   002BC0  5014               	movf	set_time@field^0,w,c
  6838   002BC2  A4D8               	btfss	status,2,c
  6839   002BC4  EFE6  F015         	goto	u2021
  6840   002BC8  EFE8  F015         	goto	u2020
  6841   002BCC                     u2021:
  6842   002BCC  EFF6  F015         	goto	l3248
  6843   002BD0                     u2020:
  6844   002BD0  5054               	movf	set_time@blink^0,w,c
  6845   002BD2  A4D8               	btfss	status,2,c
  6846   002BD4  EFEE  F015         	goto	u2031
  6847   002BD8  EFF0  F015         	goto	u2030
  6848   002BDC                     u2031:
  6849   002BDC  EFF6  F015         	goto	l3248
  6850   002BE0                     u2030:
  6851   002BE0                     
  6852                           ;black_box.c: 448:     {;black_box.c: 449:         display[0] = ' ';
  6853   002BE0  0E20               	movlw	32
  6854   002BE2  6E45               	movwf	set_time@display^0,c
  6855                           
  6856                           ;black_box.c: 450:         display[1] = ' ';
  6857   002BE4  0E20               	movlw	32
  6858   002BE6  6E46               	movwf	(set_time@display+1)^0,c
  6859                           
  6860                           ;black_box.c: 451:     }
  6861   002BE8  EF0C  F016         	goto	l3250
  6862   002BEC                     l3248:
  6863                           
  6864                           ;black_box.c: 453:     {;black_box.c: 454:         display[0] = (set_time[0] / 10) + '0'
      +                          ;
  6865   002BEC  C001  F033         	movff	set_time@set_time,___awdiv@dividend
  6866   002BF0  6A34               	clrf	(___awdiv@dividend+1)^0,c
  6867   002BF2  6A36               	clrf	(___awdiv@divisor+1)^0,c
  6868   002BF4  0E0A               	movlw	10
  6869   002BF6  6E35               	movwf	___awdiv@divisor^0,c
  6870   002BF8  ECA1  F00F         	call	___awdiv	;wreg free
  6871   002BFC  5033               	movf	?___awdiv^0,w,c
  6872   002BFE  0F30               	addlw	48
  6873   002C00  6E45               	movwf	set_time@display^0,c
  6874                           
  6875                           ;black_box.c: 455:         display[1] = (set_time[0] % 10) + '0';
  6876   002C02  C001  F033         	movff	set_time@set_time,___awmod@dividend
  6877   002C06  6A34               	clrf	(___awmod@dividend+1)^0,c
  6878   002C08  6A36               	clrf	(___awmod@divisor+1)^0,c
  6879   002C0A  0E0A               	movlw	10
  6880   002C0C  6E35               	movwf	___awmod@divisor^0,c
  6881   002C0E  EC4A  F00F         	call	___awmod	;wreg free
  6882   002C12  5033               	movf	?___awmod^0,w,c
  6883   002C14  0F30               	addlw	48
  6884   002C16  6E46               	movwf	(set_time@display+1)^0,c
  6885   002C18                     l3250:
  6886                           
  6887                           ;black_box.c: 458:     display[2] = ':';
  6888   002C18  0E3A               	movlw	58
  6889   002C1A  6E47               	movwf	(set_time@display+2)^0,c
  6890   002C1C                     
  6891                           ;black_box.c: 461:     if(field == 1 && blink == 0)
  6892   002C1C  0414               	decf	set_time@field^0,w,c
  6893   002C1E  A4D8               	btfss	status,2,c
  6894   002C20  EF14  F016         	goto	u2041
  6895   002C24  EF16  F016         	goto	u2040
  6896   002C28                     u2041:
  6897   002C28  EF24  F016         	goto	l3258
  6898   002C2C                     u2040:
  6899   002C2C  5054               	movf	set_time@blink^0,w,c
  6900   002C2E  A4D8               	btfss	status,2,c
  6901   002C30  EF1C  F016         	goto	u2051
  6902   002C34  EF1E  F016         	goto	u2050
  6903   002C38                     u2051:
  6904   002C38  EF24  F016         	goto	l3258
  6905   002C3C                     u2050:
  6906   002C3C                     
  6907                           ;black_box.c: 462:     {;black_box.c: 463:         display[3] = ' ';
  6908   002C3C  0E20               	movlw	32
  6909   002C3E  6E48               	movwf	(set_time@display+3)^0,c
  6910                           
  6911                           ;black_box.c: 464:         display[4] = ' ';
  6912   002C40  0E20               	movlw	32
  6913   002C42  6E49               	movwf	(set_time@display+4)^0,c
  6914                           
  6915                           ;black_box.c: 465:     }
  6916   002C44  EF3A  F016         	goto	l3260
  6917   002C48                     l3258:
  6918                           
  6919                           ;black_box.c: 467:     {;black_box.c: 468:         display[3] = (set_time[1] / 10) + '0'
      +                          ;
  6920   002C48  C002  F033         	movff	set_time@set_time+1,___awdiv@dividend
  6921   002C4C  6A34               	clrf	(___awdiv@dividend+1)^0,c
  6922   002C4E  6A36               	clrf	(___awdiv@divisor+1)^0,c
  6923   002C50  0E0A               	movlw	10
  6924   002C52  6E35               	movwf	___awdiv@divisor^0,c
  6925   002C54  ECA1  F00F         	call	___awdiv	;wreg free
  6926   002C58  5033               	movf	?___awdiv^0,w,c
  6927   002C5A  0F30               	addlw	48
  6928   002C5C  6E48               	movwf	(set_time@display+3)^0,c
  6929                           
  6930                           ;black_box.c: 469:         display[4] = (set_time[1] % 10) + '0';
  6931   002C5E  C002  F033         	movff	set_time@set_time+1,___awmod@dividend
  6932   002C62  6A34               	clrf	(___awmod@dividend+1)^0,c
  6933   002C64  6A36               	clrf	(___awmod@divisor+1)^0,c
  6934   002C66  0E0A               	movlw	10
  6935   002C68  6E35               	movwf	___awmod@divisor^0,c
  6936   002C6A  EC4A  F00F         	call	___awmod	;wreg free
  6937   002C6E  5033               	movf	?___awmod^0,w,c
  6938   002C70  0F30               	addlw	48
  6939   002C72  6E49               	movwf	(set_time@display+4)^0,c
  6940   002C74                     l3260:
  6941                           
  6942                           ;black_box.c: 472:     display[5] = ':';
  6943   002C74  0E3A               	movlw	58
  6944   002C76  6E4A               	movwf	(set_time@display+5)^0,c
  6945   002C78                     
  6946                           ;black_box.c: 475:     if(field == 2 && blink == 0)
  6947   002C78  0E02               	movlw	2
  6948   002C7A  1814               	xorwf	set_time@field^0,w,c
  6949   002C7C  A4D8               	btfss	status,2,c
  6950   002C7E  EF43  F016         	goto	u2061
  6951   002C82  EF45  F016         	goto	u2060
  6952   002C86                     u2061:
  6953   002C86  EF53  F016         	goto	l3268
  6954   002C8A                     u2060:
  6955   002C8A  5054               	movf	set_time@blink^0,w,c
  6956   002C8C  A4D8               	btfss	status,2,c
  6957   002C8E  EF4B  F016         	goto	u2071
  6958   002C92  EF4D  F016         	goto	u2070
  6959   002C96                     u2071:
  6960   002C96  EF53  F016         	goto	l3268
  6961   002C9A                     u2070:
  6962   002C9A                     
  6963                           ;black_box.c: 476:     {;black_box.c: 477:         display[6] = ' ';
  6964   002C9A  0E20               	movlw	32
  6965   002C9C  6E4B               	movwf	(set_time@display+6)^0,c
  6966                           
  6967                           ;black_box.c: 478:         display[7] = ' ';
  6968   002C9E  0E20               	movlw	32
  6969   002CA0  6E4C               	movwf	(set_time@display+7)^0,c
  6970                           
  6971                           ;black_box.c: 479:     }
  6972   002CA2  EF69  F016         	goto	l3270
  6973   002CA6                     l3268:
  6974                           
  6975                           ;black_box.c: 481:     {;black_box.c: 482:         display[6] = (set_time[2] / 10) + '0'
      +                          ;
  6976   002CA6  C003  F033         	movff	set_time@set_time+2,___awdiv@dividend
  6977   002CAA  6A34               	clrf	(___awdiv@dividend+1)^0,c
  6978   002CAC  6A36               	clrf	(___awdiv@divisor+1)^0,c
  6979   002CAE  0E0A               	movlw	10
  6980   002CB0  6E35               	movwf	___awdiv@divisor^0,c
  6981   002CB2  ECA1  F00F         	call	___awdiv	;wreg free
  6982   002CB6  5033               	movf	?___awdiv^0,w,c
  6983   002CB8  0F30               	addlw	48
  6984   002CBA  6E4B               	movwf	(set_time@display+6)^0,c
  6985                           
  6986                           ;black_box.c: 483:         display[7] = (set_time[2] % 10) + '0';
  6987   002CBC  C003  F033         	movff	set_time@set_time+2,___awmod@dividend
  6988   002CC0  6A34               	clrf	(___awmod@dividend+1)^0,c
  6989   002CC2  6A36               	clrf	(___awmod@divisor+1)^0,c
  6990   002CC4  0E0A               	movlw	10
  6991   002CC6  6E35               	movwf	___awmod@divisor^0,c
  6992   002CC8  EC4A  F00F         	call	___awmod	;wreg free
  6993   002CCC  5033               	movf	?___awmod^0,w,c
  6994   002CCE  0F30               	addlw	48
  6995   002CD0  6E4C               	movwf	(set_time@display+7)^0,c
  6996   002CD2                     l3270:
  6997                           
  6998                           ;black_box.c: 486:     display[8] = '\0';
  6999   002CD2  6A4D               	clrf	(set_time@display+8)^0,c
  7000   002CD4                     
  7001                           ;black_box.c: 488:     clcd_print(display, (0xC0 + (4)));
  7002   002CD4  0E45               	movlw	low set_time@display
  7003   002CD6  6E35               	movwf	clcd_print@data^0,c
  7004   002CD8  6A36               	clrf	(clcd_print@data+1)^0,c
  7005   002CDA  0EC4               	movlw	196
  7006   002CDC  6E37               	movwf	clcd_print@addr^0,c
  7007   002CDE  EC19  F00D         	call	_clcd_print	;wreg free
  7008   002CE2                     
  7009                           ;black_box.c: 491:     if(key == 1)
  7010   002CE2  041C               	decf	_key^0,w,c
  7011   002CE4  A4D8               	btfss	status,2,c
  7012   002CE6  EF77  F016         	goto	u2081
  7013   002CEA  EF79  F016         	goto	u2080
  7014   002CEE                     u2081:
  7015   002CEE  EFB4  F016         	goto	l3286
  7016   002CF2                     u2080:
  7017   002CF2                     
  7018                           ;black_box.c: 492:     {;black_box.c: 493:         if(field == 0)
  7019   002CF2  5014               	movf	set_time@field^0,w,c
  7020   002CF4  A4D8               	btfss	status,2,c
  7021   002CF6  EF7F  F016         	goto	u2091
  7022   002CFA  EF81  F016         	goto	u2090
  7023   002CFE                     u2091:
  7024   002CFE  EF90  F016         	goto	l3280
  7025   002D02                     u2090:
  7026   002D02                     
  7027                           ;black_box.c: 494:             set_time[0] = (set_time[0] + 1) % 24;
  7028   002D02  0E01               	movlw	1
  7029   002D04  2401               	addwf	set_time@set_time^0,w,c
  7030   002D06  6E33               	movwf	___awmod@dividend^0,c
  7031   002D08  6A34               	clrf	(___awmod@dividend+1)^0,c
  7032   002D0A  0E00               	movlw	0
  7033   002D0C  2234               	addwfc	(___awmod@dividend+1)^0,f,c
  7034   002D0E  6A36               	clrf	(___awmod@divisor+1)^0,c
  7035   002D10  0E18               	movlw	24
  7036   002D12  6E35               	movwf	___awmod@divisor^0,c
  7037   002D14  EC4A  F00F         	call	___awmod	;wreg free
  7038   002D18  5033               	movf	?___awmod^0,w,c
  7039   002D1A  6E01               	movwf	set_time@set_time^0,c
  7040   002D1C  EFB4  F016         	goto	l3286
  7041   002D20                     l3280:
  7042   002D20  0414               	decf	set_time@field^0,w,c
  7043   002D22  A4D8               	btfss	status,2,c
  7044   002D24  EF96  F016         	goto	u2101
  7045   002D28  EF98  F016         	goto	u2100
  7046   002D2C                     u2101:
  7047   002D2C  EFA7  F016         	goto	l3284
  7048   002D30                     u2100:
  7049   002D30                     
  7050                           ;black_box.c: 496:             set_time[1] = (set_time[1] + 1) % 60;
  7051   002D30  0E01               	movlw	1
  7052   002D32  2402               	addwf	(set_time@set_time+1)^0,w,c
  7053   002D34  6E33               	movwf	___awmod@dividend^0,c
  7054   002D36  6A34               	clrf	(___awmod@dividend+1)^0,c
  7055   002D38  0E00               	movlw	0
  7056   002D3A  2234               	addwfc	(___awmod@dividend+1)^0,f,c
  7057   002D3C  6A36               	clrf	(___awmod@divisor+1)^0,c
  7058   002D3E  0E3C               	movlw	60
  7059   002D40  6E35               	movwf	___awmod@divisor^0,c
  7060   002D42  EC4A  F00F         	call	___awmod	;wreg free
  7061   002D46  5033               	movf	?___awmod^0,w,c
  7062   002D48  6E02               	movwf	(set_time@set_time+1)^0,c
  7063   002D4A  EFB4  F016         	goto	l3286
  7064   002D4E                     l3284:
  7065                           
  7066                           ;black_box.c: 498:             set_time[2] = (set_time[2] + 1) % 60;
  7067   002D4E  0E01               	movlw	1
  7068   002D50  2403               	addwf	(set_time@set_time+2)^0,w,c
  7069   002D52  6E33               	movwf	___awmod@dividend^0,c
  7070   002D54  6A34               	clrf	(___awmod@dividend+1)^0,c
  7071   002D56  0E00               	movlw	0
  7072   002D58  2234               	addwfc	(___awmod@dividend+1)^0,f,c
  7073   002D5A  6A36               	clrf	(___awmod@divisor+1)^0,c
  7074   002D5C  0E3C               	movlw	60
  7075   002D5E  6E35               	movwf	___awmod@divisor^0,c
  7076   002D60  EC4A  F00F         	call	___awmod	;wreg free
  7077   002D64  5033               	movf	?___awmod^0,w,c
  7078   002D66  6E03               	movwf	(set_time@set_time+2)^0,c
  7079   002D68                     l3286:
  7080                           
  7081                           ;black_box.c: 502:     if(key == 2)
  7082   002D68  0E02               	movlw	2
  7083   002D6A  181C               	xorwf	_key^0,w,c
  7084   002D6C  A4D8               	btfss	status,2,c
  7085   002D6E  EFBB  F016         	goto	u2111
  7086   002D72  EFBD  F016         	goto	u2110
  7087   002D76                     u2111:
  7088   002D76  EF10  F017         	goto	l3316
  7089   002D7A                     u2110:
  7090   002D7A                     
  7091                           ;black_box.c: 503:     {;black_box.c: 504:         if(field == 0)
  7092   002D7A  5014               	movf	set_time@field^0,w,c
  7093   002D7C  A4D8               	btfss	status,2,c
  7094   002D7E  EFC3  F016         	goto	u2121
  7095   002D82  EFC5  F016         	goto	u2120
  7096   002D86                     u2121:
  7097   002D86  EFDC  F016         	goto	l3298
  7098   002D8A                     u2120:
  7099   002D8A                     
  7100                           ;black_box.c: 505:             set_time[0] = (set_time[0] == 0) ? 23 : set_time[0] - 1;
  7101   002D8A  5001               	movf	set_time@set_time^0,w,c
  7102   002D8C  B4D8               	btfsc	status,2,c
  7103   002D8E  EFCB  F016         	goto	u2131
  7104   002D92  EFCD  F016         	goto	u2130
  7105   002D96                     u2131:
  7106   002D96  EFD5  F016         	goto	l3294
  7107   002D9A                     u2130:
  7108   002D9A  0EFF               	movlw	255
  7109   002D9C  2401               	addwf	set_time@set_time^0,w,c
  7110   002D9E  6E3F               	movwf	_set_time$284^0,c
  7111   002DA0  6A40               	clrf	(_set_time$284+1)^0,c
  7112   002DA2  0EFF               	movlw	255
  7113   002DA4  2240               	addwfc	(_set_time$284+1)^0,f,c
  7114   002DA6  EFD8  F016         	goto	l3296
  7115   002DAA                     l3294:
  7116   002DAA  6A40               	clrf	(_set_time$284+1)^0,c
  7117   002DAC  0E17               	movlw	23
  7118   002DAE  6E3F               	movwf	_set_time$284^0,c
  7119   002DB0                     l3296:
  7120   002DB0  C03F  F001         	movff	_set_time$284,set_time@set_time
  7121   002DB4  EF10  F017         	goto	l3316
  7122   002DB8                     l3298:
  7123   002DB8  0414               	decf	set_time@field^0,w,c
  7124   002DBA  A4D8               	btfss	status,2,c
  7125   002DBC  EFE2  F016         	goto	u2141
  7126   002DC0  EFE4  F016         	goto	u2140
  7127   002DC4                     u2141:
  7128   002DC4  EFFB  F016         	goto	l3308
  7129   002DC8                     u2140:
  7130   002DC8                     
  7131                           ;black_box.c: 507:             set_time[1] = (set_time[1] == 0) ? 59 : set_time[1] - 1;
  7132   002DC8  5002               	movf	(set_time@set_time+1)^0,w,c
  7133   002DCA  B4D8               	btfsc	status,2,c
  7134   002DCC  EFEA  F016         	goto	u2151
  7135   002DD0  EFEC  F016         	goto	u2150
  7136   002DD4                     u2151:
  7137   002DD4  EFF4  F016         	goto	l3304
  7138   002DD8                     u2150:
  7139   002DD8  0EFF               	movlw	255
  7140   002DDA  2402               	addwf	(set_time@set_time+1)^0,w,c
  7141   002DDC  6E41               	movwf	_set_time$285^0,c
  7142   002DDE  6A42               	clrf	(_set_time$285+1)^0,c
  7143   002DE0  0EFF               	movlw	255
  7144   002DE2  2242               	addwfc	(_set_time$285+1)^0,f,c
  7145   002DE4  EFF7  F016         	goto	l3306
  7146   002DE8                     l3304:
  7147   002DE8  6A42               	clrf	(_set_time$285+1)^0,c
  7148   002DEA  0E3B               	movlw	59
  7149   002DEC  6E41               	movwf	_set_time$285^0,c
  7150   002DEE                     l3306:
  7151   002DEE  C041  F002         	movff	_set_time$285,set_time@set_time+1
  7152   002DF2  EF10  F017         	goto	l3316
  7153   002DF6                     l3308:
  7154                           
  7155                           ;black_box.c: 509:             set_time[2] = (set_time[2] == 0) ? 59 : set_time[2] - 1;
  7156   002DF6  5003               	movf	(set_time@set_time+2)^0,w,c
  7157   002DF8  B4D8               	btfsc	status,2,c
  7158   002DFA  EF01  F017         	goto	u2161
  7159   002DFE  EF03  F017         	goto	u2160
  7160   002E02                     u2161:
  7161   002E02  EF0B  F017         	goto	l3312
  7162   002E06                     u2160:
  7163   002E06  0EFF               	movlw	255
  7164   002E08  2403               	addwf	(set_time@set_time+2)^0,w,c
  7165   002E0A  6E43               	movwf	_set_time$286^0,c
  7166   002E0C  6A44               	clrf	(_set_time$286+1)^0,c
  7167   002E0E  0EFF               	movlw	255
  7168   002E10  2244               	addwfc	(_set_time$286+1)^0,f,c
  7169   002E12  EF0E  F017         	goto	l3314
  7170   002E16                     l3312:
  7171   002E16  6A44               	clrf	(_set_time$286+1)^0,c
  7172   002E18  0E3B               	movlw	59
  7173   002E1A  6E43               	movwf	_set_time$286^0,c
  7174   002E1C                     l3314:
  7175   002E1C  C043  F003         	movff	_set_time$286,set_time@set_time+2
  7176   002E20                     l3316:
  7177                           
  7178                           ;black_box.c: 513:     if(key == 3)
  7179   002E20  0E03               	movlw	3
  7180   002E22  181C               	xorwf	_key^0,w,c
  7181   002E24  A4D8               	btfss	status,2,c
  7182   002E26  EF17  F017         	goto	u2171
  7183   002E2A  EF19  F017         	goto	u2170
  7184   002E2E                     u2171:
  7185   002E2E  EF22  F017         	goto	l3320
  7186   002E32                     u2170:
  7187   002E32                     
  7188                           ;black_box.c: 514:     {;black_box.c: 515:         field = next_field[field];
  7189   002E32  0E03               	movlw	low set_time@next_field
  7190   002E34  2414               	addwf	set_time@field^0,w,c
  7191   002E36  6EF6               	movwf	tblptrl,c
  7192   002E38  6AF7               	clrf	tblptrh,c
  7193   002E3A  0E2F               	movlw	high set_time@next_field
  7194   002E3C  22F7               	addwfc	tblptrh,f,c
  7195   002E3E                     	if	0	;There are less than 3 active tblptr bytes
  7196   002E3E                     	endif
  7197   002E3E  0008               	tblrd		*
  7198   002E40  CFF5 F014          	movff	tablat,set_time@field
  7199   002E44                     l3320:
  7200                           
  7201                           ;black_box.c: 519:     if(key == 11)
  7202   002E44  0E0B               	movlw	11
  7203   002E46  181C               	xorwf	_key^0,w,c
  7204   002E48  A4D8               	btfss	status,2,c
  7205   002E4A  EF29  F017         	goto	u2181
  7206   002E4E  EF2B  F017         	goto	u2180
  7207   002E52                     u2181:
  7208   002E52  EF7F  F017         	goto	l3330
  7209   002E56                     u2180:
  7210   002E56                     
  7211                           ;black_box.c: 520:     {;black_box.c: 521:         write_ds1307(0x02, ((set_time[0] / 10
      +                          ) << 4) | (set_time[0] % 10));
  7212   002E56  C001  F033         	movff	set_time@set_time,___awmod@dividend
  7213   002E5A  6A34               	clrf	(___awmod@dividend+1)^0,c
  7214   002E5C  6A36               	clrf	(___awmod@divisor+1)^0,c
  7215   002E5E  0E0A               	movlw	10
  7216   002E60  6E35               	movwf	___awmod@divisor^0,c
  7217   002E62  EC4A  F00F         	call	___awmod	;wreg free
  7218   002E66  C033  F03D         	movff	?___awmod,??_set_time
  7219   002E6A  C034  F03E         	movff	?___awmod+1,??_set_time+1
  7220   002E6E  C001  F033         	movff	set_time@set_time,___awdiv@dividend
  7221   002E72  6A34               	clrf	(___awdiv@dividend+1)^0,c
  7222   002E74  6A36               	clrf	(___awdiv@divisor+1)^0,c
  7223   002E76  0E0A               	movlw	10
  7224   002E78  6E35               	movwf	___awdiv@divisor^0,c
  7225   002E7A  ECA1  F00F         	call	___awdiv	;wreg free
  7226   002E7E  3833               	swapf	?___awdiv^0,w,c
  7227   002E80  0BF0               	andlw	240
  7228   002E82  103D               	iorwf	??_set_time^0,w,c
  7229   002E84  6E3B               	movwf	write_ds1307@data^0,c
  7230   002E86  0E02               	movlw	2
  7231   002E88  ECCC  F00A         	call	_write_ds1307
  7232                           
  7233                           ;black_box.c: 522:         write_ds1307(0x01, ((set_time[1] / 10) << 4) | (set_time[1] %
      +                           10));
  7234   002E8C  C002  F033         	movff	set_time@set_time+1,___awmod@dividend
  7235   002E90  6A34               	clrf	(___awmod@dividend+1)^0,c
  7236   002E92  6A36               	clrf	(___awmod@divisor+1)^0,c
  7237   002E94  0E0A               	movlw	10
  7238   002E96  6E35               	movwf	___awmod@divisor^0,c
  7239   002E98  EC4A  F00F         	call	___awmod	;wreg free
  7240   002E9C  C033  F03D         	movff	?___awmod,??_set_time
  7241   002EA0  C034  F03E         	movff	?___awmod+1,??_set_time+1
  7242   002EA4  C002  F033         	movff	set_time@set_time+1,___awdiv@dividend
  7243   002EA8  6A34               	clrf	(___awdiv@dividend+1)^0,c
  7244   002EAA  6A36               	clrf	(___awdiv@divisor+1)^0,c
  7245   002EAC  0E0A               	movlw	10
  7246   002EAE  6E35               	movwf	___awdiv@divisor^0,c
  7247   002EB0  ECA1  F00F         	call	___awdiv	;wreg free
  7248   002EB4  3833               	swapf	?___awdiv^0,w,c
  7249   002EB6  0BF0               	andlw	240
  7250   002EB8  103D               	iorwf	??_set_time^0,w,c
  7251   002EBA  6E3B               	movwf	write_ds1307@data^0,c
  7252   002EBC  0E01               	movlw	1
  7253   002EBE  ECCC  F00A         	call	_write_ds1307
  7254                           
  7255                           ;black_box.c: 523:         write_ds1307(0x00, ((set_time[2] / 10) << 4) | (set_time[2] %
      +                           10));
  7256   002EC2  C003  F033         	movff	set_time@set_time+2,___awmod@dividend
  7257   002EC6  6A34               	clrf	(___awmod@dividend+1)^0,c
  7258   002EC8  6A36               	clrf	(___awmod@divisor+1)^0,c
  7259   002ECA  0E0A               	movlw	10
  7260   002ECC  6E35               	movwf	___awmod@divisor^0,c
  7261   002ECE  EC4A  F00F         	call	___awmod	;wreg free
  7262   002ED2  C033  F03D         	movff	?___awmod,??_set_time
  7263   002ED6  C034  F03E         	movff	?___awmod+1,??_set_time+1
  7264   002EDA  C003  F033         	movff	set_time@set_time+2,___awdiv@dividend
  7265   002EDE  6A34               	clrf	(___awdiv@dividend+1)^0,c
  7266   002EE0  6A36               	clrf	(___awdiv@divisor+1)^0,c
  7267   002EE2  0E0A               	movlw	10
  7268   002EE4  6E35               	movwf	___awdiv@divisor^0,c
  7269   002EE6  ECA1  F00F         	call	___awdiv	;wreg free
  7270   002EEA  3833               	swapf	?___awdiv^0,w,c
  7271   002EEC  0BF0               	andlw	240
  7272   002EEE  103D               	iorwf	??_set_time^0,w,c
  7273   002EF0  6E3B               	movwf	write_ds1307@data^0,c
  7274   002EF2  0E00               	movlw	0
  7275   002EF4  ECCC  F00A         	call	_write_ds1307
  7276   002EF8                     
  7277                           ;black_box.c: 525:         init_flag = 0;
  7278   002EF8  6A13               	clrf	set_time@init_flag^0,c
  7279   002EFA                     
  7280                           ;black_box.c: 526:         field = 0;
  7281   002EFA  6A14               	clrf	set_time@field^0,c
  7282   002EFC                     
  7283                           ;black_box.c: 527:         state = e_dashboard;
  7284   002EFC  6A1D               	clrf	_state^0,c
  7285   002EFE                     l3330:
  7286                           
  7287                           ;black_box.c: 530:     key = 0;
  7288   002EFE  6A1C               	clrf	_key^0,c
  7289   002F00  0012               	return		;funcret
  7290   002F02                     __end_of_set_time:
  7291                           	callstack 0
  7292                           
  7293 ;; *************** function ___awmod *****************
  7294 ;; Defined at:
  7295 ;;		line 7 in file "C:\Program Files\Microchip\xc8\v3.10\pic\sources\c99\common\awmod.c"
  7296 ;; Parameters:    Size  Location     Type
  7297 ;;  dividend        2    0[COMRAM] int 
  7298 ;;  divisor         2    2[COMRAM] int 
  7299 ;; Auto vars:     Size  Location     Type
  7300 ;;  sign            1    5[COMRAM] unsigned char 
  7301 ;;  counter         1    4[COMRAM] unsigned char 
  7302 ;; Return value:  Size  Location     Type
  7303 ;;                  2    0[COMRAM] int 
  7304 ;; Registers used:
  7305 ;;		wreg, status,2, status,0
  7306 ;; Tracked objects:
  7307 ;;		On entry : 0/0
  7308 ;;		On exit  : 0/0
  7309 ;;		Unchanged: 0/0
  7310 ;; Data sizes:     COMRAM   BANK0   BANK1   BANK2   BANK3   BANK4   BANK5
  7311 ;;      Params:         4       0       0       0       0       0       0
  7312 ;;      Locals:         2       0       0       0       0       0       0
  7313 ;;      Temps:          0       0       0       0       0       0       0
  7314 ;;      Totals:         6       0       0       0       0       0       0
  7315 ;;Total ram usage:        6 bytes
  7316 ;; Hardware stack levels used: 1
  7317 ;; This function calls:
  7318 ;;		Nothing
  7319 ;; This function is called by:
  7320 ;;		_set_time
  7321 ;; This function uses a non-reentrant model
  7322 ;;
  7323                           
  7324                           	psect	text13
  7325   001E94                     __ptext13:
  7326                           	callstack 0
  7327   001E94                     ___awmod:
  7328                           	callstack 29
  7329   001E94  6A38               	clrf	___awmod@sign^0,c
  7330   001E96  BE34               	btfsc	(___awmod@dividend+1)^0,7,c
  7331   001E98  EF52  F00F         	goto	u1600
  7332   001E9C  EF50  F00F         	goto	u1601
  7333   001EA0                     u1601:
  7334   001EA0  EF58  F00F         	goto	l2894
  7335   001EA4                     u1600:
  7336   001EA4  6C33               	negf	___awmod@dividend^0,c
  7337   001EA6  1E34               	comf	(___awmod@dividend+1)^0,f,c
  7338   001EA8  B0D8               	btfsc	status,0,c
  7339   001EAA  2A34               	incf	(___awmod@dividend+1)^0,f,c
  7340   001EAC  0E01               	movlw	1
  7341   001EAE  6E38               	movwf	___awmod@sign^0,c
  7342   001EB0                     l2894:
  7343   001EB0  BE36               	btfsc	(___awmod@divisor+1)^0,7,c
  7344   001EB2  EF5F  F00F         	goto	u1610
  7345   001EB6  EF5D  F00F         	goto	u1611
  7346   001EBA                     u1611:
  7347   001EBA  EF63  F00F         	goto	l2898
  7348   001EBE                     u1610:
  7349   001EBE  6C35               	negf	___awmod@divisor^0,c
  7350   001EC0  1E36               	comf	(___awmod@divisor+1)^0,f,c
  7351   001EC2  B0D8               	btfsc	status,0,c
  7352   001EC4  2A36               	incf	(___awmod@divisor+1)^0,f,c
  7353   001EC6                     l2898:
  7354   001EC6  5035               	movf	___awmod@divisor^0,w,c
  7355   001EC8  1036               	iorwf	(___awmod@divisor+1)^0,w,c
  7356   001ECA  B4D8               	btfsc	status,2,c
  7357   001ECC  EF6A  F00F         	goto	u1621
  7358   001ED0  EF6C  F00F         	goto	u1620
  7359   001ED4                     u1621:
  7360   001ED4  EF90  F00F         	goto	l2914
  7361   001ED8                     u1620:
  7362   001ED8  0E01               	movlw	1
  7363   001EDA  6E37               	movwf	___awmod@counter^0,c
  7364   001EDC  EF74  F00F         	goto	l2904
  7365   001EE0                     l2902:
  7366   001EE0  90D8               	bcf	status,0,c
  7367   001EE2  3635               	rlcf	___awmod@divisor^0,f,c
  7368   001EE4  3636               	rlcf	(___awmod@divisor+1)^0,f,c
  7369   001EE6  2A37               	incf	___awmod@counter^0,f,c
  7370   001EE8                     l2904:
  7371   001EE8  AE36               	btfss	(___awmod@divisor+1)^0,7,c
  7372   001EEA  EF79  F00F         	goto	u1631
  7373   001EEE  EF7B  F00F         	goto	u1630
  7374   001EF2                     u1631:
  7375   001EF2  EF70  F00F         	goto	l2902
  7376   001EF6                     u1630:
  7377   001EF6                     l2906:
  7378   001EF6  5035               	movf	___awmod@divisor^0,w,c
  7379   001EF8  5C33               	subwf	___awmod@dividend^0,w,c
  7380   001EFA  5036               	movf	(___awmod@divisor+1)^0,w,c
  7381   001EFC  5834               	subwfb	(___awmod@dividend+1)^0,w,c
  7382   001EFE  A0D8               	btfss	status,0,c
  7383   001F00  EF84  F00F         	goto	u1641
  7384   001F04  EF86  F00F         	goto	u1640
  7385   001F08                     u1641:
  7386   001F08  EF8A  F00F         	goto	l2910
  7387   001F0C                     u1640:
  7388   001F0C  5035               	movf	___awmod@divisor^0,w,c
  7389   001F0E  5E33               	subwf	___awmod@dividend^0,f,c
  7390   001F10  5036               	movf	(___awmod@divisor+1)^0,w,c
  7391   001F12  5A34               	subwfb	(___awmod@dividend+1)^0,f,c
  7392   001F14                     l2910:
  7393   001F14  90D8               	bcf	status,0,c
  7394   001F16  3236               	rrcf	(___awmod@divisor+1)^0,f,c
  7395   001F18  3235               	rrcf	___awmod@divisor^0,f,c
  7396   001F1A  2E37               	decfsz	___awmod@counter^0,f,c
  7397   001F1C  EF7B  F00F         	goto	l2906
  7398   001F20                     l2914:
  7399   001F20  5038               	movf	___awmod@sign^0,w,c
  7400   001F22  B4D8               	btfsc	status,2,c
  7401   001F24  EF96  F00F         	goto	u1651
  7402   001F28  EF98  F00F         	goto	u1650
  7403   001F2C                     u1651:
  7404   001F2C  EF9C  F00F         	goto	l2918
  7405   001F30                     u1650:
  7406   001F30  6C33               	negf	___awmod@dividend^0,c
  7407   001F32  1E34               	comf	(___awmod@dividend+1)^0,f,c
  7408   001F34  B0D8               	btfsc	status,0,c
  7409   001F36  2A34               	incf	(___awmod@dividend+1)^0,f,c
  7410   001F38                     l2918:
  7411   001F38  C033  F033         	movff	___awmod@dividend,?___awmod
  7412   001F3C  C034  F034         	movff	___awmod@dividend+1,?___awmod+1
  7413   001F40  0012               	return		;funcret
  7414   001F42                     __end_of___awmod:
  7415                           	callstack 0
  7416                           
  7417 ;; *************** function ___awdiv *****************
  7418 ;; Defined at:
  7419 ;;		line 7 in file "C:\Program Files\Microchip\xc8\v3.10\pic\sources\c99\common\awdiv.c"
  7420 ;; Parameters:    Size  Location     Type
  7421 ;;  dividend        2    0[COMRAM] int 
  7422 ;;  divisor         2    2[COMRAM] int 
  7423 ;; Auto vars:     Size  Location     Type
  7424 ;;  quotient        2    6[COMRAM] int 
  7425 ;;  sign            1    5[COMRAM] unsigned char 
  7426 ;;  counter         1    4[COMRAM] unsigned char 
  7427 ;; Return value:  Size  Location     Type
  7428 ;;                  2    0[COMRAM] int 
  7429 ;; Registers used:
  7430 ;;		wreg, status,2, status,0
  7431 ;; Tracked objects:
  7432 ;;		On entry : 0/0
  7433 ;;		On exit  : 0/0
  7434 ;;		Unchanged: 0/0
  7435 ;; Data sizes:     COMRAM   BANK0   BANK1   BANK2   BANK3   BANK4   BANK5
  7436 ;;      Params:         4       0       0       0       0       0       0
  7437 ;;      Locals:         4       0       0       0       0       0       0
  7438 ;;      Temps:          0       0       0       0       0       0       0
  7439 ;;      Totals:         8       0       0       0       0       0       0
  7440 ;;Total ram usage:        8 bytes
  7441 ;; Hardware stack levels used: 1
  7442 ;; This function calls:
  7443 ;;		Nothing
  7444 ;; This function is called by:
  7445 ;;		_set_time
  7446 ;; This function uses a non-reentrant model
  7447 ;;
  7448                           
  7449                           	psect	text14
  7450   001F42                     __ptext14:
  7451                           	callstack 0
  7452   001F42                     ___awdiv:
  7453                           	callstack 29
  7454   001F42  6A38               	clrf	___awdiv@sign^0,c
  7455   001F44  BE36               	btfsc	(___awdiv@divisor+1)^0,7,c
  7456   001F46  EFA9  F00F         	goto	u1540
  7457   001F4A  EFA7  F00F         	goto	u1541
  7458   001F4E                     u1541:
  7459   001F4E  EFAF  F00F         	goto	l2850
  7460   001F52                     u1540:
  7461   001F52  6C35               	negf	___awdiv@divisor^0,c
  7462   001F54  1E36               	comf	(___awdiv@divisor+1)^0,f,c
  7463   001F56  B0D8               	btfsc	status,0,c
  7464   001F58  2A36               	incf	(___awdiv@divisor+1)^0,f,c
  7465   001F5A  0E01               	movlw	1
  7466   001F5C  6E38               	movwf	___awdiv@sign^0,c
  7467   001F5E                     l2850:
  7468   001F5E  BE34               	btfsc	(___awdiv@dividend+1)^0,7,c
  7469   001F60  EFB6  F00F         	goto	u1550
  7470   001F64  EFB4  F00F         	goto	u1551
  7471   001F68                     u1551:
  7472   001F68  EFBC  F00F         	goto	l2856
  7473   001F6C                     u1550:
  7474   001F6C  6C33               	negf	___awdiv@dividend^0,c
  7475   001F6E  1E34               	comf	(___awdiv@dividend+1)^0,f,c
  7476   001F70  B0D8               	btfsc	status,0,c
  7477   001F72  2A34               	incf	(___awdiv@dividend+1)^0,f,c
  7478   001F74  0E01               	movlw	1
  7479   001F76  1A38               	xorwf	___awdiv@sign^0,f,c
  7480   001F78                     l2856:
  7481   001F78  6A3A               	clrf	(___awdiv@quotient+1)^0,c
  7482   001F7A  0E00               	movlw	0
  7483   001F7C  6E39               	movwf	___awdiv@quotient^0,c
  7484   001F7E  5035               	movf	___awdiv@divisor^0,w,c
  7485   001F80  1036               	iorwf	(___awdiv@divisor+1)^0,w,c
  7486   001F82  B4D8               	btfsc	status,2,c
  7487   001F84  EFC6  F00F         	goto	u1561
  7488   001F88  EFC8  F00F         	goto	u1560
  7489   001F8C                     u1561:
  7490   001F8C  EFF0  F00F         	goto	l2878
  7491   001F90                     u1560:
  7492   001F90  0E01               	movlw	1
  7493   001F92  6E37               	movwf	___awdiv@counter^0,c
  7494   001F94  EFD0  F00F         	goto	l2864
  7495   001F98                     l2862:
  7496   001F98  90D8               	bcf	status,0,c
  7497   001F9A  3635               	rlcf	___awdiv@divisor^0,f,c
  7498   001F9C  3636               	rlcf	(___awdiv@divisor+1)^0,f,c
  7499   001F9E  2A37               	incf	___awdiv@counter^0,f,c
  7500   001FA0                     l2864:
  7501   001FA0  AE36               	btfss	(___awdiv@divisor+1)^0,7,c
  7502   001FA2  EFD5  F00F         	goto	u1571
  7503   001FA6  EFD7  F00F         	goto	u1570
  7504   001FAA                     u1571:
  7505   001FAA  EFCC  F00F         	goto	l2862
  7506   001FAE                     u1570:
  7507   001FAE                     l2866:
  7508   001FAE  90D8               	bcf	status,0,c
  7509   001FB0  3639               	rlcf	___awdiv@quotient^0,f,c
  7510   001FB2  363A               	rlcf	(___awdiv@quotient+1)^0,f,c
  7511   001FB4  5035               	movf	___awdiv@divisor^0,w,c
  7512   001FB6  5C33               	subwf	___awdiv@dividend^0,w,c
  7513   001FB8  5036               	movf	(___awdiv@divisor+1)^0,w,c
  7514   001FBA  5834               	subwfb	(___awdiv@dividend+1)^0,w,c
  7515   001FBC  A0D8               	btfss	status,0,c
  7516   001FBE  EFE3  F00F         	goto	u1581
  7517   001FC2  EFE5  F00F         	goto	u1580
  7518   001FC6                     u1581:
  7519   001FC6  EFEA  F00F         	goto	l2874
  7520   001FCA                     u1580:
  7521   001FCA  5035               	movf	___awdiv@divisor^0,w,c
  7522   001FCC  5E33               	subwf	___awdiv@dividend^0,f,c
  7523   001FCE  5036               	movf	(___awdiv@divisor+1)^0,w,c
  7524   001FD0  5A34               	subwfb	(___awdiv@dividend+1)^0,f,c
  7525   001FD2  8039               	bsf	___awdiv@quotient^0,0,c
  7526   001FD4                     l2874:
  7527   001FD4  90D8               	bcf	status,0,c
  7528   001FD6  3236               	rrcf	(___awdiv@divisor+1)^0,f,c
  7529   001FD8  3235               	rrcf	___awdiv@divisor^0,f,c
  7530   001FDA  2E37               	decfsz	___awdiv@counter^0,f,c
  7531   001FDC  EFD7  F00F         	goto	l2866
  7532   001FE0                     l2878:
  7533   001FE0  5038               	movf	___awdiv@sign^0,w,c
  7534   001FE2  B4D8               	btfsc	status,2,c
  7535   001FE4  EFF6  F00F         	goto	u1591
  7536   001FE8  EFF8  F00F         	goto	u1590
  7537   001FEC                     u1591:
  7538   001FEC  EFFC  F00F         	goto	l2882
  7539   001FF0                     u1590:
  7540   001FF0  6C39               	negf	___awdiv@quotient^0,c
  7541   001FF2  1E3A               	comf	(___awdiv@quotient+1)^0,f,c
  7542   001FF4  B0D8               	btfsc	status,0,c
  7543   001FF6  2A3A               	incf	(___awdiv@quotient+1)^0,f,c
  7544   001FF8                     l2882:
  7545   001FF8  C039  F033         	movff	___awdiv@quotient,?___awdiv
  7546   001FFC  C03A  F034         	movff	___awdiv@quotient+1,?___awdiv+1
  7547   002000  0012               	return		;funcret
  7548   002002                     __end_of___awdiv:
  7549                           	callstack 0
  7550                           
  7551 ;; *************** function _read_password *****************
  7552 ;; Defined at:
  7553 ;;		line 158 in file "main.c"
  7554 ;; Parameters:    Size  Location     Type
  7555 ;;		None
  7556 ;; Auto vars:     Size  Location     Type
  7557 ;;  key             1    4[COMRAM] unsigned char 
  7558 ;; Return value:  Size  Location     Type
  7559 ;;                  1    wreg      void 
  7560 ;; Registers used:
  7561 ;;		wreg, fsr2l, fsr2h, status,2, status,0, cstack
  7562 ;; Tracked objects:
  7563 ;;		On entry : 0/0
  7564 ;;		On exit  : 0/0
  7565 ;;		Unchanged: 0/0
  7566 ;; Data sizes:     COMRAM   BANK0   BANK1   BANK2   BANK3   BANK4   BANK5
  7567 ;;      Params:         0       0       0       0       0       0       0
  7568 ;;      Locals:         1       0       0       0       0       0       0
  7569 ;;      Temps:          0       0       0       0       0       0       0
  7570 ;;      Totals:         1       0       0       0       0       0       0
  7571 ;;Total ram usage:        1 bytes
  7572 ;; Hardware stack levels used: 1
  7573 ;; Hardware stack levels required when called: 1
  7574 ;; This function calls:
  7575 ;;		_clcd_putch
  7576 ;;		_read_matrix_keypad
  7577 ;; This function is called by:
  7578 ;;		_main
  7579 ;; This function uses a non-reentrant model
  7580 ;;
  7581                           
  7582                           	psect	text15
  7583   0020C2                     __ptext15:
  7584                           	callstack 0
  7585   0020C2                     _read_password:
  7586                           	callstack 29
  7587   0020C2                     
  7588                           ;main.c: 160:     unsigned char key = read_matrix_keypad(1);
  7589   0020C2  0E01               	movlw	1
  7590   0020C4  EC4F  F00D         	call	_read_matrix_keypad
  7591   0020C8  6E37               	movwf	read_password@key^0,c
  7592   0020CA                     
  7593                           ;main.c: 162:     if (key != 1 && key != 2)
  7594   0020CA  0437               	decf	read_password@key^0,w,c
  7595   0020CC  B4D8               	btfsc	status,2,c
  7596   0020CE  EF6B  F010         	goto	u1731
  7597   0020D2  EF6D  F010         	goto	u1730
  7598   0020D6                     u1731:
  7599   0020D6  EF78  F010         	goto	l2980
  7600   0020DA                     u1730:
  7601   0020DA  0E02               	movlw	2
  7602   0020DC  1837               	xorwf	read_password@key^0,w,c
  7603   0020DE  B4D8               	btfsc	status,2,c
  7604   0020E0  EF74  F010         	goto	u1741
  7605   0020E4  EF76  F010         	goto	u1740
  7606   0020E8                     u1741:
  7607   0020E8  EF78  F010         	goto	l2980
  7608   0020EC                     u1740:
  7609   0020EC  EFC7  F010         	goto	l77
  7610   0020F0                     l2980:
  7611                           
  7612                           ;main.c: 166:     if(index<8)
  7613   0020F0  BE12               	btfsc	(_index+1)^0,7,c
  7614   0020F2  EF86  F010         	goto	u1750
  7615   0020F6  5012               	movf	(_index+1)^0,w,c
  7616   0020F8  E107               	bnz	u1751
  7617   0020FA  0E08               	movlw	8
  7618   0020FC  5C11               	subwf	_index^0,w,c
  7619   0020FE  B0D8               	btfsc	status,0,c
  7620   002100  EF84  F010         	goto	u1751
  7621   002104  EF86  F010         	goto	u1750
  7622   002108                     u1751:
  7623   002108  EFC7  F010         	goto	l77
  7624   00210C                     u1750:
  7625   00210C                     
  7626                           ;main.c: 167:     {;main.c: 169:         if(key == 1)
  7627   00210C  0437               	decf	read_password@key^0,w,c
  7628   00210E  A4D8               	btfss	status,2,c
  7629   002110  EF8C  F010         	goto	u1761
  7630   002114  EF8E  F010         	goto	u1760
  7631   002118                     u1761:
  7632   002118  EF96  F010         	goto	l2986
  7633   00211C                     u1760:
  7634   00211C                     
  7635                           ;main.c: 170:             user_password[index] = '0';
  7636   00211C  5011               	movf	_index^0,w,c
  7637   00211E  0F27               	addlw	low _user_password
  7638   002120  6ED9               	movwf	fsr2l,c
  7639   002122  6ADA               	clrf	fsr2h,c
  7640   002124  0E30               	movlw	48
  7641   002126  6EDF               	movwf	indf2,c
  7642   002128  EFA5  F010         	goto	l2990
  7643   00212C                     l2986:
  7644   00212C  0E02               	movlw	2
  7645   00212E  1837               	xorwf	read_password@key^0,w,c
  7646   002130  A4D8               	btfss	status,2,c
  7647   002132  EF9D  F010         	goto	u1771
  7648   002136  EF9F  F010         	goto	u1770
  7649   00213A                     u1771:
  7650   00213A  EFC7  F010         	goto	l77
  7651   00213E                     u1770:
  7652   00213E                     
  7653                           ;main.c: 172:             user_password[index] = '1';
  7654   00213E  5011               	movf	_index^0,w,c
  7655   002140  0F27               	addlw	low _user_password
  7656   002142  6ED9               	movwf	fsr2l,c
  7657   002144  6ADA               	clrf	fsr2h,c
  7658   002146  0E31               	movlw	49
  7659   002148  6EDF               	movwf	indf2,c
  7660   00214A                     l2990:
  7661                           
  7662                           ;main.c: 176:         clcd_putch('*',(0xC0 + (index)));
  7663   00214A  5011               	movf	_index^0,w,c
  7664   00214C  0FC0               	addlw	192
  7665   00214E  6E35               	movwf	clcd_putch@addr^0,c
  7666   002150  0E2A               	movlw	42
  7667   002152  ECC0  F00A         	call	_clcd_putch
  7668   002156                     
  7669                           ;main.c: 177:         index++;
  7670   002156  4A11               	infsnz	_index^0,f,c
  7671   002158  2A12               	incf	(_index+1)^0,f,c
  7672   00215A                     
  7673                           ;main.c: 179:         if(index<8)
  7674   00215A  BE12               	btfsc	(_index+1)^0,7,c
  7675   00215C  EFBB  F010         	goto	u1780
  7676   002160  5012               	movf	(_index+1)^0,w,c
  7677   002162  E107               	bnz	u1781
  7678   002164  0E08               	movlw	8
  7679   002166  5C11               	subwf	_index^0,w,c
  7680   002168  B0D8               	btfsc	status,0,c
  7681   00216A  EFB9  F010         	goto	u1781
  7682   00216E  EFBB  F010         	goto	u1780
  7683   002172                     u1781:
  7684   002172  EFC7  F010         	goto	l77
  7685   002176                     u1780:
  7686   002176                     
  7687                           ;main.c: 180:         {;main.c: 181:             clcd_putch('_',(0xC0 + (index)));
  7688   002176  5011               	movf	_index^0,w,c
  7689   002178  0FC0               	addlw	192
  7690   00217A  6E35               	movwf	clcd_putch@addr^0,c
  7691   00217C  0E5F               	movlw	95
  7692   00217E  ECC0  F00A         	call	_clcd_putch
  7693                           
  7694                           ;main.c: 182:             clcd_putch(' ',(0xC0 + (index)));
  7695   002182  5011               	movf	_index^0,w,c
  7696   002184  0FC0               	addlw	192
  7697   002186  6E35               	movwf	clcd_putch@addr^0,c
  7698   002188  0E20               	movlw	32
  7699   00218A  ECC0  F00A         	call	_clcd_putch
  7700   00218E                     l77:
  7701   00218E  0012               	return		;funcret
  7702   002190                     __end_of_read_password:
  7703                           	callstack 0
  7704                           
  7705 ;; *************** function _read_matrix_keypad *****************
  7706 ;; Defined at:
  7707 ;;		line 73 in file "matrix_keypad.c"
  7708 ;; Parameters:    Size  Location     Type
  7709 ;;  triggering_m    1    wreg     unsigned char 
  7710 ;; Auto vars:     Size  Location     Type
  7711 ;;  triggering_m    1    0[COMRAM] unsigned char 
  7712 ;;  key             1    1[COMRAM] unsigned char 
  7713 ;; Return value:  Size  Location     Type
  7714 ;;                  1    wreg      unsigned char 
  7715 ;; Registers used:
  7716 ;;		wreg, status,2, status,0, cstack
  7717 ;; Tracked objects:
  7718 ;;		On entry : 0/0
  7719 ;;		On exit  : 0/0
  7720 ;;		Unchanged: 0/0
  7721 ;; Data sizes:     COMRAM   BANK0   BANK1   BANK2   BANK3   BANK4   BANK5
  7722 ;;      Params:         0       0       0       0       0       0       0
  7723 ;;      Locals:         2       0       0       0       0       0       0
  7724 ;;      Temps:          0       0       0       0       0       0       0
  7725 ;;      Totals:         2       0       0       0       0       0       0
  7726 ;;Total ram usage:        2 bytes
  7727 ;; Hardware stack levels used: 1
  7728 ;; This function calls:
  7729 ;;		_scan_key
  7730 ;; This function is called by:
  7731 ;;		_read_password
  7732 ;;		_main
  7733 ;; This function uses a non-reentrant model
  7734 ;;
  7735                           
  7736                           	psect	text16
  7737   001A9E                     __ptext16:
  7738                           	callstack 0
  7739   001A9E                     _read_matrix_keypad:
  7740                           	callstack 29
  7741                           
  7742                           ;incstack = 0
  7743                           ;read_matrix_keypad@triggering_method stored from wreg
  7744   001A9E  6E33               	movwf	read_matrix_keypad@triggering_method^0,c
  7745   001AA0                     
  7746                           ;matrix_keypad.c: 73: unsigned char read_matrix_keypad(unsigned char triggering_method);
      +                          matrix_keypad.c: 74: {;matrix_keypad.c: 75:     static unsigned char once = 1;;matrix_ke
      +                          ypad.c: 77:     if(triggering_method == 0)
  7747   001AA0  5033               	movf	read_matrix_keypad@triggering_method^0,w,c
  7748   001AA2  A4D8               	btfss	status,2,c
  7749   001AA4  EF56  F00D         	goto	u341
  7750   001AA8  EF58  F00D         	goto	u340
  7751   001AAC                     u341:
  7752   001AAC  EF5C  F00D         	goto	l1780
  7753   001AB0                     u340:
  7754   001AB0                     
  7755                           ;matrix_keypad.c: 78:     {;matrix_keypad.c: 79:         return scan_key();
  7756   001AB0  ECC8  F010         	call	_scan_key	;wreg free
  7757   001AB4  EF86  F00D         	goto	l483
  7758   001AB8                     l1780:
  7759   001AB8  0433               	decf	read_matrix_keypad@triggering_method^0,w,c
  7760   001ABA  A4D8               	btfss	status,2,c
  7761   001ABC  EF62  F00D         	goto	u351
  7762   001AC0  EF64  F00D         	goto	u350
  7763   001AC4                     u351:
  7764   001AC4  EF85  F00D         	goto	l1800
  7765   001AC8                     u350:
  7766   001AC8                     
  7767                           ;matrix_keypad.c: 82:     {;matrix_keypad.c: 83:         unsigned char key = scan_key();
  7768   001AC8  ECC8  F010         	call	_scan_key	;wreg free
  7769   001ACC  6E34               	movwf	read_matrix_keypad@key^0,c
  7770   001ACE                     
  7771                           ;matrix_keypad.c: 85:         if((key != 0xFF) && (once == 1))
  7772   001ACE  2834               	incf	read_matrix_keypad@key^0,w,c
  7773   001AD0  B4D8               	btfsc	status,2,c
  7774   001AD2  EF6D  F00D         	goto	u361
  7775   001AD6  EF6F  F00D         	goto	u360
  7776   001ADA                     u361:
  7777   001ADA  EF7B  F00D         	goto	l1796
  7778   001ADE                     u360:
  7779   001ADE  0453               	decf	read_matrix_keypad@once^0,w,c
  7780   001AE0  A4D8               	btfss	status,2,c
  7781   001AE2  EF75  F00D         	goto	u371
  7782   001AE6  EF77  F00D         	goto	u370
  7783   001AEA                     u371:
  7784   001AEA  EF7B  F00D         	goto	l1796
  7785   001AEE                     u370:
  7786   001AEE                     
  7787                           ;matrix_keypad.c: 86:         {;matrix_keypad.c: 87:             once = 0;
  7788   001AEE  6A53               	clrf	read_matrix_keypad@once^0,c
  7789   001AF0                     
  7790                           ;matrix_keypad.c: 88:             return key;
  7791   001AF0  5034               	movf	read_matrix_keypad@key^0,w,c
  7792   001AF2  EF86  F00D         	goto	l483
  7793   001AF6                     l1796:
  7794   001AF6  2834               	incf	read_matrix_keypad@key^0,w,c
  7795   001AF8  A4D8               	btfss	status,2,c
  7796   001AFA  EF81  F00D         	goto	u381
  7797   001AFE  EF83  F00D         	goto	u380
  7798   001B02                     u381:
  7799   001B02  EF85  F00D         	goto	l1800
  7800   001B06                     u380:
  7801   001B06                     
  7802                           ;matrix_keypad.c: 91:         {;matrix_keypad.c: 92:             once = 1;
  7803   001B06  0E01               	movlw	1
  7804   001B08  6E53               	movwf	read_matrix_keypad@once^0,c
  7805   001B0A                     l1800:
  7806                           
  7807                           ;matrix_keypad.c: 96:     return 0xFF;
  7808   001B0A  0EFF               	movlw	255
  7809   001B0C                     l483:
  7810   001B0C  0012               	return		;funcret
  7811   001B0E                     __end_of_read_matrix_keypad:
  7812                           	callstack 0
  7813                           
  7814 ;; *************** function _scan_key *****************
  7815 ;; Defined at:
  7816 ;;		line 25 in file "matrix_keypad.c"
  7817 ;; Parameters:    Size  Location     Type
  7818 ;;		None
  7819 ;; Auto vars:     Size  Location     Type
  7820 ;;		None
  7821 ;; Return value:  Size  Location     Type
  7822 ;;                  1    wreg      unsigned char 
  7823 ;; Registers used:
  7824 ;;		wreg
  7825 ;; Tracked objects:
  7826 ;;		On entry : 0/0
  7827 ;;		On exit  : 0/0
  7828 ;;		Unchanged: 0/0
  7829 ;; Data sizes:     COMRAM   BANK0   BANK1   BANK2   BANK3   BANK4   BANK5
  7830 ;;      Params:         0       0       0       0       0       0       0
  7831 ;;      Locals:         0       0       0       0       0       0       0
  7832 ;;      Temps:          0       0       0       0       0       0       0
  7833 ;;      Totals:         0       0       0       0       0       0       0
  7834 ;;Total ram usage:        0 bytes
  7835 ;; Hardware stack levels used: 1
  7836 ;; This function calls:
  7837 ;;		Nothing
  7838 ;; This function is called by:
  7839 ;;		_read_matrix_keypad
  7840 ;; This function uses a non-reentrant model
  7841 ;;
  7842                           
  7843                           	psect	text17
  7844   002190                     __ptext17:
  7845                           	callstack 0
  7846   002190                     _scan_key:
  7847                           	callstack 28
  7848   002190                     
  7849                           ;matrix_keypad.c: 28:     PORTBbits.RB5 = 0;
  7850   002190  9A81               	bcf	129,5,c	;volatile
  7851                           
  7852                           ;matrix_keypad.c: 29:     PORTBbits.RB6 = PORTBbits.RB7 = 1;
  7853   002192  8E81               	bsf	129,7,c	;volatile
  7854   002194  8C81               	bsf	129,6,c	;volatile
  7855                           
  7856                           ;matrix_keypad.c: 31:     if(PORTBbits.RB1 == 0)
  7857   002196  B281               	btfsc	129,1,c	;volatile
  7858   002198  EFD0  F010         	goto	u131
  7859   00219C  EFD2  F010         	goto	u130
  7860   0021A0                     u131:
  7861   0021A0  EFD5  F010         	goto	l456
  7862   0021A4                     u130:
  7863   0021A4                     
  7864                           ;matrix_keypad.c: 32:         return 1;
  7865   0021A4  0E01               	movlw	1
  7866   0021A6  EF4A  F011         	goto	l457
  7867   0021AA                     l456:
  7868   0021AA  B481               	btfsc	129,2,c	;volatile
  7869   0021AC  EFDA  F010         	goto	u141
  7870   0021B0  EFDC  F010         	goto	u140
  7871   0021B4                     u141:
  7872   0021B4  EFDF  F010         	goto	l459
  7873   0021B8                     u140:
  7874   0021B8                     
  7875                           ;matrix_keypad.c: 34:         return 4;
  7876   0021B8  0E04               	movlw	4
  7877   0021BA  EF4A  F011         	goto	l457
  7878   0021BE                     l459:
  7879   0021BE  B681               	btfsc	129,3,c	;volatile
  7880   0021C0  EFE4  F010         	goto	u151
  7881   0021C4  EFE6  F010         	goto	u150
  7882   0021C8                     u151:
  7883   0021C8  EFE9  F010         	goto	l461
  7884   0021CC                     u150:
  7885   0021CC                     
  7886                           ;matrix_keypad.c: 36:         return 7;
  7887   0021CC  0E07               	movlw	7
  7888   0021CE  EF4A  F011         	goto	l457
  7889   0021D2                     l461:
  7890   0021D2  B881               	btfsc	129,4,c	;volatile
  7891   0021D4  EFEE  F010         	goto	u161
  7892   0021D8  EFF0  F010         	goto	u160
  7893   0021DC                     u161:
  7894   0021DC  EFF3  F010         	goto	l458
  7895   0021E0                     u160:
  7896   0021E0                     
  7897                           ;matrix_keypad.c: 38:         return 10;
  7898   0021E0  0E0A               	movlw	10
  7899   0021E2  EF4A  F011         	goto	l457
  7900   0021E6                     l458:
  7901                           
  7902                           ;matrix_keypad.c: 41:     PORTBbits.RB6 = 0;
  7903   0021E6  9C81               	bcf	129,6,c	;volatile
  7904                           
  7905                           ;matrix_keypad.c: 42:     PORTBbits.RB5 = PORTBbits.RB7 = 1;
  7906   0021E8  8E81               	bsf	129,7,c	;volatile
  7907   0021EA  8A81               	bsf	129,5,c	;volatile
  7908                           
  7909                           ;matrix_keypad.c: 45:     if(PORTBbits.RB1 == 0)
  7910   0021EC  B281               	btfsc	129,1,c	;volatile
  7911   0021EE  EFFB  F010         	goto	u171
  7912   0021F2  EFFD  F010         	goto	u170
  7913   0021F6                     u171:
  7914   0021F6  EF00  F011         	goto	l464
  7915   0021FA                     u170:
  7916   0021FA                     
  7917                           ;matrix_keypad.c: 46:         return 2;
  7918   0021FA  0E02               	movlw	2
  7919   0021FC  EF4A  F011         	goto	l457
  7920   002200                     l464:
  7921   002200  B481               	btfsc	129,2,c	;volatile
  7922   002202  EF05  F011         	goto	u181
  7923   002206  EF07  F011         	goto	u180
  7924   00220A                     u181:
  7925   00220A  EF0A  F011         	goto	l466
  7926   00220E                     u180:
  7927   00220E                     
  7928                           ;matrix_keypad.c: 48:         return 5;
  7929   00220E  0E05               	movlw	5
  7930   002210  EF4A  F011         	goto	l457
  7931   002214                     l466:
  7932   002214  B681               	btfsc	129,3,c	;volatile
  7933   002216  EF0F  F011         	goto	u191
  7934   00221A  EF11  F011         	goto	u190
  7935   00221E                     u191:
  7936   00221E  EF14  F011         	goto	l468
  7937   002222                     u190:
  7938   002222                     
  7939                           ;matrix_keypad.c: 50:         return 8;
  7940   002222  0E08               	movlw	8
  7941   002224  EF4A  F011         	goto	l457
  7942   002228                     l468:
  7943   002228  B881               	btfsc	129,4,c	;volatile
  7944   00222A  EF19  F011         	goto	u201
  7945   00222E  EF1B  F011         	goto	u200
  7946   002232                     u201:
  7947   002232  EF1E  F011         	goto	l465
  7948   002236                     u200:
  7949   002236                     
  7950                           ;matrix_keypad.c: 52:         return 11;
  7951   002236  0E0B               	movlw	11
  7952   002238  EF4A  F011         	goto	l457
  7953   00223C                     l465:
  7954                           
  7955                           ;matrix_keypad.c: 55:     PORTBbits.RB7 = 0;
  7956   00223C  9E81               	bcf	129,7,c	;volatile
  7957                           
  7958                           ;matrix_keypad.c: 56:     PORTBbits.RB5 = PORTBbits.RB6 = 1;
  7959   00223E  8C81               	bsf	129,6,c	;volatile
  7960   002240  8A81               	bsf	129,5,c	;volatile
  7961                           
  7962                           ;matrix_keypad.c: 58:     if(PORTBbits.RB1 == 0)
  7963   002242  B281               	btfsc	129,1,c	;volatile
  7964   002244  EF26  F011         	goto	u211
  7965   002248  EF28  F011         	goto	u210
  7966   00224C                     u211:
  7967   00224C  EF2B  F011         	goto	l471
  7968   002250                     u210:
  7969   002250                     
  7970                           ;matrix_keypad.c: 59:         return 3;
  7971   002250  0E03               	movlw	3
  7972   002252  EF4A  F011         	goto	l457
  7973   002256                     l471:
  7974   002256  B481               	btfsc	129,2,c	;volatile
  7975   002258  EF30  F011         	goto	u221
  7976   00225C  EF32  F011         	goto	u220
  7977   002260                     u221:
  7978   002260  EF35  F011         	goto	l473
  7979   002264                     u220:
  7980   002264                     
  7981                           ;matrix_keypad.c: 61:         return 6;
  7982   002264  0E06               	movlw	6
  7983   002266  EF4A  F011         	goto	l457
  7984   00226A                     l473:
  7985   00226A  B681               	btfsc	129,3,c	;volatile
  7986   00226C  EF3A  F011         	goto	u231
  7987   002270  EF3C  F011         	goto	u230
  7988   002274                     u231:
  7989   002274  EF3F  F011         	goto	l475
  7990   002278                     u230:
  7991   002278                     
  7992                           ;matrix_keypad.c: 63:         return 9;
  7993   002278  0E09               	movlw	9
  7994   00227A  EF4A  F011         	goto	l457
  7995   00227E                     l475:
  7996   00227E  B881               	btfsc	129,4,c	;volatile
  7997   002280  EF44  F011         	goto	u241
  7998   002284  EF46  F011         	goto	u240
  7999   002288                     u241:
  8000   002288  EF49  F011         	goto	l1630
  8001   00228C                     u240:
  8002   00228C                     
  8003                           ;matrix_keypad.c: 65:         return 12;
  8004   00228C  0E0C               	movlw	12
  8005   00228E  EF4A  F011         	goto	l457
  8006   002292                     l1630:
  8007                           
  8008                           ;matrix_keypad.c: 68:     return 0xFF;
  8009   002292  0EFF               	movlw	255
  8010   002294                     l457:
  8011   002294  0012               	return		;funcret
  8012   002296                     __end_of_scan_key:
  8013                           	callstack 0
  8014                           
  8015 ;; *************** function _my_strcmp *****************
  8016 ;; Defined at:
  8017 ;;		line 63 in file "main.c"
  8018 ;; Parameters:    Size  Location     Type
  8019 ;;  str1            1    0[COMRAM] PTR unsigned char 
  8020 ;;		 -> original_password(9), 
  8021 ;;  str2            1    1[COMRAM] PTR unsigned char 
  8022 ;;		 -> user_password(9), 
  8023 ;; Auto vars:     Size  Location     Type
  8024 ;;  i               2    4[COMRAM] int 
  8025 ;; Return value:  Size  Location     Type
  8026 ;;                  2    0[COMRAM] int 
  8027 ;; Registers used:
  8028 ;;		wreg, fsr1l, fsr1h, fsr2l, fsr2h, status,2, status,0
  8029 ;; Tracked objects:
  8030 ;;		On entry : 0/0
  8031 ;;		On exit  : 0/0
  8032 ;;		Unchanged: 0/0
  8033 ;; Data sizes:     COMRAM   BANK0   BANK1   BANK2   BANK3   BANK4   BANK5
  8034 ;;      Params:         2       0       0       0       0       0       0
  8035 ;;      Locals:         2       0       0       0       0       0       0
  8036 ;;      Temps:          2       0       0       0       0       0       0
  8037 ;;      Totals:         6       0       0       0       0       0       0
  8038 ;;Total ram usage:        6 bytes
  8039 ;; Hardware stack levels used: 1
  8040 ;; This function calls:
  8041 ;;		Nothing
  8042 ;; This function is called by:
  8043 ;;		_main
  8044 ;; This function uses a non-reentrant model
  8045 ;;
  8046                           
  8047                           	psect	text18
  8048   001CA8                     __ptext18:
  8049                           	callstack 0
  8050   001CA8                     _my_strcmp:
  8051                           	callstack 30
  8052   001CA8                     
  8053                           ;main.c: 63: int my_strcmp(char str1[],char str2[]);main.c: 64: {;main.c: 65:     int i 
      +                          = 0;
  8054   001CA8  6A38               	clrf	(my_strcmp@i+1)^0,c
  8055   001CAA  0E00               	movlw	0
  8056   001CAC  6E37               	movwf	my_strcmp@i^0,c
  8057                           
  8058                           ;main.c: 67:     while (str1[i] != '\0' && str2[i] != '\0')
  8059   001CAE  EF71  F00E         	goto	l2954
  8060   001CB2                     l2946:
  8061                           
  8062                           ;main.c: 68:     {;main.c: 69:         if (str1[i] != str2[i])
  8063   001CB2  5034               	movf	my_strcmp@str2^0,w,c
  8064   001CB4  2437               	addwf	my_strcmp@i^0,w,c
  8065   001CB6  6ED9               	movwf	fsr2l,c
  8066   001CB8  6ADA               	clrf	fsr2h,c
  8067   001CBA  5033               	movf	my_strcmp@str1^0,w,c
  8068   001CBC  2437               	addwf	my_strcmp@i^0,w,c
  8069   001CBE  6EE1               	movwf	fsr1l,c
  8070   001CC0  6AE2               	clrf	fsr1h,c
  8071   001CC2  50DE               	movf	postinc2,w,c
  8072   001CC4  18E6               	xorwf	postinc1,w,c
  8073   001CC6  B4D8               	btfsc	status,2,c
  8074   001CC8  EF68  F00E         	goto	u1681
  8075   001CCC  EF6A  F00E         	goto	u1680
  8076   001CD0                     u1681:
  8077   001CD0  EF6F  F00E         	goto	l2952
  8078   001CD4                     u1680:
  8079   001CD4                     l2948:
  8080                           
  8081                           ;main.c: 70:             return 1;
  8082   001CD4  6A34               	clrf	(?_my_strcmp+1)^0,c
  8083   001CD6  0E01               	movlw	1
  8084   001CD8  6E33               	movwf	?_my_strcmp^0,c
  8085   001CDA  EFA4  F00E         	goto	l68
  8086   001CDE                     l2952:
  8087                           
  8088                           ;main.c: 71:         i++;
  8089   001CDE  4A37               	infsnz	my_strcmp@i^0,f,c
  8090   001CE0  2A38               	incf	(my_strcmp@i+1)^0,f,c
  8091   001CE2                     l2954:
  8092                           
  8093                           ;main.c: 67:     while (str1[i] != '\0' && str2[i] != '\0')
  8094   001CE2  5033               	movf	my_strcmp@str1^0,w,c
  8095   001CE4  2437               	addwf	my_strcmp@i^0,w,c
  8096   001CE6  6ED9               	movwf	fsr2l,c
  8097   001CE8  6ADA               	clrf	fsr2h,c
  8098   001CEA  50DF               	movf	indf2,w,c
  8099   001CEC  B4D8               	btfsc	status,2,c
  8100   001CEE  EF7B  F00E         	goto	u1691
  8101   001CF2  EF7D  F00E         	goto	u1690
  8102   001CF6                     u1691:
  8103   001CF6  EF89  F00E         	goto	l2958
  8104   001CFA                     u1690:
  8105   001CFA  5034               	movf	my_strcmp@str2^0,w,c
  8106   001CFC  2437               	addwf	my_strcmp@i^0,w,c
  8107   001CFE  6ED9               	movwf	fsr2l,c
  8108   001D00  6ADA               	clrf	fsr2h,c
  8109   001D02  50DF               	movf	indf2,w,c
  8110   001D04  A4D8               	btfss	status,2,c
  8111   001D06  EF87  F00E         	goto	u1701
  8112   001D0A  EF89  F00E         	goto	u1700
  8113   001D0E                     u1701:
  8114   001D0E  EF59  F00E         	goto	l2946
  8115   001D12                     u1700:
  8116   001D12                     l2958:
  8117                           
  8118                           ;main.c: 75:     if (str1[i] == '\0' && str2[i] == '\0')
  8119   001D12  5033               	movf	my_strcmp@str1^0,w,c
  8120   001D14  2437               	addwf	my_strcmp@i^0,w,c
  8121   001D16  6ED9               	movwf	fsr2l,c
  8122   001D18  6ADA               	clrf	fsr2h,c
  8123   001D1A  50DF               	movf	indf2,w,c
  8124   001D1C  A4D8               	btfss	status,2,c
  8125   001D1E  EF93  F00E         	goto	u1711
  8126   001D22  EF95  F00E         	goto	u1710
  8127   001D26                     u1711:
  8128   001D26  EF6A  F00E         	goto	l2948
  8129   001D2A                     u1710:
  8130   001D2A  5034               	movf	my_strcmp@str2^0,w,c
  8131   001D2C  2437               	addwf	my_strcmp@i^0,w,c
  8132   001D2E  6ED9               	movwf	fsr2l,c
  8133   001D30  6ADA               	clrf	fsr2h,c
  8134   001D32  50DF               	movf	indf2,w,c
  8135   001D34  A4D8               	btfss	status,2,c
  8136   001D36  EF9F  F00E         	goto	u1721
  8137   001D3A  EFA1  F00E         	goto	u1720
  8138   001D3E                     u1721:
  8139   001D3E  EF6A  F00E         	goto	l2948
  8140   001D42                     u1720:
  8141   001D42                     
  8142                           ;main.c: 76:         return 0;
  8143   001D42  6A34               	clrf	(?_my_strcmp+1)^0,c
  8144   001D44  0E00               	movlw	0
  8145   001D46  6E33               	movwf	?_my_strcmp^0,c
  8146   001D48                     l68:
  8147   001D48  0012               	return		;funcret
  8148   001D4A                     __end_of_my_strcmp:
  8149                           	callstack 0
  8150                           
  8151 ;; *************** function _init_config *****************
  8152 ;; Defined at:
  8153 ;;		line 20 in file "main.c"
  8154 ;; Parameters:    Size  Location     Type
  8155 ;;		None
  8156 ;; Auto vars:     Size  Location     Type
  8157 ;;		None
  8158 ;; Return value:  Size  Location     Type
  8159 ;;                  1    wreg      void 
  8160 ;; Registers used:
  8161 ;;		wreg, status,2, status,0, cstack
  8162 ;; Tracked objects:
  8163 ;;		On entry : 0/0
  8164 ;;		On exit  : 0/0
  8165 ;;		Unchanged: 0/0
  8166 ;; Data sizes:     COMRAM   BANK0   BANK1   BANK2   BANK3   BANK4   BANK5
  8167 ;;      Params:         0       0       0       0       0       0       0
  8168 ;;      Locals:         0       0       0       0       0       0       0
  8169 ;;      Temps:          0       0       0       0       0       0       0
  8170 ;;      Totals:         0       0       0       0       0       0       0
  8171 ;;Total ram usage:        0 bytes
  8172 ;; Hardware stack levels used: 1
  8173 ;; Hardware stack levels required when called: 3
  8174 ;; This function calls:
  8175 ;;		_init_adc
  8176 ;;		_init_clcd
  8177 ;;		_init_ds1307
  8178 ;;		_init_i2c
  8179 ;;		_init_matrix_keypad
  8180 ;;		_init_uart
  8181 ;; This function is called by:
  8182 ;;		_main
  8183 ;; This function uses a non-reentrant model
  8184 ;;
  8185                           
  8186                           	psect	text19
  8187   0015F4                     __ptext19:
  8188                           	callstack 0
  8189   0015F4                     _init_config:
  8190                           	callstack 27
  8191   0015F4                     
  8192                           ;main.c: 22:     init_clcd();
  8193   0015F4  ECF7  F00E         	call	_init_clcd	;wreg free
  8194   0015F8                     
  8195                           ;main.c: 23:     init_adc();
  8196   0015F8  ECEA  F00A         	call	_init_adc	;wreg free
  8197   0015FC                     
  8198                           ;main.c: 24:     init_i2c();
  8199   0015FC  ECAA  F00A         	call	_init_i2c	;wreg free
  8200                           
  8201                           ;main.c: 25:     init_ds1307();
  8202   001600  ECFD  F00B         	call	_init_ds1307	;wreg free
  8203                           
  8204                           ;main.c: 26:     init_matrix_keypad();
  8205   001604  ECB5  F00A         	call	_init_matrix_keypad	;wreg free
  8206                           
  8207                           ;main.c: 27:     init_ds1307();
  8208   001608  ECFD  F00B         	call	_init_ds1307	;wreg free
  8209   00160C                     
  8210                           ;main.c: 28:     init_uart();
  8211   00160C  EC1B  F00B         	call	_init_uart	;wreg free
  8212   001610                     
  8213                           ;main.c: 30:     state = e_dashboard;
  8214   001610  6A1D               	clrf	_state^0,c
  8215   001612  0012               	return		;funcret
  8216   001614                     __end_of_init_config:
  8217                           	callstack 0
  8218                           
  8219 ;; *************** function _init_uart *****************
  8220 ;; Defined at:
  8221 ;;		line 11 in file "uart.c"
  8222 ;; Parameters:    Size  Location     Type
  8223 ;;		None
  8224 ;; Auto vars:     Size  Location     Type
  8225 ;;		None
  8226 ;; Return value:  Size  Location     Type
  8227 ;;                  1    wreg      void 
  8228 ;; Registers used:
  8229 ;;		wreg, status,2
  8230 ;; Tracked objects:
  8231 ;;		On entry : 0/0
  8232 ;;		On exit  : 0/0
  8233 ;;		Unchanged: 0/0
  8234 ;; Data sizes:     COMRAM   BANK0   BANK1   BANK2   BANK3   BANK4   BANK5
  8235 ;;      Params:         0       0       0       0       0       0       0
  8236 ;;      Locals:         0       0       0       0       0       0       0
  8237 ;;      Temps:          0       0       0       0       0       0       0
  8238 ;;      Totals:         0       0       0       0       0       0       0
  8239 ;;Total ram usage:        0 bytes
  8240 ;; Hardware stack levels used: 1
  8241 ;; This function calls:
  8242 ;;		Nothing
  8243 ;; This function is called by:
  8244 ;;		_init_config
  8245 ;; This function uses a non-reentrant model
  8246 ;;
  8247                           
  8248                           	psect	text20
  8249   001636                     __ptext20:
  8250                           	callstack 0
  8251   001636                     _init_uart:
  8252                           	callstack 29
  8253   001636                     
  8254                           ;uart.c: 15:     TRISC6 = 0;
  8255   001636  9C94               	bcf	3988,6,c	;volatile
  8256                           
  8257                           ;uart.c: 16:     TRISC7 = 1;
  8258   001638  8E94               	bsf	3988,7,c	;volatile
  8259                           
  8260                           ;uart.c: 19:     BRGH = 1;
  8261   00163A  84AC               	bsf	4012,2,c	;volatile
  8262                           
  8263                           ;uart.c: 20:     SENDB = 0;
  8264   00163C  96AC               	bcf	4012,3,c	;volatile
  8265                           
  8266                           ;uart.c: 21:     SYNC = 0;
  8267   00163E  98AC               	bcf	4012,4,c	;volatile
  8268                           
  8269                           ;uart.c: 22:     TXEN = 1;
  8270   001640  8AAC               	bsf	4012,5,c	;volatile
  8271                           
  8272                           ;uart.c: 23:     TX9 = 0;
  8273   001642  9CAC               	bcf	4012,6,c	;volatile
  8274                           
  8275                           ;uart.c: 27:     CREN = 1;
  8276   001644  88AB               	bsf	4011,4,c	;volatile
  8277                           
  8278                           ;uart.c: 28:     RX9 = 0;
  8279   001646  9CAB               	bcf	4011,6,c	;volatile
  8280                           
  8281                           ;uart.c: 29:     SPEN = 1;
  8282   001648  8EAB               	bsf	4011,7,c	;volatile
  8283                           
  8284                           ;uart.c: 33:     ABDOVF = 0;
  8285   00164A  9EB8               	bcf	4024,7,c	;volatile
  8286                           
  8287                           ;uart.c: 34:     BRG16 = 0;
  8288   00164C  96B8               	bcf	4024,3,c	;volatile
  8289                           
  8290                           ;uart.c: 35:     WUE = 0;
  8291   00164E  92B8               	bcf	4024,1,c	;volatile
  8292                           
  8293                           ;uart.c: 36:     ABDEN = 0;
  8294   001650  90B8               	bcf	4024,0,c	;volatile
  8295   001652                     
  8296                           ;uart.c: 38:     SPBRG = 129;
  8297   001652  0E81               	movlw	129
  8298   001654  6EAF               	movwf	175,c	;volatile
  8299   001656                     
  8300                           ;uart.c: 40:     TXIF = 0;
  8301   001656  989E               	bcf	3998,4,c	;volatile
  8302   001658                     
  8303                           ;uart.c: 41:     RCIF = 0;
  8304   001658  9A9E               	bcf	3998,5,c	;volatile
  8305   00165A  0012               	return		;funcret
  8306   00165C                     __end_of_init_uart:
  8307                           	callstack 0
  8308                           
  8309 ;; *************** function _init_matrix_keypad *****************
  8310 ;; Defined at:
  8311 ;;		line 12 in file "matrix_keypad.c"
  8312 ;; Parameters:    Size  Location     Type
  8313 ;;		None
  8314 ;; Auto vars:     Size  Location     Type
  8315 ;;		None
  8316 ;; Return value:  Size  Location     Type
  8317 ;;                  1    wreg      void 
  8318 ;; Registers used:
  8319 ;;		wreg, status,2, status,0
  8320 ;; Tracked objects:
  8321 ;;		On entry : 0/0
  8322 ;;		On exit  : 0/0
  8323 ;;		Unchanged: 0/0
  8324 ;; Data sizes:     COMRAM   BANK0   BANK1   BANK2   BANK3   BANK4   BANK5
  8325 ;;      Params:         0       0       0       0       0       0       0
  8326 ;;      Locals:         0       0       0       0       0       0       0
  8327 ;;      Temps:          0       0       0       0       0       0       0
  8328 ;;      Totals:         0       0       0       0       0       0       0
  8329 ;;Total ram usage:        0 bytes
  8330 ;; Hardware stack levels used: 1
  8331 ;; This function calls:
  8332 ;;		Nothing
  8333 ;; This function is called by:
  8334 ;;		_init_config
  8335 ;; This function uses a non-reentrant model
  8336 ;;
  8337                           
  8338                           	psect	text21
  8339   00156A                     __ptext21:
  8340                           	callstack 0
  8341   00156A                     _init_matrix_keypad:
  8342                           	callstack 29
  8343   00156A                     
  8344                           ;matrix_keypad.c: 15:     RBPU = 0;
  8345   00156A  9EF1               	bcf	4081,7,c	;volatile
  8346   00156C                     
  8347                           ;matrix_keypad.c: 17:     TRISB = TRISB & 0x0F;
  8348   00156C  5093               	movf	147,w,c	;volatile
  8349   00156E  0B0F               	andlw	15
  8350   001570  6E93               	movwf	147,c	;volatile
  8351                           
  8352                           ;matrix_keypad.c: 19:     TRISB = TRISB | 0x1E;
  8353   001572  5093               	movf	147,w,c	;volatile
  8354   001574  091E               	iorlw	30
  8355   001576  6E93               	movwf	147,c	;volatile
  8356                           
  8357                           ;matrix_keypad.c: 21:     PORTB = PORTB | 0xE0;
  8358   001578  5081               	movf	129,w,c	;volatile
  8359   00157A  09E0               	iorlw	224
  8360   00157C  6E81               	movwf	129,c	;volatile
  8361   00157E  0012               	return		;funcret
  8362   001580                     __end_of_init_matrix_keypad:
  8363                           	callstack 0
  8364                           
  8365 ;; *************** function _init_i2c *****************
  8366 ;; Defined at:
  8367 ;;		line 11 in file "i2c.c"
  8368 ;; Parameters:    Size  Location     Type
  8369 ;;		None
  8370 ;; Auto vars:     Size  Location     Type
  8371 ;;		None
  8372 ;; Return value:  Size  Location     Type
  8373 ;;                  1    wreg      void 
  8374 ;; Registers used:
  8375 ;;		wreg, status,2
  8376 ;; Tracked objects:
  8377 ;;		On entry : 0/0
  8378 ;;		On exit  : 0/0
  8379 ;;		Unchanged: 0/0
  8380 ;; Data sizes:     COMRAM   BANK0   BANK1   BANK2   BANK3   BANK4   BANK5
  8381 ;;      Params:         0       0       0       0       0       0       0
  8382 ;;      Locals:         0       0       0       0       0       0       0
  8383 ;;      Temps:          0       0       0       0       0       0       0
  8384 ;;      Totals:         0       0       0       0       0       0       0
  8385 ;;Total ram usage:        0 bytes
  8386 ;; Hardware stack levels used: 1
  8387 ;; This function calls:
  8388 ;;		Nothing
  8389 ;; This function is called by:
  8390 ;;		_init_config
  8391 ;; This function uses a non-reentrant model
  8392 ;;
  8393                           
  8394                           	psect	text22
  8395   001554                     __ptext22:
  8396                           	callstack 0
  8397   001554                     _init_i2c:
  8398                           	callstack 29
  8399   001554                     
  8400                           ;i2c.c: 14:  TRISC3 = 1;
  8401   001554  8694               	bsf	3988,3,c	;volatile
  8402                           
  8403                           ;i2c.c: 15:  TRISC4 = 1;
  8404   001556  8894               	bsf	3988,4,c	;volatile
  8405   001558                     
  8406                           ;i2c.c: 17:  SSPCON1 = 0x28;
  8407   001558  0E28               	movlw	40
  8408   00155A  6EC6               	movwf	198,c	;volatile
  8409                           
  8410                           ;i2c.c: 19:  SSPADD = 0x31;
  8411   00155C  0E31               	movlw	49
  8412   00155E  6EC8               	movwf	200,c	;volatile
  8413   001560                     
  8414                           ;i2c.c: 21:  CKE = 0;
  8415   001560  9CC7               	bcf	4039,6,c	;volatile
  8416   001562                     
  8417                           ;i2c.c: 23:  SMP = 1;
  8418   001562  8EC7               	bsf	4039,7,c	;volatile
  8419   001564                     
  8420                           ;i2c.c: 25:  SSPIF = 0;
  8421   001564  969E               	bcf	3998,3,c	;volatile
  8422   001566                     
  8423                           ;i2c.c: 27:  BCLIF = 0;
  8424   001566  96A1               	bcf	4001,3,c	;volatile
  8425   001568  0012               	return		;funcret
  8426   00156A                     __end_of_init_i2c:
  8427                           	callstack 0
  8428                           
  8429 ;; *************** function _init_ds1307 *****************
  8430 ;; Defined at:
  8431 ;;		line 18 in file "rtc.c"
  8432 ;; Parameters:    Size  Location     Type
  8433 ;;		None
  8434 ;; Auto vars:     Size  Location     Type
  8435 ;;  dummy           1   10[COMRAM] unsigned char 
  8436 ;; Return value:  Size  Location     Type
  8437 ;;                  1    wreg      void 
  8438 ;; Registers used:
  8439 ;;		wreg, status,2, status,0, cstack
  8440 ;; Tracked objects:
  8441 ;;		On entry : 0/0
  8442 ;;		On exit  : 0/0
  8443 ;;		Unchanged: 0/0
  8444 ;; Data sizes:     COMRAM   BANK0   BANK1   BANK2   BANK3   BANK4   BANK5
  8445 ;;      Params:         0       0       0       0       0       0       0
  8446 ;;      Locals:         1       0       0       0       0       0       0
  8447 ;;      Temps:          0       0       0       0       0       0       0
  8448 ;;      Totals:         1       0       0       0       0       0       0
  8449 ;;Total ram usage:        1 bytes
  8450 ;; Hardware stack levels used: 1
  8451 ;; Hardware stack levels required when called: 2
  8452 ;; This function calls:
  8453 ;;		_read_ds1307
  8454 ;;		_write_ds1307
  8455 ;; This function is called by:
  8456 ;;		_init_config
  8457 ;; This function uses a non-reentrant model
  8458 ;;
  8459                           
  8460                           	psect	text23
  8461   0017FA                     __ptext23:
  8462                           	callstack 0
  8463   0017FA                     _init_ds1307:
  8464                           	callstack 27
  8465   0017FA                     
  8466                           ;rtc.c: 20:  unsigned char dummy;;rtc.c: 23:  dummy = read_ds1307(0x00);
  8467   0017FA  0E00               	movlw	0
  8468   0017FC  EC43  F00B         	call	_read_ds1307
  8469   001800  6E3D               	movwf	init_ds1307@dummy^0,c
  8470   001802                     
  8471                           ;rtc.c: 24:  write_ds1307(0x00, dummy | 0x80);
  8472   001802  503D               	movf	init_ds1307@dummy^0,w,c
  8473   001804  0980               	iorlw	128
  8474   001806  6E3B               	movwf	write_ds1307@data^0,c
  8475   001808  0E00               	movlw	0
  8476   00180A  ECCC  F00A         	call	_write_ds1307
  8477   00180E                     
  8478                           ;rtc.c: 29:     write_ds1307(0x02, 0x12);
  8479   00180E  0E12               	movlw	18
  8480   001810  6E3B               	movwf	write_ds1307@data^0,c
  8481   001812  0E02               	movlw	2
  8482   001814  ECCC  F00A         	call	_write_ds1307
  8483   001818                     
  8484                           ;rtc.c: 32:  dummy = read_ds1307(0x02);
  8485   001818  0E02               	movlw	2
  8486   00181A  EC43  F00B         	call	_read_ds1307
  8487   00181E  6E3D               	movwf	init_ds1307@dummy^0,c
  8488   001820                     
  8489                           ;rtc.c: 33:  write_ds1307(0x02, dummy | 0x12);
  8490   001820  503D               	movf	init_ds1307@dummy^0,w,c
  8491   001822  0912               	iorlw	18
  8492   001824  6E3B               	movwf	write_ds1307@data^0,c
  8493   001826  0E02               	movlw	2
  8494   001828  ECCC  F00A         	call	_write_ds1307
  8495                           
  8496                           ;rtc.c: 56:  write_ds1307(0x07, 0x93);
  8497   00182C  0E93               	movlw	147
  8498   00182E  6E3B               	movwf	write_ds1307@data^0,c
  8499   001830  0E07               	movlw	7
  8500   001832  ECCC  F00A         	call	_write_ds1307
  8501                           
  8502                           ;rtc.c: 59:  dummy = read_ds1307(0x00);
  8503   001836  0E00               	movlw	0
  8504   001838  EC43  F00B         	call	_read_ds1307
  8505   00183C  6E3D               	movwf	init_ds1307@dummy^0,c
  8506   00183E                     
  8507                           ;rtc.c: 60:  write_ds1307(0x00, dummy & 0x7F);
  8508   00183E  503D               	movf	init_ds1307@dummy^0,w,c
  8509   001840  0B7F               	andlw	127
  8510   001842  6E3B               	movwf	write_ds1307@data^0,c
  8511   001844  0E00               	movlw	0
  8512   001846  ECCC  F00A         	call	_write_ds1307
  8513   00184A  0012               	return		;funcret
  8514   00184C                     __end_of_init_ds1307:
  8515                           	callstack 0
  8516                           
  8517 ;; *************** function _write_ds1307 *****************
  8518 ;; Defined at:
  8519 ;;		line 64 in file "rtc.c"
  8520 ;; Parameters:    Size  Location     Type
  8521 ;;  address         1    wreg     unsigned char 
  8522 ;;  data            1    8[COMRAM] unsigned char 
  8523 ;; Auto vars:     Size  Location     Type
  8524 ;;  address         1    9[COMRAM] unsigned char 
  8525 ;; Return value:  Size  Location     Type
  8526 ;;                  1    wreg      void 
  8527 ;; Registers used:
  8528 ;;		wreg, status,2, cstack
  8529 ;; Tracked objects:
  8530 ;;		On entry : 0/0
  8531 ;;		On exit  : 0/0
  8532 ;;		Unchanged: 0/0
  8533 ;; Data sizes:     COMRAM   BANK0   BANK1   BANK2   BANK3   BANK4   BANK5
  8534 ;;      Params:         1       0       0       0       0       0       0
  8535 ;;      Locals:         1       0       0       0       0       0       0
  8536 ;;      Temps:          0       0       0       0       0       0       0
  8537 ;;      Totals:         2       0       0       0       0       0       0
  8538 ;;Total ram usage:        2 bytes
  8539 ;; Hardware stack levels used: 1
  8540 ;; This function calls:
  8541 ;;		_i2c_start
  8542 ;;		_i2c_stop
  8543 ;;		_i2c_write
  8544 ;; This function is called by:
  8545 ;;		_set_time
  8546 ;;		_init_ds1307
  8547 ;; This function uses a non-reentrant model
  8548 ;;
  8549                           
  8550                           	psect	text24
  8551   001598                     __ptext24:
  8552                           	callstack 0
  8553   001598                     _write_ds1307:
  8554                           	callstack 28
  8555                           
  8556                           ;incstack = 0
  8557                           ;write_ds1307@address stored from wreg
  8558   001598  6E3C               	movwf	write_ds1307@address^0,c
  8559   00159A                     
  8560                           ;rtc.c: 64: void write_ds1307(unsigned char address, unsigned char data);rtc.c: 65: {;rt
      +                          c.c: 66:  i2c_start();
  8561   00159A  EC7C  F00A         	call	_i2c_start	;wreg free
  8562   00159E                     
  8563                           ;rtc.c: 67:  i2c_write(0xD0);
  8564   00159E  0ED0               	movlw	208
  8565   0015A0  EC8A  F00A         	call	_i2c_write
  8566   0015A4                     
  8567                           ;rtc.c: 68:  i2c_write(address);
  8568   0015A4  503C               	movf	write_ds1307@address^0,w,c
  8569   0015A6  EC8A  F00A         	call	_i2c_write
  8570   0015AA                     
  8571                           ;rtc.c: 69:  i2c_write(data);
  8572   0015AA  503B               	movf	write_ds1307@data^0,w,c
  8573   0015AC  EC8A  F00A         	call	_i2c_write
  8574   0015B0                     
  8575                           ;rtc.c: 70:  i2c_stop();
  8576   0015B0  EC80  F00A         	call	_i2c_stop	;wreg free
  8577   0015B4  0012               	return		;funcret
  8578   0015B6                     __end_of_write_ds1307:
  8579                           	callstack 0
  8580                           
  8581 ;; *************** function _read_ds1307 *****************
  8582 ;; Defined at:
  8583 ;;		line 73 in file "rtc.c"
  8584 ;; Parameters:    Size  Location     Type
  8585 ;;  address         1    wreg     unsigned char 
  8586 ;; Auto vars:     Size  Location     Type
  8587 ;;  address         1    1[COMRAM] unsigned char 
  8588 ;;  data            1    2[COMRAM] unsigned char 
  8589 ;; Return value:  Size  Location     Type
  8590 ;;                  1    wreg      unsigned char 
  8591 ;; Registers used:
  8592 ;;		wreg, status,2, cstack
  8593 ;; Tracked objects:
  8594 ;;		On entry : 0/0
  8595 ;;		On exit  : 0/0
  8596 ;;		Unchanged: 0/0
  8597 ;; Data sizes:     COMRAM   BANK0   BANK1   BANK2   BANK3   BANK4   BANK5
  8598 ;;      Params:         0       0       0       0       0       0       0
  8599 ;;      Locals:         2       0       0       0       0       0       0
  8600 ;;      Temps:          0       0       0       0       0       0       0
  8601 ;;      Totals:         2       0       0       0       0       0       0
  8602 ;;Total ram usage:        2 bytes
  8603 ;; Hardware stack levels used: 1
  8604 ;; This function calls:
  8605 ;;		_i2c_read
  8606 ;;		_i2c_rep_start
  8607 ;;		_i2c_start
  8608 ;;		_i2c_stop
  8609 ;;		_i2c_write
  8610 ;; This function is called by:
  8611 ;;		_get_time
  8612 ;;		_set_time
  8613 ;;		_init_ds1307
  8614 ;; This function uses a non-reentrant model
  8615 ;;
  8616                           
  8617                           	psect	text25
  8618   001686                     __ptext25:
  8619                           	callstack 0
  8620   001686                     _read_ds1307:
  8621                           	callstack 26
  8622                           
  8623                           ;incstack = 0
  8624                           ;read_ds1307@address stored from wreg
  8625   001686  6E34               	movwf	read_ds1307@address^0,c
  8626   001688                     
  8627                           ;rtc.c: 73: unsigned char read_ds1307(unsigned char address);rtc.c: 74: {;rtc.c: 75:  un
      +                          signed char data;;rtc.c: 77:  i2c_start();
  8628   001688  EC7C  F00A         	call	_i2c_start	;wreg free
  8629   00168C                     
  8630                           ;rtc.c: 78:  i2c_write(0xD0);
  8631   00168C  0ED0               	movlw	208
  8632   00168E  EC8A  F00A         	call	_i2c_write
  8633   001692                     
  8634                           ;rtc.c: 79:  i2c_write(address);
  8635   001692  5034               	movf	read_ds1307@address^0,w,c
  8636   001694  EC8A  F00A         	call	_i2c_write
  8637   001698                     
  8638                           ;rtc.c: 80:  i2c_rep_start();
  8639   001698  EC78  F00A         	call	_i2c_rep_start	;wreg free
  8640   00169C                     
  8641                           ;rtc.c: 81:  i2c_write(0xD1);
  8642   00169C  0ED1               	movlw	209
  8643   00169E  EC8A  F00A         	call	_i2c_write
  8644                           
  8645                           ;rtc.c: 82:  data = i2c_read();
  8646   0016A2  EC84  F00A         	call	_i2c_read	;wreg free
  8647   0016A6  6E35               	movwf	read_ds1307@data^0,c
  8648   0016A8                     
  8649                           ;rtc.c: 83:  i2c_stop();
  8650   0016A8  EC80  F00A         	call	_i2c_stop	;wreg free
  8651                           
  8652                           ;rtc.c: 85:  return data;
  8653   0016AC  5035               	movf	read_ds1307@data^0,w,c
  8654   0016AE  0012               	return		;funcret
  8655   0016B0                     __end_of_read_ds1307:
  8656                           	callstack 0
  8657                           
  8658 ;; *************** function _init_clcd *****************
  8659 ;; Defined at:
  8660 ;;		line 35 in file "clcd.c"
  8661 ;; Parameters:    Size  Location     Type
  8662 ;;		None
  8663 ;; Auto vars:     Size  Location     Type
  8664 ;;		None
  8665 ;; Return value:  Size  Location     Type
  8666 ;;                  1    wreg      void 
  8667 ;; Registers used:
  8668 ;;		wreg, status,2, status,0, cstack
  8669 ;; Tracked objects:
  8670 ;;		On entry : 0/0
  8671 ;;		On exit  : 0/0
  8672 ;;		Unchanged: 0/0
  8673 ;; Data sizes:     COMRAM   BANK0   BANK1   BANK2   BANK3   BANK4   BANK5
  8674 ;;      Params:         0       0       0       0       0       0       0
  8675 ;;      Locals:         0       0       0       0       0       0       0
  8676 ;;      Temps:          1       0       0       0       0       0       0
  8677 ;;      Totals:         1       0       0       0       0       0       0
  8678 ;;Total ram usage:        1 bytes
  8679 ;; Hardware stack levels used: 1
  8680 ;; Hardware stack levels required when called: 1
  8681 ;; This function calls:
  8682 ;;		_clcd_write
  8683 ;; This function is called by:
  8684 ;;		_init_config
  8685 ;; This function uses a non-reentrant model
  8686 ;;
  8687                           
  8688                           	psect	text26
  8689   001DEE                     __ptext26:
  8690                           	callstack 0
  8691   001DEE                     _init_clcd:
  8692                           	callstack 28
  8693   001DEE                     
  8694                           ;clcd.c: 38:  TRISD = 0x00;
  8695   001DEE  6A95               	clrf	149,c	;volatile
  8696   001DF0                     
  8697                           ;clcd.c: 40:  TRISC = TRISC & 0xF8;
  8698   001DF0  5094               	movf	148,w,c	;volatile
  8699   001DF2  0BF8               	andlw	248
  8700   001DF4  6E94               	movwf	148,c	;volatile
  8701   001DF6                     
  8702                           ;clcd.c: 42:  RC0 = 0;
  8703   001DF6  9082               	bcf	3970,0,c	;volatile
  8704   001DF8                     
  8705                           ;clcd.c: 46:     _delay((unsigned long)((30)*(20000000/4000.0)));
  8706   001DF8  0EC3               	movlw	195
  8707   001DFA  6E35               	movwf	??_init_clcd^0,c
  8708   001DFC  0ECD               	movlw	205
  8709   001DFE                     u2417:
  8710   001DFE  2EE8               	decfsz	wreg,f,c
  8711   001E00  D7FE               	bra	u2417
  8712   001E02  2E35               	decfsz	??_init_clcd^0,f,c
  8713   001E04  D7FC               	bra	u2417
  8714   001E06  0000               	nop	
  8715   001E08                     
  8716                           ;clcd.c: 49:     clcd_write(0x33, 0 );
  8717   001E08  0E00               	movlw	0
  8718   001E0A  6E33               	movwf	clcd_write@control_bit^0,c
  8719   001E0C  0E33               	movlw	51
  8720   001E0E  EC6F  F00B         	call	_clcd_write
  8721   001E12                     
  8722                           ;clcd.c: 50:     _delay((unsigned long)((4100)*(20000000/4000000.0)));
  8723   001E12  0E1B               	movlw	27
  8724   001E14  6E35               	movwf	??_init_clcd^0,c
  8725   001E16  0E9E               	movlw	158
  8726   001E18                     u2427:
  8727   001E18  2EE8               	decfsz	wreg,f,c
  8728   001E1A  D7FE               	bra	u2427
  8729   001E1C  2E35               	decfsz	??_init_clcd^0,f,c
  8730   001E1E  D7FC               	bra	u2427
  8731   001E20  D000               	nop2	
  8732   001E22                     
  8733                           ;clcd.c: 51:     clcd_write(0x33, 0 );
  8734   001E22  0E00               	movlw	0
  8735   001E24  6E33               	movwf	clcd_write@control_bit^0,c
  8736   001E26  0E33               	movlw	51
  8737   001E28  EC6F  F00B         	call	_clcd_write
  8738   001E2C                     
  8739                           ;clcd.c: 52:     _delay((unsigned long)((100)*(20000000/4000000.0)));
  8740   001E2C  0EA6               	movlw	166
  8741   001E2E                     u2437:
  8742   001E2E  2EE8               	decfsz	wreg,f,c
  8743   001E30  D7FE               	bra	u2437
  8744   001E32  D000               	nop2	
  8745   001E34                     
  8746                           ;clcd.c: 53:     clcd_write(0x33, 0 );
  8747   001E34  0E00               	movlw	0
  8748   001E36  6E33               	movwf	clcd_write@control_bit^0,c
  8749   001E38  0E33               	movlw	51
  8750   001E3A  EC6F  F00B         	call	_clcd_write
  8751   001E3E                     
  8752                           ;clcd.c: 54:     _delay((unsigned long)((1)*(20000000/4000000.0)));
  8753   001E3E  D000               	nop2		;2 cycle nop
  8754   001E40  D000               	nop2		;2 cycle nop
  8755   001E42  0000               	nop	
  8756   001E44                     
  8757                           ;clcd.c: 56:     clcd_write(0x02, 0);
  8758   001E44  0E00               	movlw	0
  8759   001E46  6E33               	movwf	clcd_write@control_bit^0,c
  8760   001E48  0E02               	movlw	2
  8761   001E4A  EC6F  F00B         	call	_clcd_write
  8762   001E4E                     
  8763                           ;clcd.c: 57:     _delay((unsigned long)((100)*(20000000/4000000.0)));
  8764   001E4E  0EA6               	movlw	166
  8765   001E50                     u2447:
  8766   001E50  2EE8               	decfsz	wreg,f,c
  8767   001E52  D7FE               	bra	u2447
  8768   001E54  D000               	nop2	
  8769   001E56                     
  8770                           ;clcd.c: 58:     clcd_write(0x38, 0);
  8771   001E56  0E00               	movlw	0
  8772   001E58  6E33               	movwf	clcd_write@control_bit^0,c
  8773   001E5A  0E38               	movlw	56
  8774   001E5C  EC6F  F00B         	call	_clcd_write
  8775   001E60                     
  8776                           ;clcd.c: 59:     _delay((unsigned long)((100)*(20000000/4000000.0)));
  8777   001E60  0EA6               	movlw	166
  8778   001E62                     u2457:
  8779   001E62  2EE8               	decfsz	wreg,f,c
  8780   001E64  D7FE               	bra	u2457
  8781   001E66  D000               	nop2	
  8782   001E68                     
  8783                           ;clcd.c: 60:     clcd_write(0x01, 0);
  8784   001E68  0E00               	movlw	0
  8785   001E6A  6E33               	movwf	clcd_write@control_bit^0,c
  8786   001E6C  0E01               	movlw	1
  8787   001E6E  EC6F  F00B         	call	_clcd_write
  8788   001E72                     
  8789                           ;clcd.c: 61:     _delay((unsigned long)((500)*(20000000/4000000.0)));
  8790   001E72  0E04               	movlw	4
  8791   001E74  6E35               	movwf	??_init_clcd^0,c
  8792   001E76  0E3E               	movlw	62
  8793   001E78                     u2467:
  8794   001E78  2EE8               	decfsz	wreg,f,c
  8795   001E7A  D7FE               	bra	u2467
  8796   001E7C  2E35               	decfsz	??_init_clcd^0,f,c
  8797   001E7E  D7FC               	bra	u2467
  8798   001E80                     
  8799                           ;clcd.c: 62:     clcd_write(0x0C, 0);
  8800   001E80  0E00               	movlw	0
  8801   001E82  6E33               	movwf	clcd_write@control_bit^0,c
  8802   001E84  0E0C               	movlw	12
  8803   001E86  EC6F  F00B         	call	_clcd_write
  8804   001E8A                     
  8805                           ;clcd.c: 63:     _delay((unsigned long)((100)*(20000000/4000000.0)));
  8806   001E8A  0EA6               	movlw	166
  8807   001E8C                     u2477:
  8808   001E8C  2EE8               	decfsz	wreg,f,c
  8809   001E8E  D7FE               	bra	u2477
  8810   001E90  D000               	nop2	
  8811   001E92  0012               	return		;funcret
  8812   001E94                     __end_of_init_clcd:
  8813                           	callstack 0
  8814                           
  8815 ;; *************** function _init_adc *****************
  8816 ;; Defined at:
  8817 ;;		line 11 in file "adc.c"
  8818 ;; Parameters:    Size  Location     Type
  8819 ;;		None
  8820 ;; Auto vars:     Size  Location     Type
  8821 ;;		None
  8822 ;; Return value:  Size  Location     Type
  8823 ;;                  1    wreg      void 
  8824 ;; Registers used:
  8825 ;;		wreg, status,2
  8826 ;; Tracked objects:
  8827 ;;		On entry : 0/0
  8828 ;;		On exit  : 0/0
  8829 ;;		Unchanged: 0/0
  8830 ;; Data sizes:     COMRAM   BANK0   BANK1   BANK2   BANK3   BANK4   BANK5
  8831 ;;      Params:         0       0       0       0       0       0       0
  8832 ;;      Locals:         0       0       0       0       0       0       0
  8833 ;;      Temps:          0       0       0       0       0       0       0
  8834 ;;      Totals:         0       0       0       0       0       0       0
  8835 ;;Total ram usage:        0 bytes
  8836 ;; Hardware stack levels used: 1
  8837 ;; This function calls:
  8838 ;;		Nothing
  8839 ;; This function is called by:
  8840 ;;		_init_config
  8841 ;; This function uses a non-reentrant model
  8842 ;;
  8843                           
  8844                           	psect	text27
  8845   0015D4                     __ptext27:
  8846                           	callstack 0
  8847   0015D4                     _init_adc:
  8848                           	callstack 29
  8849   0015D4                     
  8850                           ;adc.c: 14:  ADFM = 1;
  8851   0015D4  8EC0               	bsf	4032,7,c	;volatile
  8852                           
  8853                           ;adc.c: 20:  ACQT2 = 0;
  8854   0015D6  9AC0               	bcf	4032,5,c	;volatile
  8855                           
  8856                           ;adc.c: 21:  ACQT1 = 1;
  8857   0015D8  88C0               	bsf	4032,4,c	;volatile
  8858                           
  8859                           ;adc.c: 22:  ACQT0 = 0;
  8860   0015DA  96C0               	bcf	4032,3,c	;volatile
  8861                           
  8862                           ;adc.c: 28:  ADCS0 = 0;
  8863   0015DC  90C0               	bcf	4032,0,c	;volatile
  8864                           
  8865                           ;adc.c: 29:  ADCS1 = 1;
  8866   0015DE  82C0               	bsf	4032,1,c	;volatile
  8867                           
  8868                           ;adc.c: 30:  ADCS2 = 0;
  8869   0015E0  94C0               	bcf	4032,2,c	;volatile
  8870                           
  8871                           ;adc.c: 33:  GODONE = 0;
  8872   0015E2  92C2               	bcf	4034,1,c	;volatile
  8873                           
  8874                           ;adc.c: 38:  VCFG1 = 0;
  8875   0015E4  9AC1               	bcf	4033,5,c	;volatile
  8876                           
  8877                           ;adc.c: 40:  VCFG0 = 0;
  8878   0015E6  98C1               	bcf	4033,4,c	;volatile
  8879                           
  8880                           ;adc.c: 43:  ADRESH = 0;
  8881   0015E8  6AC4               	clrf	196,c	;volatile
  8882                           
  8883                           ;adc.c: 44:  ADRESL = 0;
  8884   0015EA  6AC3               	clrf	195,c	;volatile
  8885                           
  8886                           ;adc.c: 47:  ADON = 1;
  8887   0015EC  80C2               	bsf	4034,0,c	;volatile
  8888   0015EE                     
  8889                           ;adc.c: 49:     ADCON1 = 0x0A;
  8890   0015EE  0E0A               	movlw	10
  8891   0015F0  6EC1               	movwf	193,c	;volatile
  8892   0015F2  0012               	return		;funcret
  8893   0015F4                     __end_of_init_adc:
  8894                           	callstack 0
  8895                           
  8896 ;; *************** function _download_log *****************
  8897 ;; Defined at:
  8898 ;;		line 322 in file "black_box.c"
  8899 ;; Parameters:    Size  Location     Type
  8900 ;;		None
  8901 ;; Auto vars:     Size  Location     Type
  8902 ;;  uart_log       17    7[COMRAM] unsigned char [17]
  8903 ;;  address         1   25[COMRAM] unsigned char 
  8904 ;;  uart_index      1   24[COMRAM] unsigned char 
  8905 ;; Return value:  Size  Location     Type
  8906 ;;                  1    wreg      void 
  8907 ;; Registers used:
  8908 ;;		wreg, fsr0l, fsr0h, status,2, status,0, tblptrl, tblptrh, tblptru, prodl, prodh, cstack
  8909 ;; Tracked objects:
  8910 ;;		On entry : 0/0
  8911 ;;		On exit  : 0/0
  8912 ;;		Unchanged: 0/0
  8913 ;; Data sizes:     COMRAM   BANK0   BANK1   BANK2   BANK3   BANK4   BANK5
  8914 ;;      Params:         0       0       0       0       0       0       0
  8915 ;;      Locals:        19       0       0       0       0       0       0
  8916 ;;      Temps:          2       0       0       0       0       0       0
  8917 ;;      Totals:        21       0       0       0       0       0       0
  8918 ;;Total ram usage:       21 bytes
  8919 ;; Hardware stack levels used: 1
  8920 ;; Hardware stack levels required when called: 4
  8921 ;; This function calls:
  8922 ;;		___lwmod
  8923 ;;		_clcd_print
  8924 ;;		_puts
  8925 ;;		_read_AT24C04
  8926 ;; This function is called by:
  8927 ;;		_main
  8928 ;; This function uses a non-reentrant model
  8929 ;;
  8930                           
  8931                           	psect	text28
  8932   002296                     __ptext28:
  8933                           	callstack 0
  8934   002296                     _download_log:
  8935                           	callstack 26
  8936   002296                     
  8937                           ;black_box.c: 327:     unsigned char address;;black_box.c: 328:     unsigned char uart_l
      +                          og[17];;black_box.c: 329:     unsigned char uart_index = 0;
  8938   002296  6A4B               	clrf	download_log@uart_index^0,c
  8939   002298                     
  8940                           ;black_box.c: 332:     if(count > 0)
  8941   002298  500B               	movf	_count^0,w,c
  8942   00229A  100C               	iorwf	(_count+1)^0,w,c
  8943   00229C  B4D8               	btfsc	status,2,c
  8944   00229E  EF53  F011         	goto	u1941
  8945   0022A2  EF55  F011         	goto	u1940
  8946   0022A6                     u1941:
  8947   0022A6  EFEE  F011         	goto	l3214
  8948   0022AA                     u1940:
  8949   0022AA                     
  8950                           ;black_box.c: 333:     {;black_box.c: 336:         puts("S.NO TIME     EVENT  SPEED\r\n"
      +                          );
  8951   0022AA  0E06               	movlw	low STR_28
  8952   0022AC  6E34               	movwf	puts@data^0,c
  8953   0022AE  0E2F               	movlw	high STR_28
  8954   0022B0  6E35               	movwf	(puts@data+1)^0,c
  8955   0022B2  EC52  F00C         	call	_puts	;wreg free
  8956                           
  8957                           ;black_box.c: 337:         while(uart_index < count && uart_index < 10)
  8958   0022B6  EFBE  F011         	goto	l3208
  8959   0022BA                     l3146:
  8960                           
  8961                           ;black_box.c: 338:             {;black_box.c: 341:                 address = uart_index 
      +                          * 10;
  8962   0022BA  504B               	movf	download_log@uart_index^0,w,c
  8963   0022BC  0D0A               	mullw	10
  8964   0022BE  CFF3 F04C          	movff	prodl,download_log@address
  8965   0022C2                     
  8966                           ;black_box.c: 344:                 uart_log[0] = ((count - 1 - uart_index + 10) % 10) + 
      +                          '0';
  8967   0022C2  504B               	movf	download_log@uart_index^0,w,c
  8968   0022C4  5C0B               	subwf	_count^0,w,c
  8969   0022C6  6E38               	movwf	??_download_log^0,c
  8970   0022C8  0E00               	movlw	0
  8971   0022CA  580C               	subwfb	(_count+1)^0,w,c
  8972   0022CC  6E39               	movwf	(??_download_log+1)^0,c
  8973   0022CE  0E09               	movlw	9
  8974   0022D0  2438               	addwf	??_download_log^0,w,c
  8975   0022D2  6E33               	movwf	___lwmod@dividend^0,c
  8976   0022D4  0E00               	movlw	0
  8977   0022D6  2039               	addwfc	(??_download_log+1)^0,w,c
  8978   0022D8  6E34               	movwf	(___lwmod@dividend+1)^0,c
  8979   0022DA  6A36               	clrf	(___lwmod@divisor+1)^0,c
  8980   0022DC  0E0A               	movlw	10
  8981   0022DE  6E35               	movwf	___lwmod@divisor^0,c
  8982   0022E0  ECB2  F00C         	call	___lwmod	;wreg free
  8983   0022E4  5033               	movf	?___lwmod^0,w,c
  8984   0022E6  0F30               	addlw	48
  8985   0022E8  6E3A               	movwf	download_log@uart_log^0,c
  8986   0022EA                     
  8987                           ;black_box.c: 345:                 uart_log[1] = ' ';
  8988   0022EA  0E20               	movlw	32
  8989   0022EC  6E3B               	movwf	(download_log@uart_log+1)^0,c
  8990   0022EE                     
  8991                           ;black_box.c: 347:                 uart_log[2] = read_AT24C04(address++);
  8992   0022EE  504C               	movf	download_log@address^0,w,c
  8993   0022F0  EC2E  F00B         	call	_read_AT24C04
  8994   0022F4  6E3C               	movwf	(download_log@uart_log+2)^0,c
  8995   0022F6  2A4C               	incf	download_log@address^0,f,c
  8996   0022F8                     
  8997                           ;black_box.c: 348:                 uart_log[3] = read_AT24C04(address++);
  8998   0022F8  504C               	movf	download_log@address^0,w,c
  8999   0022FA  EC2E  F00B         	call	_read_AT24C04
  9000   0022FE  6E3D               	movwf	(download_log@uart_log+3)^0,c
  9001   002300  2A4C               	incf	download_log@address^0,f,c
  9002   002302                     
  9003                           ;black_box.c: 349:                 uart_log[4] = ':';
  9004   002302  0E3A               	movlw	58
  9005   002304  6E3E               	movwf	(download_log@uart_log+4)^0,c
  9006   002306                     
  9007                           ;black_box.c: 351:                 uart_log[5] = read_AT24C04(address++);
  9008   002306  504C               	movf	download_log@address^0,w,c
  9009   002308  EC2E  F00B         	call	_read_AT24C04
  9010   00230C  6E3F               	movwf	(download_log@uart_log+5)^0,c
  9011   00230E  2A4C               	incf	download_log@address^0,f,c
  9012   002310                     
  9013                           ;black_box.c: 352:                 uart_log[6] = read_AT24C04(address++);
  9014   002310  504C               	movf	download_log@address^0,w,c
  9015   002312  EC2E  F00B         	call	_read_AT24C04
  9016   002316  6E40               	movwf	(download_log@uart_log+6)^0,c
  9017   002318  2A4C               	incf	download_log@address^0,f,c
  9018   00231A                     
  9019                           ;black_box.c: 353:                 uart_log[7] = ':';
  9020   00231A  0E3A               	movlw	58
  9021   00231C  6E41               	movwf	(download_log@uart_log+7)^0,c
  9022   00231E                     
  9023                           ;black_box.c: 355:                 uart_log[8] = read_AT24C04(address++);
  9024   00231E  504C               	movf	download_log@address^0,w,c
  9025   002320  EC2E  F00B         	call	_read_AT24C04
  9026   002324  6E42               	movwf	(download_log@uart_log+8)^0,c
  9027   002326  2A4C               	incf	download_log@address^0,f,c
  9028   002328                     
  9029                           ;black_box.c: 356:                 uart_log[9] = read_AT24C04(address++);
  9030   002328  504C               	movf	download_log@address^0,w,c
  9031   00232A  EC2E  F00B         	call	_read_AT24C04
  9032   00232E  6E43               	movwf	(download_log@uart_log+9)^0,c
  9033   002330  2A4C               	incf	download_log@address^0,f,c
  9034   002332                     
  9035                           ;black_box.c: 358:                 uart_log[10] = ' ';
  9036   002332  0E20               	movlw	32
  9037   002334  6E44               	movwf	(download_log@uart_log+10)^0,c
  9038   002336                     
  9039                           ;black_box.c: 360:                 uart_log[11] = read_AT24C04(address++);
  9040   002336  504C               	movf	download_log@address^0,w,c
  9041   002338  EC2E  F00B         	call	_read_AT24C04
  9042   00233C  6E45               	movwf	(download_log@uart_log+11)^0,c
  9043   00233E  2A4C               	incf	download_log@address^0,f,c
  9044   002340                     
  9045                           ;black_box.c: 361:                 uart_log[12] = read_AT24C04(address++);
  9046   002340  504C               	movf	download_log@address^0,w,c
  9047   002342  EC2E  F00B         	call	_read_AT24C04
  9048   002346  6E46               	movwf	(download_log@uart_log+12)^0,c
  9049   002348  2A4C               	incf	download_log@address^0,f,c
  9050   00234A                     
  9051                           ;black_box.c: 363:                 uart_log[13] = ' ';
  9052   00234A  0E20               	movlw	32
  9053   00234C  6E47               	movwf	(download_log@uart_log+13)^0,c
  9054   00234E                     
  9055                           ;black_box.c: 365:                 uart_log[14] = read_AT24C04(address++);
  9056   00234E  504C               	movf	download_log@address^0,w,c
  9057   002350  EC2E  F00B         	call	_read_AT24C04
  9058   002354  6E48               	movwf	(download_log@uart_log+14)^0,c
  9059   002356  2A4C               	incf	download_log@address^0,f,c
  9060   002358                     
  9061                           ;black_box.c: 366:                 uart_log[15] = read_AT24C04(address++);
  9062   002358  504C               	movf	download_log@address^0,w,c
  9063   00235A  EC2E  F00B         	call	_read_AT24C04
  9064   00235E  6E49               	movwf	(download_log@uart_log+15)^0,c
  9065   002360  2A4C               	incf	download_log@address^0,f,c
  9066   002362                     
  9067                           ;black_box.c: 368:                 uart_log[16] = '\0';
  9068   002362  6A4A               	clrf	(download_log@uart_log+16)^0,c
  9069   002364                     
  9070                           ;black_box.c: 370:                 puts(uart_log);
  9071   002364  0E3A               	movlw	low download_log@uart_log
  9072   002366  6E34               	movwf	puts@data^0,c
  9073   002368  6A35               	clrf	(puts@data+1)^0,c
  9074   00236A  EC52  F00C         	call	_puts	;wreg free
  9075   00236E                     
  9076                           ;black_box.c: 371:                 puts("\r\n");
  9077   00236E  0E20               	movlw	low (STR_28+26)
  9078   002370  6E34               	movwf	puts@data^0,c
  9079   002372  0E2F               	movlw	high (STR_28+26)
  9080   002374  6E35               	movwf	(puts@data+1)^0,c
  9081   002376  EC52  F00C         	call	_puts	;wreg free
  9082   00237A                     
  9083                           ;black_box.c: 372:                 uart_index++;
  9084   00237A  2A4B               	incf	download_log@uart_index^0,f,c
  9085   00237C                     l3208:
  9086                           
  9087                           ;black_box.c: 337:         while(uart_index < count && uart_index < 10)
  9088   00237C  504B               	movf	download_log@uart_index^0,w,c
  9089   00237E  6E38               	movwf	??_download_log^0,c
  9090   002380  6A39               	clrf	(??_download_log+1)^0,c
  9091   002382  500B               	movf	_count^0,w,c
  9092   002384  5C38               	subwf	??_download_log^0,w,c
  9093   002386  500C               	movf	(_count+1)^0,w,c
  9094   002388  5839               	subwfb	(??_download_log+1)^0,w,c
  9095   00238A  B0D8               	btfsc	status,0,c
  9096   00238C  EFCA  F011         	goto	u1951
  9097   002390  EFCC  F011         	goto	u1950
  9098   002394                     u1951:
  9099   002394  EFD4  F011         	goto	l3212
  9100   002398                     u1950:
  9101   002398  0E09               	movlw	9
  9102   00239A  644B               	cpfsgt	download_log@uart_index^0,c
  9103   00239C  EFD2  F011         	goto	u1961
  9104   0023A0  EFD4  F011         	goto	u1960
  9105   0023A4                     u1961:
  9106   0023A4  EF5D  F011         	goto	l3146
  9107   0023A8                     u1960:
  9108   0023A8                     l3212:
  9109                           
  9110                           ;black_box.c: 376:         clcd_print("                ",(0x80 + (0)));
  9111   0023A8  0E4A               	movlw	low STR_1
  9112   0023AA  6E35               	movwf	clcd_print@data^0,c
  9113   0023AC  0E2F               	movlw	high STR_1
  9114   0023AE  6E36               	movwf	(clcd_print@data+1)^0,c
  9115   0023B0  0E80               	movlw	128
  9116   0023B2  6E37               	movwf	clcd_print@addr^0,c
  9117   0023B4  EC19  F00D         	call	_clcd_print	;wreg free
  9118                           
  9119                           ;black_box.c: 377:         clcd_print("DOWNLOADING...",(0x80 + (0)));
  9120   0023B8  0E7B               	movlw	low STR_31
  9121   0023BA  6E35               	movwf	clcd_print@data^0,c
  9122   0023BC  0E2F               	movlw	high STR_31
  9123   0023BE  6E36               	movwf	(clcd_print@data+1)^0,c
  9124   0023C0  0E80               	movlw	128
  9125   0023C2  6E37               	movwf	clcd_print@addr^0,c
  9126   0023C4  EC19  F00D         	call	_clcd_print	;wreg free
  9127                           
  9128                           ;black_box.c: 379:         clcd_print("                ",(0xC0 + (0)));
  9129   0023C8  0E4A               	movlw	low STR_1
  9130   0023CA  6E35               	movwf	clcd_print@data^0,c
  9131   0023CC  0E2F               	movlw	high STR_1
  9132   0023CE  6E36               	movwf	(clcd_print@data+1)^0,c
  9133   0023D0  0EC0               	movlw	192
  9134   0023D2  6E37               	movwf	clcd_print@addr^0,c
  9135   0023D4  EC19  F00D         	call	_clcd_print	;wreg free
  9136                           
  9137                           ;black_box.c: 382:     }
  9138   0023D8  EFFA  F011         	goto	l272
  9139   0023DC                     l3214:
  9140                           
  9141                           ;black_box.c: 384:     {;black_box.c: 385:         puts("     NO LOGS FOUND   ");
  9142   0023DC  0E23               	movlw	low STR_33
  9143   0023DE  6E34               	movwf	puts@data^0,c
  9144   0023E0  0E2F               	movlw	high STR_33
  9145   0023E2  6E35               	movwf	(puts@data+1)^0,c
  9146   0023E4  EC52  F00C         	call	_puts	;wreg free
  9147                           
  9148                           ;black_box.c: 386:         puts("\n\r");
  9149   0023E8  0EF5               	movlw	low STR_34
  9150   0023EA  6E34               	movwf	puts@data^0,c
  9151   0023EC  0E2F               	movlw	high STR_34
  9152   0023EE  6E35               	movwf	(puts@data+1)^0,c
  9153   0023F0  EC52  F00C         	call	_puts	;wreg free
  9154   0023F4                     l272:
  9155   0023F4  0012               	return		;funcret
  9156   0023F6                     __end_of_download_log:
  9157                           	callstack 0
  9158                           
  9159 ;; *************** function _read_AT24C04 *****************
  9160 ;; Defined at:
  9161 ;;		line 63 in file "external_eeprom.c"
  9162 ;; Parameters:    Size  Location     Type
  9163 ;;  address         1    wreg     unsigned char 
  9164 ;; Auto vars:     Size  Location     Type
  9165 ;;  address         1    1[COMRAM] unsigned char 
  9166 ;;  data            1    2[COMRAM] unsigned char 
  9167 ;; Return value:  Size  Location     Type
  9168 ;;                  1    wreg      unsigned char 
  9169 ;; Registers used:
  9170 ;;		wreg, status,2, cstack
  9171 ;; Tracked objects:
  9172 ;;		On entry : 0/0
  9173 ;;		On exit  : 0/0
  9174 ;;		Unchanged: 0/0
  9175 ;; Data sizes:     COMRAM   BANK0   BANK1   BANK2   BANK3   BANK4   BANK5
  9176 ;;      Params:         0       0       0       0       0       0       0
  9177 ;;      Locals:         2       0       0       0       0       0       0
  9178 ;;      Temps:          0       0       0       0       0       0       0
  9179 ;;      Totals:         2       0       0       0       0       0       0
  9180 ;;Total ram usage:        2 bytes
  9181 ;; Hardware stack levels used: 1
  9182 ;; This function calls:
  9183 ;;		_i2c_read
  9184 ;;		_i2c_rep_start
  9185 ;;		_i2c_start
  9186 ;;		_i2c_stop
  9187 ;;		_i2c_write
  9188 ;; This function is called by:
  9189 ;;		_view_log
  9190 ;;		_download_log
  9191 ;; This function uses a non-reentrant model
  9192 ;;
  9193                           
  9194                           	psect	text29
  9195   00165C                     __ptext29:
  9196                           	callstack 0
  9197   00165C                     _read_AT24C04:
  9198                           	callstack 29
  9199                           
  9200                           ;incstack = 0
  9201                           ;read_AT24C04@address stored from wreg
  9202   00165C  6E34               	movwf	read_AT24C04@address^0,c
  9203   00165E                     
  9204                           ;external_eeprom.c: 63: unsigned char read_AT24C04(unsigned char address);external_eepro
      +                          m.c: 64: {;external_eeprom.c: 65:  unsigned char data;;external_eeprom.c: 67:  i2c_start
      +                          ();
  9205   00165E  EC7C  F00A         	call	_i2c_start	;wreg free
  9206   001662                     
  9207                           ;external_eeprom.c: 68:  i2c_write(0xA0);
  9208   001662  0EA0               	movlw	160
  9209   001664  EC8A  F00A         	call	_i2c_write
  9210   001668                     
  9211                           ;external_eeprom.c: 69:  i2c_write(address);
  9212   001668  5034               	movf	read_AT24C04@address^0,w,c
  9213   00166A  EC8A  F00A         	call	_i2c_write
  9214   00166E                     
  9215                           ;external_eeprom.c: 70:  i2c_rep_start();
  9216   00166E  EC78  F00A         	call	_i2c_rep_start	;wreg free
  9217   001672                     
  9218                           ;external_eeprom.c: 71:  i2c_write(0xA1);
  9219   001672  0EA1               	movlw	161
  9220   001674  EC8A  F00A         	call	_i2c_write
  9221                           
  9222                           ;external_eeprom.c: 72:  data = i2c_read();
  9223   001678  EC84  F00A         	call	_i2c_read	;wreg free
  9224   00167C  6E35               	movwf	read_AT24C04@data^0,c
  9225   00167E                     
  9226                           ;external_eeprom.c: 73:  i2c_stop();
  9227   00167E  EC80  F00A         	call	_i2c_stop	;wreg free
  9228                           
  9229                           ;external_eeprom.c: 75:  return data;
  9230   001682  5035               	movf	read_AT24C04@data^0,w,c
  9231   001684  0012               	return		;funcret
  9232   001686                     __end_of_read_AT24C04:
  9233                           	callstack 0
  9234                           
  9235 ;; *************** function _i2c_write *****************
  9236 ;; Defined at:
  9237 ;;		line 61 in file "i2c.c"
  9238 ;; Parameters:    Size  Location     Type
  9239 ;;  data            1    wreg     unsigned char 
  9240 ;; Auto vars:     Size  Location     Type
  9241 ;;  data            1    0[COMRAM] unsigned char 
  9242 ;; Return value:  Size  Location     Type
  9243 ;;                  1    wreg      void 
  9244 ;; Registers used:
  9245 ;;		wreg, cstack
  9246 ;; Tracked objects:
  9247 ;;		On entry : 0/0
  9248 ;;		On exit  : 0/0
  9249 ;;		Unchanged: 0/0
  9250 ;; Data sizes:     COMRAM   BANK0   BANK1   BANK2   BANK3   BANK4   BANK5
  9251 ;;      Params:         0       0       0       0       0       0       0
  9252 ;;      Locals:         1       0       0       0       0       0       0
  9253 ;;      Temps:          0       0       0       0       0       0       0
  9254 ;;      Totals:         1       0       0       0       0       0       0
  9255 ;;Total ram usage:        1 bytes
  9256 ;; Hardware stack levels used: 1
  9257 ;; This function calls:
  9258 ;;		_i2c_idle
  9259 ;; This function is called by:
  9260 ;;		_write_AT24C04
  9261 ;;		_read_AT24C04
  9262 ;;		_write_ds1307
  9263 ;;		_read_ds1307
  9264 ;; This function uses a non-reentrant model
  9265 ;;
  9266                           
  9267                           	psect	text30
  9268   001514                     __ptext30:
  9269                           	callstack 0
  9270   001514                     _i2c_write:
  9271                           	callstack 25
  9272                           
  9273                           ;incstack = 0
  9274                           ;i2c_write@data stored from wreg
  9275   001514  6E33               	movwf	i2c_write@data^0,c
  9276   001516                     
  9277                           ;i2c.c: 61: void i2c_write(unsigned char data);i2c.c: 62: {;i2c.c: 63:  SSPBUF = data;
  9278   001516  C033  FFC9         	movff	i2c_write@data,4041	;volatile
  9279   00151A                     
  9280                           ;i2c.c: 64:  i2c_idle();
  9281   00151A  EC96  F00A         	call	_i2c_idle	;wreg free
  9282   00151E  0012               	return		;funcret
  9283   001520                     __end_of_i2c_write:
  9284                           	callstack 0
  9285                           
  9286 ;; *************** function _i2c_stop *****************
  9287 ;; Defined at:
  9288 ;;		line 50 in file "i2c.c"
  9289 ;; Parameters:    Size  Location     Type
  9290 ;;		None
  9291 ;; Auto vars:     Size  Location     Type
  9292 ;;		None
  9293 ;; Return value:  Size  Location     Type
  9294 ;;                  1    wreg      void 
  9295 ;; Registers used:
  9296 ;;		cstack
  9297 ;; Tracked objects:
  9298 ;;		On entry : 0/0
  9299 ;;		On exit  : 0/0
  9300 ;;		Unchanged: 0/0
  9301 ;; Data sizes:     COMRAM   BANK0   BANK1   BANK2   BANK3   BANK4   BANK5
  9302 ;;      Params:         0       0       0       0       0       0       0
  9303 ;;      Locals:         0       0       0       0       0       0       0
  9304 ;;      Temps:          0       0       0       0       0       0       0
  9305 ;;      Totals:         0       0       0       0       0       0       0
  9306 ;;Total ram usage:        0 bytes
  9307 ;; Hardware stack levels used: 1
  9308 ;; This function calls:
  9309 ;;		_i2c_idle
  9310 ;; This function is called by:
  9311 ;;		_write_AT24C04
  9312 ;;		_read_AT24C04
  9313 ;;		_write_ds1307
  9314 ;;		_read_ds1307
  9315 ;; This function uses a non-reentrant model
  9316 ;;
  9317                           
  9318                           	psect	text31
  9319   001500                     __ptext31:
  9320                           	callstack 0
  9321   001500                     _i2c_stop:
  9322                           	callstack 25
  9323   001500                     
  9324                           ;i2c.c: 52:  PEN = 1;
  9325   001500  84C5               	bsf	4037,2,c	;volatile
  9326   001502                     
  9327                           ;i2c.c: 53:  i2c_idle();
  9328   001502  EC96  F00A         	call	_i2c_idle	;wreg free
  9329   001506  0012               	return		;funcret
  9330   001508                     __end_of_i2c_stop:
  9331                           	callstack 0
  9332                           
  9333 ;; *************** function _i2c_start *****************
  9334 ;; Defined at:
  9335 ;;		line 44 in file "i2c.c"
  9336 ;; Parameters:    Size  Location     Type
  9337 ;;		None
  9338 ;; Auto vars:     Size  Location     Type
  9339 ;;		None
  9340 ;; Return value:  Size  Location     Type
  9341 ;;                  1    wreg      void 
  9342 ;; Registers used:
  9343 ;;		cstack
  9344 ;; Tracked objects:
  9345 ;;		On entry : 0/0
  9346 ;;		On exit  : 0/0
  9347 ;;		Unchanged: 0/0
  9348 ;; Data sizes:     COMRAM   BANK0   BANK1   BANK2   BANK3   BANK4   BANK5
  9349 ;;      Params:         0       0       0       0       0       0       0
  9350 ;;      Locals:         0       0       0       0       0       0       0
  9351 ;;      Temps:          0       0       0       0       0       0       0
  9352 ;;      Totals:         0       0       0       0       0       0       0
  9353 ;;Total ram usage:        0 bytes
  9354 ;; Hardware stack levels used: 1
  9355 ;; This function calls:
  9356 ;;		_i2c_idle
  9357 ;; This function is called by:
  9358 ;;		_write_AT24C04
  9359 ;;		_read_AT24C04
  9360 ;;		_write_ds1307
  9361 ;;		_read_ds1307
  9362 ;; This function uses a non-reentrant model
  9363 ;;
  9364                           
  9365                           	psect	text32
  9366   0014F8                     __ptext32:
  9367                           	callstack 0
  9368   0014F8                     _i2c_start:
  9369                           	callstack 25
  9370   0014F8                     
  9371                           ;i2c.c: 46:  SEN = 1;
  9372   0014F8  80C5               	bsf	4037,0,c	;volatile
  9373   0014FA                     
  9374                           ;i2c.c: 47:  i2c_idle();
  9375   0014FA  EC96  F00A         	call	_i2c_idle	;wreg free
  9376   0014FE  0012               	return		;funcret
  9377   001500                     __end_of_i2c_start:
  9378                           	callstack 0
  9379                           
  9380 ;; *************** function _i2c_rep_start *****************
  9381 ;; Defined at:
  9382 ;;		line 56 in file "i2c.c"
  9383 ;; Parameters:    Size  Location     Type
  9384 ;;		None
  9385 ;; Auto vars:     Size  Location     Type
  9386 ;;		None
  9387 ;; Return value:  Size  Location     Type
  9388 ;;                  1    wreg      void 
  9389 ;; Registers used:
  9390 ;;		cstack
  9391 ;; Tracked objects:
  9392 ;;		On entry : 0/0
  9393 ;;		On exit  : 0/0
  9394 ;;		Unchanged: 0/0
  9395 ;; Data sizes:     COMRAM   BANK0   BANK1   BANK2   BANK3   BANK4   BANK5
  9396 ;;      Params:         0       0       0       0       0       0       0
  9397 ;;      Locals:         0       0       0       0       0       0       0
  9398 ;;      Temps:          0       0       0       0       0       0       0
  9399 ;;      Totals:         0       0       0       0       0       0       0
  9400 ;;Total ram usage:        0 bytes
  9401 ;; Hardware stack levels used: 1
  9402 ;; This function calls:
  9403 ;;		_i2c_idle
  9404 ;; This function is called by:
  9405 ;;		_read_AT24C04
  9406 ;;		_read_ds1307
  9407 ;; This function uses a non-reentrant model
  9408 ;;
  9409                           
  9410                           	psect	text33
  9411   0014F0                     __ptext33:
  9412                           	callstack 0
  9413   0014F0                     _i2c_rep_start:
  9414                           	callstack 25
  9415   0014F0                     
  9416                           ;i2c.c: 58:  RSEN = 1;
  9417   0014F0  82C5               	bsf	4037,1,c	;volatile
  9418   0014F2                     
  9419                           ;i2c.c: 59:  i2c_idle();
  9420   0014F2  EC96  F00A         	call	_i2c_idle	;wreg free
  9421   0014F6  0012               	return		;funcret
  9422   0014F8                     __end_of_i2c_rep_start:
  9423                           	callstack 0
  9424                           
  9425 ;; *************** function _i2c_read *****************
  9426 ;; Defined at:
  9427 ;;		line 79 in file "i2c.c"
  9428 ;; Parameters:    Size  Location     Type
  9429 ;;		None
  9430 ;; Auto vars:     Size  Location     Type
  9431 ;;		None
  9432 ;; Return value:  Size  Location     Type
  9433 ;;                  1    wreg      unsigned char 
  9434 ;; Registers used:
  9435 ;;		wreg, status,2, cstack
  9436 ;; Tracked objects:
  9437 ;;		On entry : 0/0
  9438 ;;		On exit  : 0/0
  9439 ;;		Unchanged: 0/0
  9440 ;; Data sizes:     COMRAM   BANK0   BANK1   BANK2   BANK3   BANK4   BANK5
  9441 ;;      Params:         0       0       0       0       0       0       0
  9442 ;;      Locals:         0       0       0       0       0       0       0
  9443 ;;      Temps:          0       0       0       0       0       0       0
  9444 ;;      Totals:         0       0       0       0       0       0       0
  9445 ;;Total ram usage:        0 bytes
  9446 ;; Hardware stack levels used: 1
  9447 ;; This function calls:
  9448 ;;		_i2c_no_ack
  9449 ;;		_i2c_rx_mode
  9450 ;; This function is called by:
  9451 ;;		_read_AT24C04
  9452 ;;		_read_ds1307
  9453 ;; This function uses a non-reentrant model
  9454 ;;
  9455                           
  9456                           	psect	text34
  9457   001508                     __ptext34:
  9458                           	callstack 0
  9459   001508                     _i2c_read:
  9460                           	callstack 25
  9461   001508                     
  9462                           ;i2c.c: 81:  i2c_rx_mode();
  9463   001508  EC74  F00A         	call	_i2c_rx_mode	;wreg free
  9464                           
  9465                           ;i2c.c: 82:  i2c_no_ack();
  9466   00150C  EC71  F00A         	call	_i2c_no_ack	;wreg free
  9467   001510                     
  9468                           ;i2c.c: 84:  return SSPBUF;
  9469   001510  50C9               	movf	201,w,c	;volatile
  9470   001512  0012               	return		;funcret
  9471   001514                     __end_of_i2c_read:
  9472                           	callstack 0
  9473                           
  9474 ;; *************** function _i2c_rx_mode *****************
  9475 ;; Defined at:
  9476 ;;		line 67 in file "i2c.c"
  9477 ;; Parameters:    Size  Location     Type
  9478 ;;		None
  9479 ;; Auto vars:     Size  Location     Type
  9480 ;;		None
  9481 ;; Return value:  Size  Location     Type
  9482 ;;                  1    wreg      void 
  9483 ;; Registers used:
  9484 ;;		cstack
  9485 ;; Tracked objects:
  9486 ;;		On entry : 0/0
  9487 ;;		On exit  : 0/0
  9488 ;;		Unchanged: 0/0
  9489 ;; Data sizes:     COMRAM   BANK0   BANK1   BANK2   BANK3   BANK4   BANK5
  9490 ;;      Params:         0       0       0       0       0       0       0
  9491 ;;      Locals:         0       0       0       0       0       0       0
  9492 ;;      Temps:          0       0       0       0       0       0       0
  9493 ;;      Totals:         0       0       0       0       0       0       0
  9494 ;;Total ram usage:        0 bytes
  9495 ;; Hardware stack levels used: 1
  9496 ;; Hardware stack levels required when called: 1
  9497 ;; This function calls:
  9498 ;;		_i2c_idle
  9499 ;; This function is called by:
  9500 ;;		_i2c_read
  9501 ;; This function uses a non-reentrant model
  9502 ;;
  9503                           
  9504                           	psect	text35
  9505   0014E8                     __ptext35:
  9506                           	callstack 0
  9507   0014E8                     _i2c_rx_mode:
  9508                           	callstack 23
  9509   0014E8                     
  9510                           ;i2c.c: 69:  RCEN = 1;
  9511   0014E8  86C5               	bsf	4037,3,c	;volatile
  9512   0014EA                     
  9513                           ;i2c.c: 70:  i2c_idle();
  9514   0014EA  EC96  F00A         	call	_i2c_idle	;wreg free
  9515   0014EE  0012               	return		;funcret
  9516   0014F0                     __end_of_i2c_rx_mode:
  9517                           	callstack 0
  9518                           
  9519 ;; *************** function _i2c_idle *****************
  9520 ;; Defined at:
  9521 ;;		line 30 in file "i2c.c"
  9522 ;; Parameters:    Size  Location     Type
  9523 ;;		None
  9524 ;; Auto vars:     Size  Location     Type
  9525 ;;		None
  9526 ;; Return value:  Size  Location     Type
  9527 ;;                  1    wreg      void 
  9528 ;; Registers used:
  9529 ;;		None
  9530 ;; Tracked objects:
  9531 ;;		On entry : 0/0
  9532 ;;		On exit  : 0/0
  9533 ;;		Unchanged: 0/0
  9534 ;; Data sizes:     COMRAM   BANK0   BANK1   BANK2   BANK3   BANK4   BANK5
  9535 ;;      Params:         0       0       0       0       0       0       0
  9536 ;;      Locals:         0       0       0       0       0       0       0
  9537 ;;      Temps:          0       0       0       0       0       0       0
  9538 ;;      Totals:         0       0       0       0       0       0       0
  9539 ;;Total ram usage:        0 bytes
  9540 ;; Hardware stack levels used: 1
  9541 ;; This function calls:
  9542 ;;		Nothing
  9543 ;; This function is called by:
  9544 ;;		_i2c_start
  9545 ;;		_i2c_stop
  9546 ;;		_i2c_rep_start
  9547 ;;		_i2c_write
  9548 ;;		_i2c_rx_mode
  9549 ;; This function uses a non-reentrant model
  9550 ;;
  9551                           
  9552                           	psect	text36
  9553   00152C                     __ptext36:
  9554                           	callstack 0
  9555   00152C                     _i2c_idle:
  9556                           	callstack 23
  9557   00152C                     l414:
  9558   00152C  A69E               	btfss	3998,3,c	;volatile
  9559   00152E  EF9B  F00A         	goto	u1241
  9560   001532  EF9D  F00A         	goto	u1240
  9561   001536                     u1241:
  9562   001536  EF96  F00A         	goto	l414
  9563   00153A                     u1240:
  9564   00153A                     
  9565                           ;i2c.c: 33:  SSPIF = 0;
  9566   00153A  969E               	bcf	3998,3,c	;volatile
  9567   00153C  0012               	return		;funcret
  9568   00153E                     __end_of_i2c_idle:
  9569                           	callstack 0
  9570                           
  9571 ;; *************** function _i2c_no_ack *****************
  9572 ;; Defined at:
  9573 ;;		line 73 in file "i2c.c"
  9574 ;; Parameters:    Size  Location     Type
  9575 ;;		None
  9576 ;; Auto vars:     Size  Location     Type
  9577 ;;		None
  9578 ;; Return value:  Size  Location     Type
  9579 ;;                  1    wreg      void 
  9580 ;; Registers used:
  9581 ;;		None
  9582 ;; Tracked objects:
  9583 ;;		On entry : 0/0
  9584 ;;		On exit  : 0/0
  9585 ;;		Unchanged: 0/0
  9586 ;; Data sizes:     COMRAM   BANK0   BANK1   BANK2   BANK3   BANK4   BANK5
  9587 ;;      Params:         0       0       0       0       0       0       0
  9588 ;;      Locals:         0       0       0       0       0       0       0
  9589 ;;      Temps:          0       0       0       0       0       0       0
  9590 ;;      Totals:         0       0       0       0       0       0       0
  9591 ;;Total ram usage:        0 bytes
  9592 ;; Hardware stack levels used: 1
  9593 ;; This function calls:
  9594 ;;		Nothing
  9595 ;; This function is called by:
  9596 ;;		_i2c_read
  9597 ;; This function uses a non-reentrant model
  9598 ;;
  9599                           
  9600                           	psect	text37
  9601   0014E2                     __ptext37:
  9602                           	callstack 0
  9603   0014E2                     _i2c_no_ack:
  9604                           	callstack 24
  9605   0014E2                     
  9606                           ;i2c.c: 75:  ACKDT = 1;
  9607   0014E2  8AC5               	bsf	4037,5,c	;volatile
  9608                           
  9609                           ;i2c.c: 76:  ACKEN = 1;
  9610   0014E4  88C5               	bsf	4037,4,c	;volatile
  9611   0014E6  0012               	return		;funcret
  9612   0014E8                     __end_of_i2c_no_ack:
  9613                           	callstack 0
  9614                           
  9615 ;; *************** function _puts *****************
  9616 ;; Defined at:
  9617 ;;		line 64 in file "uart.c"
  9618 ;; Parameters:    Size  Location     Type
  9619 ;;  data            2    1[COMRAM] PTR unsigned char 
  9620 ;;		 -> STR_34(3), STR_33(22), STR_29(3), download_log@uart_log(17), 
  9621 ;;		 -> STR_28(29), 
  9622 ;; Auto vars:     Size  Location     Type
  9623 ;;		None
  9624 ;; Return value:  Size  Location     Type
  9625 ;;                  1    wreg      void 
  9626 ;; Registers used:
  9627 ;;		wreg, fsr0l, fsr0h, status,2, status,0, tblptrl, tblptrh, tblptru, cstack
  9628 ;; Tracked objects:
  9629 ;;		On entry : 0/0
  9630 ;;		On exit  : 0/0
  9631 ;;		Unchanged: 0/0
  9632 ;; Data sizes:     COMRAM   BANK0   BANK1   BANK2   BANK3   BANK4   BANK5
  9633 ;;      Params:         2       0       0       0       0       0       0
  9634 ;;      Locals:         0       0       0       0       0       0       0
  9635 ;;      Temps:          0       0       0       0       0       0       0
  9636 ;;      Totals:         2       0       0       0       0       0       0
  9637 ;;Total ram usage:        2 bytes
  9638 ;; Hardware stack levels used: 1
  9639 ;; Hardware stack levels required when called: 1
  9640 ;; This function calls:
  9641 ;;		_putchar
  9642 ;; This function is called by:
  9643 ;;		_download_log
  9644 ;; This function uses a non-reentrant model
  9645 ;;
  9646                           
  9647                           	psect	text38
  9648   0018A4                     __ptext38:
  9649                           	callstack 0
  9650   0018A4                     _puts:
  9651                           	callstack 28
  9652   0018A4                     
  9653                           ;uart.c: 64: void puts(unsigned char *data);uart.c: 65: {;uart.c: 66:     while(*data !=
      +                           '\0')
  9654   0018A4  EF68  F00C         	goto	l2840
  9655   0018A8                     l2836:
  9656                           
  9657                           ;uart.c: 67:     {;uart.c: 68:         putchar(*data);
  9658   0018A8  C034  FFF6         	movff	puts@data,tblptrl
  9659   0018AC  C035  FFF7         	movff	puts@data+1,tblptrh
  9660   0018B0  6AF8               	clrf	tblptru,c
  9661   0018B2  0E05               	movlw	(high __ramtop+-1)
  9662   0018B4  64F7               	cpfsgt	tblptrh,c
  9663   0018B6  D003               	bra	u1517
  9664   0018B8  0008               	tblrd		*
  9665   0018BA  50F5               	movf	tablat,w,c
  9666   0018BC  D005               	bra	u1510
  9667   0018BE                     u1517:
  9668   0018BE  CFF6 FFE9          	movff	tblptrl,fsr0l
  9669   0018C2  CFF7 FFEA          	movff	tblptrh,fsr0h
  9670   0018C6  50EF               	movf	indf0,w,c
  9671   0018C8                     u1510:
  9672   0018C8  EC9F  F00A         	call	_putchar
  9673   0018CC                     
  9674                           ;uart.c: 69:         data++;
  9675   0018CC  4A34               	infsnz	puts@data^0,f,c
  9676   0018CE  2A35               	incf	(puts@data+1)^0,f,c
  9677   0018D0                     l2840:
  9678                           
  9679                           ;uart.c: 66:     while(*data != '\0')
  9680   0018D0  C034  FFF6         	movff	puts@data,tblptrl
  9681   0018D4  C035  FFF7         	movff	puts@data+1,tblptrh
  9682   0018D8  6AF8               	clrf	tblptru,c
  9683   0018DA  0E05               	movlw	(high __ramtop+-1)
  9684   0018DC  64F7               	cpfsgt	tblptrh,c
  9685   0018DE  D003               	bra	u1527
  9686   0018E0  0008               	tblrd		*
  9687   0018E2  50F5               	movf	tablat,w,c
  9688   0018E4  D005               	bra	u1520
  9689   0018E6                     u1527:
  9690   0018E6  CFF6 FFE9          	movff	tblptrl,fsr0l
  9691   0018EA  CFF7 FFEA          	movff	tblptrh,fsr0h
  9692   0018EE  50EF               	movf	indf0,w,c
  9693   0018F0                     u1520:
  9694   0018F0  0900               	iorlw	0
  9695   0018F2  A4D8               	btfss	status,2,c
  9696   0018F4  EF7E  F00C         	goto	u1531
  9697   0018F8  EF80  F00C         	goto	u1530
  9698   0018FC                     u1531:
  9699   0018FC  EF54  F00C         	goto	l2836
  9700   001900                     u1530:
  9701   001900  0012               	return		;funcret
  9702   001902                     __end_of_puts:
  9703                           	callstack 0
  9704                           
  9705 ;; *************** function _putchar *****************
  9706 ;; Defined at:
  9707 ;;		line 49 in file "uart.c"
  9708 ;; Parameters:    Size  Location     Type
  9709 ;;  data            1    wreg     unsigned char 
  9710 ;; Auto vars:     Size  Location     Type
  9711 ;;  data            1    0[COMRAM] unsigned char 
  9712 ;; Return value:  Size  Location     Type
  9713 ;;                  1    wreg      void 
  9714 ;; Registers used:
  9715 ;;		wreg
  9716 ;; Tracked objects:
  9717 ;;		On entry : 0/0
  9718 ;;		On exit  : 0/0
  9719 ;;		Unchanged: 0/0
  9720 ;; Data sizes:     COMRAM   BANK0   BANK1   BANK2   BANK3   BANK4   BANK5
  9721 ;;      Params:         0       0       0       0       0       0       0
  9722 ;;      Locals:         1       0       0       0       0       0       0
  9723 ;;      Temps:          0       0       0       0       0       0       0
  9724 ;;      Totals:         1       0       0       0       0       0       0
  9725 ;;Total ram usage:        1 bytes
  9726 ;; Hardware stack levels used: 1
  9727 ;; This function calls:
  9728 ;;		Nothing
  9729 ;; This function is called by:
  9730 ;;		_puts
  9731 ;; This function uses a non-reentrant model
  9732 ;;
  9733                           
  9734                           	psect	text39
  9735   00153E                     __ptext39:
  9736                           	callstack 0
  9737   00153E                     _putchar:
  9738                           	callstack 28
  9739                           
  9740                           ;incstack = 0
  9741                           ;putchar@data stored from wreg
  9742   00153E  6E33               	movwf	putchar@data^0,c
  9743   001540                     l555:
  9744   001540  A89E               	btfss	3998,4,c	;volatile
  9745   001542  EFA5  F00A         	goto	u251
  9746   001546  EFA7  F00A         	goto	u250
  9747   00154A                     u251:
  9748   00154A  EFA0  F00A         	goto	l555
  9749   00154E                     u250:
  9750   00154E                     
  9751                           ;uart.c: 53:     TXREG = data;
  9752   00154E  C033  FFAD         	movff	putchar@data,4013	;volatile
  9753   001552  0012               	return		;funcret
  9754   001554                     __end_of_putchar:
  9755                           	callstack 0
  9756                           
  9757 ;; *************** function ___lwmod *****************
  9758 ;; Defined at:
  9759 ;;		line 7 in file "C:\Program Files\Microchip\xc8\v3.10\pic\sources\c99\common\lwmod.c"
  9760 ;; Parameters:    Size  Location     Type
  9761 ;;  dividend        2    0[COMRAM] unsigned int 
  9762 ;;  divisor         2    2[COMRAM] unsigned int 
  9763 ;; Auto vars:     Size  Location     Type
  9764 ;;  counter         1    4[COMRAM] unsigned char 
  9765 ;; Return value:  Size  Location     Type
  9766 ;;                  2    0[COMRAM] unsigned int 
  9767 ;; Registers used:
  9768 ;;		wreg, status,2, status,0
  9769 ;; Tracked objects:
  9770 ;;		On entry : 0/0
  9771 ;;		On exit  : 0/0
  9772 ;;		Unchanged: 0/0
  9773 ;; Data sizes:     COMRAM   BANK0   BANK1   BANK2   BANK3   BANK4   BANK5
  9774 ;;      Params:         4       0       0       0       0       0       0
  9775 ;;      Locals:         1       0       0       0       0       0       0
  9776 ;;      Temps:          0       0       0       0       0       0       0
  9777 ;;      Totals:         5       0       0       0       0       0       0
  9778 ;;Total ram usage:        5 bytes
  9779 ;; Hardware stack levels used: 1
  9780 ;; This function calls:
  9781 ;;		Nothing
  9782 ;; This function is called by:
  9783 ;;		_store_log
  9784 ;;		_get_speed
  9785 ;;		_view_log
  9786 ;;		_download_log
  9787 ;; This function uses a non-reentrant model
  9788 ;;
  9789                           
  9790                           	psect	text40
  9791   001964                     __ptext40:
  9792                           	callstack 0
  9793   001964                     ___lwmod:
  9794                           	callstack 27
  9795   001964  5035               	movf	___lwmod@divisor^0,w,c
  9796   001966  1036               	iorwf	(___lwmod@divisor+1)^0,w,c
  9797   001968  B4D8               	btfsc	status,2,c
  9798   00196A  EFB9  F00C         	goto	u1321
  9799   00196E  EFBB  F00C         	goto	u1320
  9800   001972                     u1321:
  9801   001972  EFDF  F00C         	goto	l1184
  9802   001976                     u1320:
  9803   001976  0E01               	movlw	1
  9804   001978  6E37               	movwf	___lwmod@counter^0,c
  9805   00197A  EFC3  F00C         	goto	l2580
  9806   00197E                     l2578:
  9807   00197E  90D8               	bcf	status,0,c
  9808   001980  3635               	rlcf	___lwmod@divisor^0,f,c
  9809   001982  3636               	rlcf	(___lwmod@divisor+1)^0,f,c
  9810   001984  2A37               	incf	___lwmod@counter^0,f,c
  9811   001986                     l2580:
  9812   001986  AE36               	btfss	(___lwmod@divisor+1)^0,7,c
  9813   001988  EFC8  F00C         	goto	u1331
  9814   00198C  EFCA  F00C         	goto	u1330
  9815   001990                     u1331:
  9816   001990  EFBF  F00C         	goto	l2578
  9817   001994                     u1330:
  9818   001994                     l2582:
  9819   001994  5035               	movf	___lwmod@divisor^0,w,c
  9820   001996  5C33               	subwf	___lwmod@dividend^0,w,c
  9821   001998  5036               	movf	(___lwmod@divisor+1)^0,w,c
  9822   00199A  5834               	subwfb	(___lwmod@dividend+1)^0,w,c
  9823   00199C  A0D8               	btfss	status,0,c
  9824   00199E  EFD3  F00C         	goto	u1341
  9825   0019A2  EFD5  F00C         	goto	u1340
  9826   0019A6                     u1341:
  9827   0019A6  EFD9  F00C         	goto	l2586
  9828   0019AA                     u1340:
  9829   0019AA  5035               	movf	___lwmod@divisor^0,w,c
  9830   0019AC  5E33               	subwf	___lwmod@dividend^0,f,c
  9831   0019AE  5036               	movf	(___lwmod@divisor+1)^0,w,c
  9832   0019B0  5A34               	subwfb	(___lwmod@dividend+1)^0,f,c
  9833   0019B2                     l2586:
  9834   0019B2  90D8               	bcf	status,0,c
  9835   0019B4  3236               	rrcf	(___lwmod@divisor+1)^0,f,c
  9836   0019B6  3235               	rrcf	___lwmod@divisor^0,f,c
  9837   0019B8  2E37               	decfsz	___lwmod@counter^0,f,c
  9838   0019BA  EFCA  F00C         	goto	l2582
  9839   0019BE                     l1184:
  9840   0019BE  C033  F033         	movff	___lwmod@dividend,?___lwmod
  9841   0019C2  C034  F034         	movff	___lwmod@dividend+1,?___lwmod+1
  9842   0019C6  0012               	return		;funcret
  9843   0019C8                     __end_of___lwmod:
  9844                           	callstack 0
  9845                           
  9846 ;; *************** function _display_main_menu *****************
  9847 ;; Defined at:
  9848 ;;		line 187 in file "black_box.c"
  9849 ;; Parameters:    Size  Location     Type
  9850 ;;		None
  9851 ;; Auto vars:     Size  Location     Type
  9852 ;;  index           1    6[COMRAM] unsigned char 
  9853 ;; Return value:  Size  Location     Type
  9854 ;;                  1    wreg      void 
  9855 ;; Registers used:
  9856 ;;		wreg, fsr0l, fsr0h, status,2, status,0, tblptrl, tblptrh, tblptru, prodl, prodh, cstack
  9857 ;; Tracked objects:
  9858 ;;		On entry : 0/0
  9859 ;;		On exit  : 0/0
  9860 ;;		Unchanged: 0/0
  9861 ;; Data sizes:     COMRAM   BANK0   BANK1   BANK2   BANK3   BANK4   BANK5
  9862 ;;      Params:         0       0       0       0       0       0       0
  9863 ;;      Locals:         1       0       0       0       0       0       0
  9864 ;;      Temps:          1       0       0       0       0       0       0
  9865 ;;      Totals:         2       0       0       0       0       0       0
  9866 ;;Total ram usage:        2 bytes
  9867 ;; Hardware stack levels used: 1
  9868 ;; Hardware stack levels required when called: 1
  9869 ;; This function calls:
  9870 ;;		_clcd_print
  9871 ;; This function is called by:
  9872 ;;		_main
  9873 ;; This function uses a non-reentrant model
  9874 ;;
  9875                           
  9876                           	psect	text41
  9877   00255C                     __ptext41:
  9878                           	callstack 0
  9879   00255C                     _display_main_menu:
  9880                           	callstack 29
  9881   00255C                     
  9882                           ;black_box.c: 190:     if(key == 1)
  9883   00255C  041C               	decf	_key^0,w,c
  9884   00255E  A4D8               	btfss	status,2,c
  9885   002560  EFB4  F012         	goto	u1791
  9886   002564  EFB6  F012         	goto	u1790
  9887   002568                     u1791:
  9888   002568  EFCD  F012         	goto	l3012
  9889   00256C                     u1790:
  9890   00256C                     
  9891                           ;black_box.c: 191:     {;black_box.c: 192:         if(arrow_pos == 0)
  9892   00256C  5019               	movf	_arrow_pos^0,w,c
  9893   00256E  A4D8               	btfss	status,2,c
  9894   002570  EFBC  F012         	goto	u1801
  9895   002574  EFBE  F012         	goto	u1800
  9896   002578                     u1801:
  9897   002578  EFC2  F012         	goto	l3008
  9898   00257C                     u1800:
  9899   00257C                     
  9900                           ;black_box.c: 193:         {;black_box.c: 194:             arrow_pos = 1;
  9901   00257C  0E01               	movlw	1
  9902   00257E  6E19               	movwf	_arrow_pos^0,c
  9903                           
  9904                           ;black_box.c: 195:         }
  9905   002580  EFEA  F012         	goto	l3022
  9906   002584                     l3008:
  9907                           
  9908                           ;black_box.c: 197:         {;black_box.c: 198:             if(menu_pos < 2)
  9909   002584  0E02               	movlw	2
  9910   002586  601A               	cpfslt	_menu_pos^0,c
  9911   002588  EFC8  F012         	goto	u1811
  9912   00258C  EFCA  F012         	goto	u1810
  9913   002590                     u1811:
  9914   002590  EFEA  F012         	goto	l3022
  9915   002594                     u1810:
  9916   002594                     
  9917                           ;black_box.c: 199:                 menu_pos++;
  9918   002594  2A1A               	incf	_menu_pos^0,f,c
  9919   002596  EFEA  F012         	goto	l3022
  9920   00259A                     l3012:
  9921   00259A  0E02               	movlw	2
  9922   00259C  181C               	xorwf	_key^0,w,c
  9923   00259E  A4D8               	btfss	status,2,c
  9924   0025A0  EFD4  F012         	goto	u1821
  9925   0025A4  EFD6  F012         	goto	u1820
  9926   0025A8                     u1821:
  9927   0025A8  EFEA  F012         	goto	l3022
  9928   0025AC                     u1820:
  9929   0025AC                     
  9930                           ;black_box.c: 203:     {;black_box.c: 204:         if(arrow_pos == 1)
  9931   0025AC  0419               	decf	_arrow_pos^0,w,c
  9932   0025AE  A4D8               	btfss	status,2,c
  9933   0025B0  EFDC  F012         	goto	u1831
  9934   0025B4  EFDE  F012         	goto	u1830
  9935   0025B8                     u1831:
  9936   0025B8  EFE1  F012         	goto	l3018
  9937   0025BC                     u1830:
  9938   0025BC                     
  9939                           ;black_box.c: 205:         {;black_box.c: 206:             arrow_pos = 0;
  9940   0025BC  6A19               	clrf	_arrow_pos^0,c
  9941                           
  9942                           ;black_box.c: 207:         }
  9943   0025BE  EFEA  F012         	goto	l3022
  9944   0025C2                     l3018:
  9945                           
  9946                           ;black_box.c: 209:         {;black_box.c: 210:             if(menu_pos > 0)
  9947   0025C2  501A               	movf	_menu_pos^0,w,c
  9948   0025C4  B4D8               	btfsc	status,2,c
  9949   0025C6  EFE7  F012         	goto	u1841
  9950   0025CA  EFE9  F012         	goto	u1840
  9951   0025CE                     u1841:
  9952   0025CE  EFEA  F012         	goto	l3022
  9953   0025D2                     u1840:
  9954   0025D2                     
  9955                           ;black_box.c: 211:             {;black_box.c: 212:                 menu_pos--;
  9956   0025D2  061A               	decf	_menu_pos^0,f,c
  9957   0025D4                     l3022:
  9958                           
  9959                           ;black_box.c: 216:     clcd_print("                ",(0x80 + (0)));
  9960   0025D4  0E4A               	movlw	low STR_1
  9961   0025D6  6E35               	movwf	clcd_print@data^0,c
  9962   0025D8  0E2F               	movlw	high STR_1
  9963   0025DA  6E36               	movwf	(clcd_print@data+1)^0,c
  9964   0025DC  0E80               	movlw	128
  9965   0025DE  6E37               	movwf	clcd_print@addr^0,c
  9966   0025E0  EC19  F00D         	call	_clcd_print	;wreg free
  9967   0025E4                     
  9968                           ;black_box.c: 217:     clcd_print(menu[menu_pos],(0x80 + (2)));
  9969   0025E4  501A               	movf	_menu_pos^0,w,c
  9970   0025E6  0D0D               	mullw	13
  9971   0025E8  50F3               	movf	243,w,c
  9972   0025EA  0F60               	addlw	low _menu
  9973   0025EC  6E38               	movwf	??_display_main_menu^0,c
  9974   0025EE  C038  F035         	movff	??_display_main_menu,clcd_print@data
  9975   0025F2  6A36               	clrf	(clcd_print@data+1)^0,c
  9976   0025F4  0E82               	movlw	130
  9977   0025F6  6E37               	movwf	clcd_print@addr^0,c
  9978   0025F8  EC19  F00D         	call	_clcd_print	;wreg free
  9979   0025FC                     
  9980                           ;black_box.c: 218:     clcd_print("                ",(0xC0 + (0)));
  9981   0025FC  0E4A               	movlw	low STR_1
  9982   0025FE  6E35               	movwf	clcd_print@data^0,c
  9983   002600  0E2F               	movlw	high STR_1
  9984   002602  6E36               	movwf	(clcd_print@data+1)^0,c
  9985   002604  0EC0               	movlw	192
  9986   002606  6E37               	movwf	clcd_print@addr^0,c
  9987   002608  EC19  F00D         	call	_clcd_print	;wreg free
  9988   00260C                     
  9989                           ;black_box.c: 219:     clcd_print(menu[menu_pos+1],(0xC0 + (2)));
  9990   00260C  501A               	movf	_menu_pos^0,w,c
  9991   00260E  0D0D               	mullw	13
  9992   002610  50F3               	movf	243,w,c
  9993   002612  0F6D               	addlw	low (_menu+13)
  9994   002614  6E38               	movwf	??_display_main_menu^0,c
  9995   002616  C038  F035         	movff	??_display_main_menu,clcd_print@data
  9996   00261A  6A36               	clrf	(clcd_print@data+1)^0,c
  9997   00261C  0EC2               	movlw	194
  9998   00261E  6E37               	movwf	clcd_print@addr^0,c
  9999   002620  EC19  F00D         	call	_clcd_print	;wreg free
 10000   002624                     
 10001                           ;black_box.c: 221:     if(arrow_pos == 0)
 10002   002624  5019               	movf	_arrow_pos^0,w,c
 10003   002626  A4D8               	btfss	status,2,c
 10004   002628  EF18  F013         	goto	u1851
 10005   00262C  EF1A  F013         	goto	u1850
 10006   002630                     u1851:
 10007   002630  EF2C  F013         	goto	l3034
 10008   002634                     u1850:
 10009   002634                     
 10010                           ;black_box.c: 222:     {;black_box.c: 223:         clcd_print("  ",(0x80 + (0)));
 10011   002634  0E58               	movlw	low (STR_1+14)
 10012   002636  6E35               	movwf	clcd_print@data^0,c
 10013   002638  0E2F               	movlw	high (STR_1+14)
 10014   00263A  6E36               	movwf	(clcd_print@data+1)^0,c
 10015   00263C  0E80               	movlw	128
 10016   00263E  6E37               	movwf	clcd_print@addr^0,c
 10017   002640  EC19  F00D         	call	_clcd_print	;wreg free
 10018                           
 10019                           ;black_box.c: 224:         clcd_print("->",(0x80 + (0)));
 10020   002644  0EF8               	movlw	low STR_20
 10021   002646  6E35               	movwf	clcd_print@data^0,c
 10022   002648  0E2F               	movlw	high STR_20
 10023   00264A  6E36               	movwf	(clcd_print@data+1)^0,c
 10024   00264C  0E80               	movlw	128
 10025   00264E  6E37               	movwf	clcd_print@addr^0,c
 10026   002650  EC19  F00D         	call	_clcd_print	;wreg free
 10027                           
 10028                           ;black_box.c: 226:     }
 10029   002654  EF3C  F013         	goto	l3036
 10030   002658                     l3034:
 10031                           
 10032                           ;black_box.c: 228:     {;black_box.c: 229:         clcd_print("  ",(0xC0 + (0)));
 10033   002658  0E58               	movlw	low (STR_1+14)
 10034   00265A  6E35               	movwf	clcd_print@data^0,c
 10035   00265C  0E2F               	movlw	high (STR_1+14)
 10036   00265E  6E36               	movwf	(clcd_print@data+1)^0,c
 10037   002660  0EC0               	movlw	192
 10038   002662  6E37               	movwf	clcd_print@addr^0,c
 10039   002664  EC19  F00D         	call	_clcd_print	;wreg free
 10040                           
 10041                           ;black_box.c: 230:         clcd_print("->",(0xC0 + (0)));
 10042   002668  0EF8               	movlw	low STR_20
 10043   00266A  6E35               	movwf	clcd_print@data^0,c
 10044   00266C  0E2F               	movlw	high STR_20
 10045   00266E  6E36               	movwf	(clcd_print@data+1)^0,c
 10046   002670  0EC0               	movlw	192
 10047   002672  6E37               	movwf	clcd_print@addr^0,c
 10048   002674  EC19  F00D         	call	_clcd_print	;wreg free
 10049   002678                     l3036:
 10050                           
 10051                           ;black_box.c: 233:     unsigned char index = menu_pos + arrow_pos;
 10052   002678  501A               	movf	_menu_pos^0,w,c
 10053   00267A  2419               	addwf	_arrow_pos^0,w,c
 10054   00267C  6E39               	movwf	display_main_menu@index^0,c
 10055   00267E                     
 10056                           ;black_box.c: 235:     if(key == 11)
 10057   00267E  0E0B               	movlw	11
 10058   002680  181C               	xorwf	_key^0,w,c
 10059   002682  A4D8               	btfss	status,2,c
 10060   002684  EF46  F013         	goto	u1861
 10061   002688  EF48  F013         	goto	u1860
 10062   00268C                     u1861:
 10063   00268C  EF6D  F013         	goto	l250
 10064   002690                     u1860:
 10065   002690  EF5A  F013         	goto	l3052
 10066   002694                     l3042:
 10067                           
 10068                           ;black_box.c: 240:                 state = e_view_log;
 10069   002694  0E02               	movlw	2
 10070   002696  6E1D               	movwf	_state^0,c
 10071                           
 10072                           ;black_box.c: 241:             break;
 10073   002698  EF6D  F013         	goto	l250
 10074   00269C                     l3044:
 10075                           
 10076                           ;black_box.c: 244:                 state = e_clear_log;
 10077   00269C  0E05               	movlw	5
 10078   00269E  6E1D               	movwf	_state^0,c
 10079                           
 10080                           ;black_box.c: 245:             break;
 10081   0026A0  EF6D  F013         	goto	l250
 10082   0026A4                     l3046:
 10083                           
 10084                           ;black_box.c: 248:                state = e_set_time;
 10085   0026A4  0E03               	movlw	3
 10086   0026A6  6E1D               	movwf	_state^0,c
 10087                           
 10088                           ;black_box.c: 249:             break;
 10089   0026A8  EF6D  F013         	goto	l250
 10090   0026AC                     l3048:
 10091                           
 10092                           ;black_box.c: 252:                 state = e_download_log;
 10093   0026AC  0E04               	movlw	4
 10094   0026AE  6E1D               	movwf	_state^0,c
 10095                           
 10096                           ;black_box.c: 253:             break;
 10097   0026B0  EF6D  F013         	goto	l250
 10098   0026B4                     l3052:
 10099   0026B4  5039               	movf	display_main_menu@index^0,w,c
 10100                           
 10101                           ; Switch size 1, requested type "simple"
 10102                           ; Number of cases is 4, Range of values is 0 to 3
 10103                           ; switch strategies available:
 10104                           ; Name         Instructions Cycles
 10105                           ; simple_byte           13     7 (average)
 10106                           ;	Chosen strategy is simple_byte
 10107   0026B6  0A00               	xorlw	0	; case 0
 10108   0026B8  B4D8               	btfsc	status,2,c
 10109   0026BA  EF4A  F013         	goto	l3042
 10110   0026BE  0A01               	xorlw	1	; case 1
 10111   0026C0  B4D8               	btfsc	status,2,c
 10112   0026C2  EF4E  F013         	goto	l3044
 10113   0026C6  0A03               	xorlw	3	; case 2
 10114   0026C8  B4D8               	btfsc	status,2,c
 10115   0026CA  EF52  F013         	goto	l3046
 10116   0026CE  0A01               	xorlw	1	; case 3
 10117   0026D0  B4D8               	btfsc	status,2,c
 10118   0026D2  EF56  F013         	goto	l3048
 10119   0026D6  EF6D  F013         	goto	l250
 10120   0026DA                     l250:
 10121   0026DA  0012               	return		;funcret
 10122   0026DC                     __end_of_display_main_menu:
 10123                           	callstack 0
 10124                           
 10125 ;; *************** function _clear_screen *****************
 10126 ;; Defined at:
 10127 ;;		line 43 in file "main.c"
 10128 ;; Parameters:    Size  Location     Type
 10129 ;;		None
 10130 ;; Auto vars:     Size  Location     Type
 10131 ;;		None
 10132 ;; Return value:  Size  Location     Type
 10133 ;;                  1    wreg      void 
 10134 ;; Registers used:
 10135 ;;		wreg, fsr0l, fsr0h, status,2, status,0, tblptrl, tblptrh, tblptru, cstack
 10136 ;; Tracked objects:
 10137 ;;		On entry : 0/0
 10138 ;;		On exit  : 0/0
 10139 ;;		Unchanged: 0/0
 10140 ;; Data sizes:     COMRAM   BANK0   BANK1   BANK2   BANK3   BANK4   BANK5
 10141 ;;      Params:         0       0       0       0       0       0       0
 10142 ;;      Locals:         0       0       0       0       0       0       0
 10143 ;;      Temps:          0       0       0       0       0       0       0
 10144 ;;      Totals:         0       0       0       0       0       0       0
 10145 ;;Total ram usage:        0 bytes
 10146 ;; Hardware stack levels used: 1
 10147 ;; Hardware stack levels required when called: 1
 10148 ;; This function calls:
 10149 ;;		_clcd_print
 10150 ;; This function is called by:
 10151 ;;		_main
 10152 ;; This function uses a non-reentrant model
 10153 ;;
 10154                           
 10155                           	psect	text42
 10156   001614                     __ptext42:
 10157                           	callstack 0
 10158   001614                     _clear_screen:
 10159                           	callstack 29
 10160   001614                     
 10161                           ;main.c: 45:     clcd_print("                ",(0x80 + (0)));
 10162   001614  0E4A               	movlw	low STR_1
 10163   001616  6E35               	movwf	clcd_print@data^0,c
 10164   001618  0E2F               	movlw	high STR_1
 10165   00161A  6E36               	movwf	(clcd_print@data+1)^0,c
 10166   00161C  0E80               	movlw	128
 10167   00161E  6E37               	movwf	clcd_print@addr^0,c
 10168   001620  EC19  F00D         	call	_clcd_print	;wreg free
 10169                           
 10170                           ;main.c: 46:     clcd_print("                ",(0xC0 + (0)));
 10171   001624  0E4A               	movlw	low STR_1
 10172   001626  6E35               	movwf	clcd_print@data^0,c
 10173   001628  0E2F               	movlw	high STR_1
 10174   00162A  6E36               	movwf	(clcd_print@data+1)^0,c
 10175   00162C  0EC0               	movlw	192
 10176   00162E  6E37               	movwf	clcd_print@addr^0,c
 10177   001630  EC19  F00D         	call	_clcd_print	;wreg free
 10178   001634  0012               	return		;funcret
 10179   001636                     __end_of_clear_screen:
 10180                           	callstack 0
 10181                           
 10182 ;; *************** function _clear_log *****************
 10183 ;; Defined at:
 10184 ;;		line 389 in file "black_box.c"
 10185 ;; Parameters:    Size  Location     Type
 10186 ;;		None
 10187 ;; Auto vars:     Size  Location     Type
 10188 ;;		None
 10189 ;; Return value:  Size  Location     Type
 10190 ;;                  1    wreg      void 
 10191 ;; Registers used:
 10192 ;;		wreg, fsr0l, fsr0h, status,2, status,0, tblptrl, tblptrh, tblptru, cstack
 10193 ;; Tracked objects:
 10194 ;;		On entry : 0/0
 10195 ;;		On exit  : 0/0
 10196 ;;		Unchanged: 0/0
 10197 ;; Data sizes:     COMRAM   BANK0   BANK1   BANK2   BANK3   BANK4   BANK5
 10198 ;;      Params:         0       0       0       0       0       0       0
 10199 ;;      Locals:         0       0       0       0       0       0       0
 10200 ;;      Temps:          0       0       0       0       0       0       0
 10201 ;;      Totals:         0       0       0       0       0       0       0
 10202 ;;Total ram usage:        0 bytes
 10203 ;; Hardware stack levels used: 1
 10204 ;; Hardware stack levels required when called: 1
 10205 ;; This function calls:
 10206 ;;		_clcd_print
 10207 ;; This function is called by:
 10208 ;;		_main
 10209 ;; This function uses a non-reentrant model
 10210 ;;
 10211                           
 10212                           	psect	text43
 10213   0017AA                     __ptext43:
 10214                           	callstack 0
 10215   0017AA                     _clear_log:
 10216                           	callstack 29
 10217   0017AA                     
 10218                           ;black_box.c: 391:     log_index = 0;
 10219   0017AA  6A0A               	clrf	(_log_index+1)^0,c
 10220   0017AC  0E00               	movlw	0
 10221   0017AE  6E09               	movwf	_log_index^0,c
 10222                           
 10223                           ;black_box.c: 392:     count = 0;
 10224   0017B0  6A0C               	clrf	(_count+1)^0,c
 10225   0017B2  0E00               	movlw	0
 10226   0017B4  6E0B               	movwf	_count^0,c
 10227   0017B6                     
 10228                           ;black_box.c: 394:     if(log_index == 0)
 10229   0017B6  5009               	movf	_log_index^0,w,c
 10230   0017B8  100A               	iorwf	(_log_index+1)^0,w,c
 10231   0017BA  A4D8               	btfss	status,2,c
 10232   0017BC  EFE2  F00B         	goto	u1971
 10233   0017C0  EFE4  F00B         	goto	u1970
 10234   0017C4                     u1971:
 10235   0017C4  EFFC  F00B         	goto	l276
 10236   0017C8                     u1970:
 10237   0017C8                     
 10238                           ;black_box.c: 395:     {;black_box.c: 396:         clcd_print("                ",(0x80 +
      +                           (0)));
 10239   0017C8  0E4A               	movlw	low STR_1
 10240   0017CA  6E35               	movwf	clcd_print@data^0,c
 10241   0017CC  0E2F               	movlw	high STR_1
 10242   0017CE  6E36               	movwf	(clcd_print@data+1)^0,c
 10243   0017D0  0E80               	movlw	128
 10244   0017D2  6E37               	movwf	clcd_print@addr^0,c
 10245   0017D4  EC19  F00D         	call	_clcd_print	;wreg free
 10246                           
 10247                           ;black_box.c: 397:         clcd_print("LOG IS CLEATRED",(0xC0 + (0)));
 10248   0017D8  0E5B               	movlw	low STR_36
 10249   0017DA  6E35               	movwf	clcd_print@data^0,c
 10250   0017DC  0E2F               	movlw	high STR_36
 10251   0017DE  6E36               	movwf	(clcd_print@data+1)^0,c
 10252   0017E0  0EC0               	movlw	192
 10253   0017E2  6E37               	movwf	clcd_print@addr^0,c
 10254   0017E4  EC19  F00D         	call	_clcd_print	;wreg free
 10255                           
 10256                           ;black_box.c: 398:         clcd_print("                ",(0xC0 + (0)));
 10257   0017E8  0E4A               	movlw	low STR_1
 10258   0017EA  6E35               	movwf	clcd_print@data^0,c
 10259   0017EC  0E2F               	movlw	high STR_1
 10260   0017EE  6E36               	movwf	(clcd_print@data+1)^0,c
 10261   0017F0  0EC0               	movlw	192
 10262   0017F2  6E37               	movwf	clcd_print@addr^0,c
 10263   0017F4  EC19  F00D         	call	_clcd_print	;wreg free
 10264   0017F8                     l276:
 10265   0017F8  0012               	return		;funcret
 10266   0017FA                     __end_of_clear_log:
 10267                           	callstack 0
 10268                           
 10269 ;; *************** function _clcd_print *****************
 10270 ;; Defined at:
 10271 ;;		line 66 in file "clcd.c"
 10272 ;; Parameters:    Size  Location     Type
 10273 ;;  data            2    2[COMRAM] PTR const unsigned char 
 10274 ;;		 -> set_time@display(9), STR_38(9), STR_37(17), STR_36(16), 
 10275 ;;		 -> STR_35(17), STR_32(17), STR_31(15), STR_30(17), 
 10276 ;;		 -> STR_27(17), STR_26(8), STR_25(17), STR_24(12), 
 10277 ;;		 -> STR_23(17), view_log@log(17), STR_22(3), STR_21(3), 
 10278 ;;		 -> STR_20(3), STR_19(3), STR_18(17), menu(52), 
 10279 ;;		 -> STR_17(17), STR_16(17), speed_data(3), gear(24), 
 10280 ;;		 -> time(9), STR_15(17), STR_14(15), STR_13(17), 
 10281 ;;		 -> STR_12(12), STR_11(17), STR_10(14), STR_9(17), 
 10282 ;;		 -> STR_8(14), STR_7(13), STR_6(17), STR_5(15), 
 10283 ;;		 -> STR_4(10), STR_3(16), STR_2(17), STR_1(17), 
 10284 ;;  addr            1    4[COMRAM] unsigned char 
 10285 ;; Auto vars:     Size  Location     Type
 10286 ;;		None
 10287 ;; Return value:  Size  Location     Type
 10288 ;;                  1    wreg      void 
 10289 ;; Registers used:
 10290 ;;		wreg, fsr0l, fsr0h, status,2, status,0, tblptrl, tblptrh, tblptru, cstack
 10291 ;; Tracked objects:
 10292 ;;		On entry : 0/0
 10293 ;;		On exit  : 0/0
 10294 ;;		Unchanged: 0/0
 10295 ;; Data sizes:     COMRAM   BANK0   BANK1   BANK2   BANK3   BANK4   BANK5
 10296 ;;      Params:         3       0       0       0       0       0       0
 10297 ;;      Locals:         0       0       0       0       0       0       0
 10298 ;;      Temps:          0       0       0       0       0       0       0
 10299 ;;      Totals:         3       0       0       0       0       0       0
 10300 ;;Total ram usage:        3 bytes
 10301 ;; Hardware stack levels used: 1
 10302 ;; This function calls:
 10303 ;;		_clcd_write
 10304 ;; This function is called by:
 10305 ;;		_clear_screen
 10306 ;;		_main
 10307 ;;		_get_time
 10308 ;;		_get_speed
 10309 ;;		_get_gear
 10310 ;;		_view_dashboard
 10311 ;;		_display_main_menu
 10312 ;;		_view_log
 10313 ;;		_download_log
 10314 ;;		_clear_log
 10315 ;;		_set_time
 10316 ;; This function uses a non-reentrant model
 10317 ;;
 10318                           
 10319                           	psect	text44
 10320   001A32                     __ptext44:
 10321                           	callstack 0
 10322   001A32                     _clcd_print:
 10323                           	callstack 26
 10324   001A32                     
 10325                           ;clcd.c: 66: void clcd_print(const unsigned char *data, unsigned char addr);clcd.c: 67: 
      +                          {;clcd.c: 68:  clcd_write(addr, 0);
 10326   001A32  0E00               	movlw	0
 10327   001A34  6E33               	movwf	clcd_write@control_bit^0,c
 10328   001A36  5037               	movf	clcd_print@addr^0,w,c
 10329   001A38  EC6F  F00B         	call	_clcd_write
 10330                           
 10331                           ;clcd.c: 69:  while (*data != '\0')
 10332   001A3C  EF36  F00D         	goto	l2526
 10333   001A40                     l2522:
 10334                           
 10335                           ;clcd.c: 70:  {;clcd.c: 71:   clcd_write(*data++, 1);
 10336   001A40  0E01               	movlw	1
 10337   001A42  6E33               	movwf	clcd_write@control_bit^0,c
 10338   001A44  C035  FFF6         	movff	clcd_print@data,tblptrl
 10339   001A48  C036  FFF7         	movff	clcd_print@data+1,tblptrh
 10340   001A4C  6AF8               	clrf	tblptru,c
 10341   001A4E  0E05               	movlw	(high __ramtop+-1)
 10342   001A50  64F7               	cpfsgt	tblptrh,c
 10343   001A52  D003               	bra	u1287
 10344   001A54  0008               	tblrd		*
 10345   001A56  50F5               	movf	tablat,w,c
 10346   001A58  D005               	bra	u1280
 10347   001A5A                     u1287:
 10348   001A5A  CFF6 FFE9          	movff	tblptrl,fsr0l
 10349   001A5E  CFF7 FFEA          	movff	tblptrh,fsr0h
 10350   001A62  50EF               	movf	indf0,w,c
 10351   001A64                     u1280:
 10352   001A64  EC6F  F00B         	call	_clcd_write
 10353   001A68  4A35               	infsnz	clcd_print@data^0,f,c
 10354   001A6A  2A36               	incf	(clcd_print@data+1)^0,f,c
 10355   001A6C                     l2526:
 10356                           
 10357                           ;clcd.c: 69:  while (*data != '\0')
 10358   001A6C  C035  FFF6         	movff	clcd_print@data,tblptrl
 10359   001A70  C036  FFF7         	movff	clcd_print@data+1,tblptrh
 10360   001A74  6AF8               	clrf	tblptru,c
 10361   001A76  0E05               	movlw	(high __ramtop+-1)
 10362   001A78  64F7               	cpfsgt	tblptrh,c
 10363   001A7A  D003               	bra	u1297
 10364   001A7C  0008               	tblrd		*
 10365   001A7E  50F5               	movf	tablat,w,c
 10366   001A80  D005               	bra	u1290
 10367   001A82                     u1297:
 10368   001A82  CFF6 FFE9          	movff	tblptrl,fsr0l
 10369   001A86  CFF7 FFEA          	movff	tblptrh,fsr0h
 10370   001A8A  50EF               	movf	indf0,w,c
 10371   001A8C                     u1290:
 10372   001A8C  0900               	iorlw	0
 10373   001A8E  A4D8               	btfss	status,2,c
 10374   001A90  EF4C  F00D         	goto	u1301
 10375   001A94  EF4E  F00D         	goto	u1300
 10376   001A98                     u1301:
 10377   001A98  EF20  F00D         	goto	l2522
 10378   001A9C                     u1300:
 10379   001A9C  0012               	return		;funcret
 10380   001A9E                     __end_of_clcd_print:
 10381                           	callstack 0
 10382                           
 10383 ;; *************** function _blink_cursor *****************
 10384 ;; Defined at:
 10385 ;;		line 48 in file "main.c"
 10386 ;; Parameters:    Size  Location     Type
 10387 ;;		None
 10388 ;; Auto vars:     Size  Location     Type
 10389 ;;		None
 10390 ;; Return value:  Size  Location     Type
 10391 ;;                  1    wreg      void 
 10392 ;; Registers used:
 10393 ;;		wreg, status,2, status,0, cstack
 10394 ;; Tracked objects:
 10395 ;;		On entry : 0/0
 10396 ;;		On exit  : 0/0
 10397 ;;		Unchanged: 0/0
 10398 ;; Data sizes:     COMRAM   BANK0   BANK1   BANK2   BANK3   BANK4   BANK5
 10399 ;;      Params:         0       0       0       0       0       0       0
 10400 ;;      Locals:         0       0       0       0       0       0       0
 10401 ;;      Temps:          0       0       0       0       0       0       0
 10402 ;;      Totals:         0       0       0       0       0       0       0
 10403 ;;Total ram usage:        0 bytes
 10404 ;; Hardware stack levels used: 1
 10405 ;; Hardware stack levels required when called: 2
 10406 ;; This function calls:
 10407 ;;		_clcd_putch
 10408 ;; This function is called by:
 10409 ;;		_main
 10410 ;; This function uses a non-reentrant model
 10411 ;;
 10412                           
 10413                           	psect	text45
 10414   00184C                     __ptext45:
 10415                           	callstack 0
 10416   00184C                     _blink_cursor:
 10417                           	callstack 28
 10418   00184C                     
 10419                           ;main.c: 50:     static unsigned int ccount = 0;;main.c: 52:     if(ccount++ == 15000)
 10420   00184C  4A0D               	infsnz	blink_cursor@ccount^0,f,c
 10421   00184E  2A0E               	incf	(blink_cursor@ccount+1)^0,f,c
 10422   001850  0E99               	movlw	153
 10423   001852  180D               	xorwf	blink_cursor@ccount^0,w,c
 10424   001854  E107               	bnz	u1661
 10425   001856  0E3A               	movlw	58
 10426   001858  180E               	xorwf	(blink_cursor@ccount+1)^0,w,c
 10427   00185A  A4D8               	btfss	status,2,c
 10428   00185C  EF32  F00C         	goto	u1661
 10429   001860  EF34  F00C         	goto	u1660
 10430   001864                     u1661:
 10431   001864  EF3F  F00C         	goto	l2940
 10432   001868                     u1660:
 10433   001868                     
 10434                           ;main.c: 53:     {;main.c: 54:         ccount = 0;
 10435   001868  6A0E               	clrf	(blink_cursor@ccount+1)^0,c
 10436   00186A  0E00               	movlw	0
 10437   00186C  6E0D               	movwf	blink_cursor@ccount^0,c
 10438   00186E                     
 10439                           ;main.c: 55:         clcd_putch('_', (0xC0 + (index)));
 10440   00186E  5011               	movf	_index^0,w,c
 10441   001870  0FC0               	addlw	192
 10442   001872  6E35               	movwf	clcd_putch@addr^0,c
 10443   001874  0E5F               	movlw	95
 10444   001876  ECC0  F00A         	call	_clcd_putch
 10445                           
 10446                           ;main.c: 56:     }
 10447   00187A  EF51  F00C         	goto	l62
 10448   00187E                     l2940:
 10449   00187E  0E4C               	movlw	76
 10450   001880  180D               	xorwf	blink_cursor@ccount^0,w,c
 10451   001882  E107               	bnz	u1671
 10452   001884  0E1D               	movlw	29
 10453   001886  180E               	xorwf	(blink_cursor@ccount+1)^0,w,c
 10454   001888  A4D8               	btfss	status,2,c
 10455   00188A  EF49  F00C         	goto	u1671
 10456   00188E  EF4B  F00C         	goto	u1670
 10457   001892                     u1671:
 10458   001892  EF51  F00C         	goto	l62
 10459   001896                     u1670:
 10460   001896                     
 10461                           ;main.c: 58:     {;main.c: 59:         clcd_putch(' ', (0xC0 + (index)));
 10462   001896  5011               	movf	_index^0,w,c
 10463   001898  0FC0               	addlw	192
 10464   00189A  6E35               	movwf	clcd_putch@addr^0,c
 10465   00189C  0E20               	movlw	32
 10466   00189E  ECC0  F00A         	call	_clcd_putch
 10467   0018A2                     l62:
 10468   0018A2  0012               	return		;funcret
 10469   0018A4                     __end_of_blink_cursor:
 10470                           	callstack 0
 10471                           
 10472 ;; *************** function _clcd_putch *****************
 10473 ;; Defined at:
 10474 ;;		line 75 in file "clcd.c"
 10475 ;; Parameters:    Size  Location     Type
 10476 ;;  data            1    wreg     const unsigned char 
 10477 ;;  addr            1    2[COMRAM] unsigned char 
 10478 ;; Auto vars:     Size  Location     Type
 10479 ;;  data            1    3[COMRAM] const unsigned char 
 10480 ;; Return value:  Size  Location     Type
 10481 ;;                  1    wreg      void 
 10482 ;; Registers used:
 10483 ;;		wreg, status,2, cstack
 10484 ;; Tracked objects:
 10485 ;;		On entry : 0/0
 10486 ;;		On exit  : 0/0
 10487 ;;		Unchanged: 0/0
 10488 ;; Data sizes:     COMRAM   BANK0   BANK1   BANK2   BANK3   BANK4   BANK5
 10489 ;;      Params:         1       0       0       0       0       0       0
 10490 ;;      Locals:         1       0       0       0       0       0       0
 10491 ;;      Temps:          0       0       0       0       0       0       0
 10492 ;;      Totals:         2       0       0       0       0       0       0
 10493 ;;Total ram usage:        2 bytes
 10494 ;; Hardware stack levels used: 1
 10495 ;; This function calls:
 10496 ;;		_clcd_write
 10497 ;; This function is called by:
 10498 ;;		_blink_cursor
 10499 ;;		_read_password
 10500 ;;		_main
 10501 ;; This function uses a non-reentrant model
 10502 ;;
 10503                           
 10504                           	psect	text46
 10505   001580                     __ptext46:
 10506                           	callstack 0
 10507   001580                     _clcd_putch:
 10508                           	callstack 29
 10509                           
 10510                           ;incstack = 0
 10511                           ;clcd_putch@data stored from wreg
 10512   001580  6E36               	movwf	clcd_putch@data^0,c
 10513   001582                     
 10514                           ;clcd.c: 75: void clcd_putch(const unsigned char data, unsigned char addr);clcd.c: 76: {
      +                          ;clcd.c: 77:  clcd_write(addr, 0);
 10515   001582  0E00               	movlw	0
 10516   001584  6E33               	movwf	clcd_write@control_bit^0,c
 10517   001586  5035               	movf	clcd_putch@addr^0,w,c
 10518   001588  EC6F  F00B         	call	_clcd_write
 10519                           
 10520                           ;clcd.c: 78:  clcd_write(data, 1);
 10521   00158C  0E01               	movlw	1
 10522   00158E  6E33               	movwf	clcd_write@control_bit^0,c
 10523   001590  5036               	movf	clcd_putch@data^0,w,c
 10524   001592  EC6F  F00B         	call	_clcd_write
 10525   001596  0012               	return		;funcret
 10526   001598                     __end_of_clcd_putch:
 10527                           	callstack 0
 10528                           
 10529 ;; *************** function _clcd_write *****************
 10530 ;; Defined at:
 10531 ;;		line 12 in file "clcd.c"
 10532 ;; Parameters:    Size  Location     Type
 10533 ;;  byte            1    wreg     unsigned char 
 10534 ;;  control_bit     1    0[COMRAM] unsigned char 
 10535 ;; Auto vars:     Size  Location     Type
 10536 ;;  byte            1    1[COMRAM] unsigned char 
 10537 ;; Return value:  Size  Location     Type
 10538 ;;                  1    wreg      void 
 10539 ;; Registers used:
 10540 ;;		wreg
 10541 ;; Tracked objects:
 10542 ;;		On entry : 0/0
 10543 ;;		On exit  : 0/0
 10544 ;;		Unchanged: 0/0
 10545 ;; Data sizes:     COMRAM   BANK0   BANK1   BANK2   BANK3   BANK4   BANK5
 10546 ;;      Params:         1       0       0       0       0       0       0
 10547 ;;      Locals:         1       0       0       0       0       0       0
 10548 ;;      Temps:          0       0       0       0       0       0       0
 10549 ;;      Totals:         2       0       0       0       0       0       0
 10550 ;;Total ram usage:        2 bytes
 10551 ;; Hardware stack levels used: 1
 10552 ;; This function calls:
 10553 ;;		Nothing
 10554 ;; This function is called by:
 10555 ;;		_init_clcd
 10556 ;;		_clcd_print
 10557 ;;		_clcd_putch
 10558 ;; This function uses a non-reentrant model
 10559 ;;
 10560                           
 10561                           	psect	text47
 10562   0016DE                     __ptext47:
 10563                           	callstack 0
 10564   0016DE                     _clcd_write:
 10565                           	callstack 25
 10566                           
 10567                           ;incstack = 0
 10568                           ;clcd_write@byte stored from wreg
 10569   0016DE  6E34               	movwf	clcd_write@byte^0,c
 10570   0016E0                     
 10571                           ;clcd.c: 12: void clcd_write(unsigned char byte, unsigned char control_bit);clcd.c: 13: 
      +                          {;clcd.c: 14:  RC1 = control_bit;
 10572   0016E0  B033               	btfsc	clcd_write@control_bit^0,0,c
 10573   0016E2  EF75  F00B         	goto	u1251
 10574   0016E6  EF78  F00B         	goto	u1250
 10575   0016EA                     u1251:
 10576   0016EA  8282               	bsf	3970,1,c	;volatile
 10577   0016EC  EF79  F00B         	goto	u1265
 10578   0016F0                     u1250:
 10579   0016F0  9282               	bcf	3970,1,c	;volatile
 10580   0016F2                     u1265:
 10581   0016F2                     
 10582                           ;clcd.c: 15:  PORTD = byte;
 10583   0016F2  C034  FF83         	movff	clcd_write@byte,3971	;volatile
 10584   0016F6                     
 10585                           ;clcd.c: 18:  RC2 = 1;
 10586   0016F6  8482               	bsf	3970,2,c	;volatile
 10587   0016F8                     
 10588                           ;clcd.c: 19:  RC2 = 0;
 10589   0016F8  9482               	bcf	3970,2,c	;volatile
 10590   0016FA                     
 10591                           ;clcd.c: 21:  TRISD7 = 0xFF;
 10592   0016FA  8E95               	bsf	3989,7,c	;volatile
 10593   0016FC                     
 10594                           ;clcd.c: 22:  RC0 = 1;
 10595   0016FC  8082               	bsf	3970,0,c	;volatile
 10596   0016FE                     
 10597                           ;clcd.c: 23:  RC1 = 0;
 10598   0016FE  9282               	bcf	3970,1,c	;volatile
 10599   001700                     l2492:
 10600                           
 10601                           ;clcd.c: 26:  {;clcd.c: 27:   RC2 = 1;
 10602   001700  8482               	bsf	3970,2,c	;volatile
 10603   001702                     
 10604                           ;clcd.c: 28:   RC2 = 0;
 10605   001702  9482               	bcf	3970,2,c	;volatile
 10606   001704                     
 10607                           ;clcd.c: 29:  } while (RD7);
 10608   001704  BE83               	btfsc	3971,7,c	;volatile
 10609   001706  EF87  F00B         	goto	u1271
 10610   00170A  EF89  F00B         	goto	u1270
 10611   00170E                     u1271:
 10612   00170E  EF80  F00B         	goto	l2492
 10613   001712                     u1270:
 10614   001712                     
 10615                           ;clcd.c: 31:  RC0 = 0;
 10616   001712  9082               	bcf	3970,0,c	;volatile
 10617                           
 10618                           ;clcd.c: 32:  TRISD7 = 0x00;
 10619   001714  9E95               	bcf	3989,7,c	;volatile
 10620   001716  0012               	return		;funcret
 10621   001718                     __end_of_clcd_write:
 10622                           	callstack 0
 10623                           
 10624                           	psect	rparam
 10625   000001                     ___rparam_used  equ	1
 10626   000000                     ___param_bank   equ	0
 10627   000000                     __Lparam        equ	__Lrparam
 10628   000000                     __Hparam        equ	__Hrparam
 10629                           
 10630                           	psect	idloc
 10631                           
 10632                           ;Config register IDLOC0 @ 0x200000
 10633                           ;	unspecified, using default values
 10634   200000                     	org	2097152
 10635   200000  FF                 	db	255
 10636                           
 10637                           ;Config register IDLOC1 @ 0x200001
 10638                           ;	unspecified, using default values
 10639   200001                     	org	2097153
 10640   200001  FF                 	db	255
 10641                           
 10642                           ;Config register IDLOC2 @ 0x200002
 10643                           ;	unspecified, using default values
 10644   200002                     	org	2097154
 10645   200002  FF                 	db	255
 10646                           
 10647                           ;Config register IDLOC3 @ 0x200003
 10648                           ;	unspecified, using default values
 10649   200003                     	org	2097155
 10650   200003  FF                 	db	255
 10651                           
 10652                           ;Config register IDLOC4 @ 0x200004
 10653                           ;	unspecified, using default values
 10654   200004                     	org	2097156
 10655   200004  FF                 	db	255
 10656                           
 10657                           ;Config register IDLOC5 @ 0x200005
 10658                           ;	unspecified, using default values
 10659   200005                     	org	2097157
 10660   200005  FF                 	db	255
 10661                           
 10662                           ;Config register IDLOC6 @ 0x200006
 10663                           ;	unspecified, using default values
 10664   200006                     	org	2097158
 10665   200006  FF                 	db	255
 10666                           
 10667                           ;Config register IDLOC7 @ 0x200007
 10668                           ;	unspecified, using default values
 10669   200007                     	org	2097159
 10670   200007  FF                 	db	255
 10671                           
 10672                           	psect	config
 10673                           
 10674                           ; Padding undefined space
 10675   300000                     	org	3145728
 10676   300000  FF                 	db	255
 10677                           
 10678                           ;Config register CONFIG1H @ 0x300001
 10679                           ;	unspecified, using default values
 10680                           ;	Oscillator Selection bits
 10681                           ;	OSC = 0x7, unprogrammed default
 10682                           ;	Fail-Safe Clock Monitor Enable bit
 10683                           ;	FCMEN = 0x0, unprogrammed default
 10684                           ;	Internal/External Oscillator Switchover bit
 10685                           ;	IESO = 0x0, unprogrammed default
 10686   300001                     	org	3145729
 10687   300001  07                 	db	7
 10688                           
 10689                           ;Config register CONFIG2L @ 0x300002
 10690                           ;	unspecified, using default values
 10691                           ;	Power-up Timer Enable bit
 10692                           ;	PWRT = 0x1, unprogrammed default
 10693                           ;	Brown-out Reset Enable bits
 10694                           ;	BOREN = 0x3, unprogrammed default
 10695                           ;	Brown-out Reset Voltage bits
 10696                           ;	BORV = 0x3, unprogrammed default
 10697   300002                     	org	3145730
 10698   300002  1F                 	db	31
 10699                           
 10700                           ;Config register CONFIG2H @ 0x300003
 10701                           ;	unspecified, using default values
 10702                           ;	Watchdog Timer Enable bit
 10703                           ;	WDT = 0x1, unprogrammed default
 10704                           ;	Watchdog Timer Postscale Select bits
 10705                           ;	WDTPS = 0xF, unprogrammed default
 10706   300003                     	org	3145731
 10707   300003  1F                 	db	31
 10708                           
 10709                           ; Padding undefined space
 10710   300004                     	org	3145732
 10711   300004  FF                 	db	255
 10712                           
 10713                           ;Config register CONFIG3H @ 0x300005
 10714                           ;	unspecified, using default values
 10715                           ;	PORTB A/D Enable bit
 10716                           ;	PBADEN = 0x1, unprogrammed default
 10717                           ;	Low-Power Timer 1 Oscillator Enable bit
 10718                           ;	LPT1OSC = 0x0, unprogrammed default
 10719                           ;	MCLR Pin Enable bit
 10720                           ;	MCLRE = 0x1, unprogrammed default
 10721   300005                     	org	3145733
 10722   300005  82                 	db	130
 10723                           
 10724                           ;Config register CONFIG4L @ 0x300006
 10725                           ;	unspecified, using default values
 10726                           ;	Stack Full/Underflow Reset Enable bit
 10727                           ;	STVREN = 0x1, unprogrammed default
 10728                           ;	Single-Supply ICSP Enable bit
 10729                           ;	LVP = 0x1, unprogrammed default
 10730                           ;	Boot Block Size Select bit
 10731                           ;	BBSIZ = 0x0, unprogrammed default
 10732                           ;	Extended Instruction Set Enable bit
 10733                           ;	XINST = 0x0, unprogrammed default
 10734                           ;	Background Debugger Enable bit
 10735                           ;	DEBUG = 0x1, unprogrammed default
 10736   300006                     	org	3145734
 10737   300006  85                 	db	133
 10738                           
 10739                           ; Padding undefined space
 10740   300007                     	org	3145735
 10741   300007  FF                 	db	255
 10742                           
 10743                           ;Config register CONFIG5L @ 0x300008
 10744                           ;	unspecified, using default values
 10745                           ;	Code Protection bit
 10746                           ;	CP0 = 0x1, unprogrammed default
 10747                           ;	Code Protection bit
 10748                           ;	CP1 = 0x1, unprogrammed default
 10749                           ;	Code Protection bit
 10750                           ;	CP2 = 0x1, unprogrammed default
 10751                           ;	Code Protection bit
 10752                           ;	CP3 = 0x1, unprogrammed default
 10753   300008                     	org	3145736
 10754   300008  0F                 	db	15
 10755                           
 10756                           ;Config register CONFIG5H @ 0x300009
 10757                           ;	unspecified, using default values
 10758                           ;	Boot Block Code Protection bit
 10759                           ;	CPB = 0x1, unprogrammed default
 10760                           ;	Data EEPROM Code Protection bit
 10761                           ;	CPD = 0x1, unprogrammed default
 10762   300009                     	org	3145737
 10763   300009  C0                 	db	192
 10764                           
 10765                           ;Config register CONFIG6L @ 0x30000A
 10766                           ;	unspecified, using default values
 10767                           ;	Write Protection bit
 10768                           ;	WRT0 = 0x1, unprogrammed default
 10769                           ;	Write Protection bit
 10770                           ;	WRT1 = 0x1, unprogrammed default
 10771                           ;	Write Protection bit
 10772                           ;	WRT2 = 0x1, unprogrammed default
 10773                           ;	Write Protection bit
 10774                           ;	WRT3 = 0x1, unprogrammed default
 10775   30000A                     	org	3145738
 10776   30000A  0F                 	db	15
 10777                           
 10778                           ;Config register CONFIG6H @ 0x30000B
 10779                           ;	unspecified, using default values
 10780                           ;	Configuration Register Write Protection bit
 10781                           ;	WRTC = 0x1, unprogrammed default
 10782                           ;	Boot Block Write Protection bit
 10783                           ;	WRTB = 0x1, unprogrammed default
 10784                           ;	Data EEPROM Write Protection bit
 10785                           ;	WRTD = 0x1, unprogrammed default
 10786   30000B                     	org	3145739
 10787   30000B  E0                 	db	224
 10788                           
 10789                           ;Config register CONFIG7L @ 0x30000C
 10790                           ;	unspecified, using default values
 10791                           ;	Table Read Protection bit
 10792                           ;	EBTR0 = 0x1, unprogrammed default
 10793                           ;	Table Read Protection bit
 10794                           ;	EBTR1 = 0x1, unprogrammed default
 10795                           ;	Table Read Protection bit
 10796                           ;	EBTR2 = 0x1, unprogrammed default
 10797                           ;	Table Read Protection bit
 10798                           ;	EBTR3 = 0x1, unprogrammed default
 10799   30000C                     	org	3145740
 10800   30000C  0F                 	db	15
 10801                           
 10802                           ;Config register CONFIG7H @ 0x30000D
 10803                           ;	unspecified, using default values
 10804                           ;	Boot Block Table Read Protection bit
 10805                           ;	EBTRB = 0x1, unprogrammed default
 10806   30000D                     	org	3145741
 10807   30000D  40                 	db	64
 10808                           tosu	equ	0xFFF
 10809                           tosh	equ	0xFFE
 10810                           tosl	equ	0xFFD
 10811                           stkptr	equ	0xFFC
 10812                           pclatu	equ	0xFFB
 10813                           pclath	equ	0xFFA
 10814                           pcl	equ	0xFF9
 10815                           tblptru	equ	0xFF8
 10816                           tblptrh	equ	0xFF7
 10817                           tblptrl	equ	0xFF6
 10818                           tablat	equ	0xFF5
 10819                           prodh	equ	0xFF4
 10820                           prodl	equ	0xFF3
 10821                           indf0	equ	0xFEF
 10822                           postinc0	equ	0xFEE
 10823                           postdec0	equ	0xFED
 10824                           preinc0	equ	0xFEC
 10825                           plusw0	equ	0xFEB
 10826                           fsr0h	equ	0xFEA
 10827                           fsr0l	equ	0xFE9
 10828                           wreg	equ	0xFE8
 10829                           indf1	equ	0xFE7
 10830                           postinc1	equ	0xFE6
 10831                           postdec1	equ	0xFE5
 10832                           preinc1	equ	0xFE4
 10833                           plusw1	equ	0xFE3
 10834                           fsr1h	equ	0xFE2
 10835                           fsr1l	equ	0xFE1
 10836                           bsr	equ	0xFE0
 10837                           indf2	equ	0xFDF
 10838                           postinc2	equ	0xFDE
 10839                           postdec2	equ	0xFDD
 10840                           preinc2	equ	0xFDC
 10841                           plusw2	equ	0xFDB
 10842                           fsr2h	equ	0xFDA
 10843                           fsr2l	equ	0xFD9
 10844                           status	equ	0xFD8

Data Sizes:
    Strings     245
    Constant    3
    Data        88
    BSS         67
    Persistent  0
    Stack       0

Auto Spaces:
    Space          Size  Autos    Used
    COMRAM           95     32      94
    BANK0           160      0      93
    BANK1           256      0       0
    BANK2           256      0       0
    BANK3           256      0       0
    BANK4           256      0       0
    BANK5           256      0       0

Pointer List with Targets:

    clcd_print@data	PTR const unsigned char  size(2) Largest target is 52
		 -> gear(BANK0[24]), menu(BANK0[52]), set_time@display(COMRAM[9]), speed_data(COMRAM[3]), 
		 -> STR_1(CODE[17]), STR_10(CODE[14]), STR_11(CODE[17]), STR_12(CODE[12]), 
		 -> STR_13(CODE[17]), STR_14(CODE[15]), STR_15(CODE[17]), STR_16(CODE[17]), 
		 -> STR_17(CODE[17]), STR_18(CODE[17]), STR_19(CODE[3]), STR_2(CODE[17]), 
		 -> STR_20(CODE[3]), STR_21(CODE[3]), STR_22(CODE[3]), STR_23(CODE[17]), 
		 -> STR_24(CODE[12]), STR_25(CODE[17]), STR_26(CODE[8]), STR_27(CODE[17]), 
		 -> STR_3(CODE[16]), STR_30(CODE[17]), STR_31(CODE[15]), STR_32(CODE[17]), 
		 -> STR_35(CODE[17]), STR_36(CODE[16]), STR_37(CODE[17]), STR_38(CODE[9]), 
		 -> STR_4(CODE[10]), STR_5(CODE[15]), STR_6(CODE[17]), STR_7(CODE[13]), 
		 -> STR_8(CODE[14]), STR_9(CODE[17]), time(COMRAM[9]), view_log@log(COMRAM[17]), 

    my_strcmp@str1	PTR unsigned char  size(1) Largest target is 9
		 -> original_password(COMRAM[9]), 

    my_strcmp@str2	PTR unsigned char  size(1) Largest target is 9
		 -> user_password(COMRAM[9]), 

    puts@data	PTR unsigned char  size(2) Largest target is 29
		 -> download_log@uart_log(COMRAM[17]), STR_28(CODE[29]), STR_29(CODE[3]), STR_33(CODE[22]), 
		 -> STR_34(CODE[3]), 

    sp__get_speed	PTR unsigned char  size(1) Largest target is 3
		 -> speed_data(COMRAM[3]), 

    store_log@speed	PTR unsigned char  size(1) Largest target is 3
		 -> speed_data(COMRAM[3]), 


Critical Paths under _main in COMRAM

    _main->_set_time
    _view_log->___lwmod
    _view_log->_clcd_print
    _view_dashboard->_get_speed
    _get_speed->___lldiv
    ___lldiv->___lmul
    _get_gear->_store_log
    _store_log->___lwmod
    _write_AT24C04->_i2c_write
    _get_time->_clcd_print
    _set_time->_write_ds1307
    _read_password->_clcd_putch
    _init_config->_init_ds1307
    _init_ds1307->_write_ds1307
    _write_ds1307->___awdiv
    _read_ds1307->_i2c_write
    _init_clcd->_clcd_write
    _download_log->___lwmod
    _download_log->_clcd_print
    _read_AT24C04->_i2c_write
    _puts->_putchar
    _display_main_menu->_clcd_print
    _clear_screen->_clcd_print
    _clear_log->_clcd_print
    _clcd_print->_clcd_write
    _blink_cursor->_clcd_putch
    _clcd_putch->_clcd_write

Critical Paths under _main in BANK0

    None.

Critical Paths under _main in BANK1

    None.

Critical Paths under _main in BANK2

    None.

Critical Paths under _main in BANK3

    None.

Critical Paths under _main in BANK4

    None.

Critical Paths under _main in BANK5

    None.

Call Graph Tables:

 ---------------------------------------------------------------------------------
 (Depth) Function   	        Calls       Base Space   Used Autos Params    Refs
 ---------------------------------------------------------------------------------
 (0) _main                                                 2     2      0    8254
                                             30 COMRAM     2     2      0
                       _blink_cursor
                         _clcd_print
                         _clcd_putch
                          _clear_log
                       _clear_screen
                  _display_main_menu
                       _download_log
                        _init_config
                          _my_strcmp
                 _read_matrix_keypad
                      _read_password
                           _set_time
                     _view_dashboard
                           _view_log
 ---------------------------------------------------------------------------------
 (1) _view_log                                            18    18      0    1099
                                              5 COMRAM    18    18      0
                            ___lwmod
                         _clcd_print
                       _read_AT24C04
 ---------------------------------------------------------------------------------
 (1) _view_dashboard                                       0     0      0    2313
                         _clcd_print
                           _get_gear
                          _get_speed
                           _get_time
 ---------------------------------------------------------------------------------
 (2) _get_speed                                            4     4      0     920
                                             25 COMRAM     4     4      0
                            ___lldiv
                             ___lmul
                            ___lwdiv
                            ___lwmod
                         _clcd_print
                           _read_adc
 ---------------------------------------------------------------------------------
 (3) _read_adc                                             7     5      2      52
                                              0 COMRAM     7     5      2
 ---------------------------------------------------------------------------------
 (3) ___lwdiv                                              7     3      4     164
                                              0 COMRAM     7     3      4
 ---------------------------------------------------------------------------------
 (3) ___lmul                                              12     4      8      94
                                              0 COMRAM    12     4      8
 ---------------------------------------------------------------------------------
 (3) ___lldiv                                             13     5      8     164
                                             12 COMRAM    13     5      8
                             ___lmul (ARG)
 ---------------------------------------------------------------------------------
 (2) _get_gear                                             2     2      0     890
                                              8 COMRAM     2     2      0
                         _clcd_print
                          _store_log
 ---------------------------------------------------------------------------------
 (3) _store_log                                            3     2      1     652
                                              5 COMRAM     3     2      1
                            ___lwmod
                           _get_time
                      _write_AT24C04
 ---------------------------------------------------------------------------------
 (4) _write_AT24C04                                        3     2      1      90
                                              1 COMRAM     3     2      1
                          _i2c_start
                           _i2c_stop
                          _i2c_write
 ---------------------------------------------------------------------------------
 (4) _get_time                                             0     0      0     292
                         _clcd_print
                        _read_ds1307
 ---------------------------------------------------------------------------------
 (1) _set_time                                            20    20      0    1551
                                             10 COMRAM    20    20      0
                            ___awdiv
                            ___awmod
                         _clcd_print
                        _read_ds1307
                       _write_ds1307
 ---------------------------------------------------------------------------------
 (2) ___awmod                                              6     2      4     314
                                              0 COMRAM     6     2      4
 ---------------------------------------------------------------------------------
 (2) ___awdiv                                              8     4      4     312
                                              0 COMRAM     8     4      4
 ---------------------------------------------------------------------------------
 (1) _read_password                                        1     1      0     285
                                              4 COMRAM     1     1      0
                         _clcd_putch
                 _read_matrix_keypad
 ---------------------------------------------------------------------------------
 (2) _read_matrix_keypad                                   2     2      0      75
                                              0 COMRAM     2     2      0
                           _scan_key
 ---------------------------------------------------------------------------------
 (3) _scan_key                                             0     0      0       0
 ---------------------------------------------------------------------------------
 (1) _my_strcmp                                            6     4      2     268
                                              0 COMRAM     6     4      2
 ---------------------------------------------------------------------------------
 (1) _init_config                                          0     0      0     300
                           _init_adc
                          _init_clcd
                        _init_ds1307
                           _init_i2c
                 _init_matrix_keypad
                          _init_uart
 ---------------------------------------------------------------------------------
 (2) _init_uart                                            0     0      0       0
 ---------------------------------------------------------------------------------
 (2) _init_matrix_keypad                                   0     0      0       0
 ---------------------------------------------------------------------------------
 (2) _init_i2c                                             0     0      0       0
 ---------------------------------------------------------------------------------
 (2) _init_ds1307                                          1     1      0     238
                                             10 COMRAM     1     1      0
                        _read_ds1307
                       _write_ds1307
 ---------------------------------------------------------------------------------
 (3) _write_ds1307                                         2     1      1      88
                                              8 COMRAM     2     1      1
                            ___awdiv (ARG)
                            ___awmod (ARG)
                          _i2c_start
                           _i2c_stop
                          _i2c_write
 ---------------------------------------------------------------------------------
 (5) _read_ds1307                                          2     2      0      81
                                              1 COMRAM     2     2      0
                           _i2c_read
                      _i2c_rep_start
                          _i2c_start
                           _i2c_stop
                          _i2c_write
 ---------------------------------------------------------------------------------
 (2) _init_clcd                                            1     1      0      62
                                              2 COMRAM     1     1      0
                         _clcd_write
 ---------------------------------------------------------------------------------
 (2) _init_adc                                             0     0      0       0
 ---------------------------------------------------------------------------------
 (1) _download_log                                        21    21      0    1254
                                              5 COMRAM    21    21      0
                            ___lwmod
                         _clcd_print
                               _puts
                       _read_AT24C04
 ---------------------------------------------------------------------------------
 (2) _read_AT24C04                                         2     2      0      81
                                              1 COMRAM     2     2      0
                           _i2c_read
                      _i2c_rep_start
                          _i2c_start
                           _i2c_stop
                          _i2c_write
 ---------------------------------------------------------------------------------
 (6) _i2c_write                                            1     1      0      29
                                              0 COMRAM     1     1      0
                           _i2c_idle
 ---------------------------------------------------------------------------------
 (6) _i2c_stop                                             0     0      0       0
                           _i2c_idle
 ---------------------------------------------------------------------------------
 (6) _i2c_start                                            0     0      0       0
                           _i2c_idle
 ---------------------------------------------------------------------------------
 (6) _i2c_rep_start                                        0     0      0       0
                           _i2c_idle
 ---------------------------------------------------------------------------------
 (6) _i2c_read                                             0     0      0       0
                         _i2c_no_ack
                        _i2c_rx_mode
 ---------------------------------------------------------------------------------
 (7) _i2c_rx_mode                                          0     0      0       0
                           _i2c_idle
 ---------------------------------------------------------------------------------
 (8) _i2c_idle                                             0     0      0       0
 ---------------------------------------------------------------------------------
 (7) _i2c_no_ack                                           0     0      0       0
 ---------------------------------------------------------------------------------
 (2) _puts                                                 2     0      2      65
                                              1 COMRAM     2     0      2
                            _putchar
 ---------------------------------------------------------------------------------
 (3) _putchar                                              1     1      0      15
                                              0 COMRAM     1     1      0
 ---------------------------------------------------------------------------------
 (4) ___lwmod                                              5     1      4     167
                                              0 COMRAM     5     1      4
 ---------------------------------------------------------------------------------
 (1) _display_main_menu                                    2     2      0     234
                                              5 COMRAM     2     2      0
                         _clcd_print
 ---------------------------------------------------------------------------------
 (1) _clear_screen                                         0     0      0     211
                         _clcd_print
 ---------------------------------------------------------------------------------
 (1) _clear_log                                            0     0      0     211
                         _clcd_print
 ---------------------------------------------------------------------------------
 (5) _clcd_print                                           3     0      3     211
                                              2 COMRAM     3     0      3
                         _clcd_write
 ---------------------------------------------------------------------------------
 (1) _blink_cursor                                         0     0      0     121
                         _clcd_putch
 ---------------------------------------------------------------------------------
 (2) _clcd_putch                                           2     1      1     121
                                              2 COMRAM     2     1      1
                         _clcd_write
 ---------------------------------------------------------------------------------
 (6) _clcd_write                                           2     1      1      62
                                              0 COMRAM     2     1      1
 ---------------------------------------------------------------------------------
 Estimated maximum stack depth 8
 ---------------------------------------------------------------------------------

 Call Graph Graphs:

 _main (ROOT)
   _blink_cursor
     _clcd_putch
       _clcd_write
   _clcd_print
     _clcd_write
   _clcd_putch
   _clear_log
     _clcd_print
   _clear_screen
     _clcd_print
   _display_main_menu
     _clcd_print
   _download_log
     ___lwmod
     _clcd_print
     _puts
       _putchar
     _read_AT24C04
       _i2c_read
         _i2c_no_ack
         _i2c_rx_mode
           _i2c_idle
       _i2c_rep_start
         _i2c_idle
       _i2c_start
         _i2c_idle
       _i2c_stop
         _i2c_idle
       _i2c_write
         _i2c_idle
   _init_config
     _init_adc
     _init_clcd
       _clcd_write
     _init_ds1307
       _read_ds1307
         _i2c_read
         _i2c_rep_start
         _i2c_start
         _i2c_stop
         _i2c_write
       _write_ds1307
         ___awdiv (ARG)
         ___awmod (ARG)
         _i2c_start (ARG)
         _i2c_stop (ARG)
         _i2c_write (ARG)
     _init_i2c
     _init_matrix_keypad
     _init_uart
   _my_strcmp
   _read_matrix_keypad
     _scan_key
   _read_password
     _clcd_putch
     _read_matrix_keypad
   _set_time
     ___awdiv
     ___awmod
     _clcd_print
     _read_ds1307
     _write_ds1307
   _view_dashboard
     _clcd_print
     _get_gear
       _clcd_print
       _store_log
         ___lwmod
         _get_time
           _clcd_print
           _read_ds1307
         _write_AT24C04
           _i2c_start
           _i2c_stop
           _i2c_write
     _get_speed
       ___lldiv
         ___lmul (ARG)
       ___lmul
       ___lwdiv
       ___lwmod
       _clcd_print
       _read_adc
     _get_time
   _view_log
     ___lwmod
     _clcd_print
     _read_AT24C04

Address spaces:
Name               Size   Autos  Total    Usage
BIGRAM            1535      0       0      0.0%
BITBIGSFRlll       641      0       0      0.0%
BITBANK5           256      0       0      0.0%
BANK5              256      0       0      0.0%
BITBANK4           256      0       0      0.0%
BANK4              256      0       0      0.0%
BITBANK3           256      0       0      0.0%
BANK3              256      0       0      0.0%
BITBANK2           256      0       0      0.0%
BANK2              256      0       0      0.0%
BITBANK1           256      0       0      0.0%
BANK1              256      0       0      0.0%
BITBANK0           160      0       0      0.0%
BANK0              160      0      93     58.1%
BITCOMRAM           95      0       0      0.0%
COMRAM              95     32      94     98.9%
BITBIGSFRh          82      0       0      0.0%
BITBIGSFRllh        28      0       0      0.0%
BITBIGSFRlh         14      0       0      0.0%
STACK                0      0       0      0.0%
DATA                 0      0     187      0.0%


Microchip Technology PIC18 Macro Assembler V3.10 build 20250813170317 
Symbol Table                                                                                   Tue Mar 31 22:30:11 2026

                     clcd_print@addr 0037                       clcd_print@data 0035  
                      my_strcmp@str1 0033                        my_strcmp@str2 0034  
                                 l37 1612                                   l62 18A2  
                                 l54 1634                                   l91 28E0  
                                 l68 1D48                                   l77 218E  
                                 l88 2868                                   _GO 7E11  
                                 l98 2958                         ___awdiv@sign 0038  
                 _init_matrix_keypad 156A                                  l103 2A30  
                                l104 2A30                                  l210 255A  
                                l213 1CA6                                  l207 1C0A  
                                l151 1730                                  l250 26DA  
                                l226 20C0                                  l154 175C  
                                l411 1568                                  l323 2F00  
                                l148 15F2                                  l229 15D2  
                                l414 152C                                  l430 14F6  
                                l262 2862                                  l511 16AE  
                                l416 153A                                  l424 14FE  
                                l272 23F4                                  l600 1DDC  
                                l345 1712                                  l417 153C  
                                l433 151E                                  l505 184A  
                                l346 1716                                  l442 1512  
                                l355 1A9C                                  l427 1506  
                                l276 17F8                                  l436 14EE  
                                l508 15B4                                  l349 1E92  
                                l453 157E                                  l461 21D2  
                                l373 16DC                                  l358 1596  
                                l439 14E6                                  l471 2256  
                                l607 1DEC                                  l376 1684  
                                l552 165A                                  l464 2200  
                                l456 21AA                                  l473 226A  
                                l465 223C                                  l457 2294  
                                l570 1900                                  l466 2214  
                                l458 21E6                                  l555 1540  
                                l475 227E                                  l459 21BE  
                                l483 1B0C                                  l468 2228  
                                l558 1552                                  l584 1A20  
                                l585 1A30                                  l914 2000  
                                l927 1F40                                  _CKE 7E3E  
                                _RC0 7C10                                  _RC1 7C11  
                                _RC2 7C12                                  _RD7 7C1F  
                                u200 2236                                  u201 2232  
                                u210 2250                                  u130 21A4  
                                u211 224C                                  u131 21A0  
                                u220 2264                                  u140 21B8  
                                u221 2260                                  u141 21B4  
                                u230 2278                                  u150 21CC  
                                u231 2274                                  u151 21C8  
                                u240 228C                                  u160 21E0  
                                u241 2288                                  u161 21DC  
                                u250 154E                                  u170 21FA  
                                u251 154A                                  u171 21F6  
                                u180 220E                                  u340 1AB0  
                                u181 220A                                  u341 1AAC  
                                u190 2222                                  u350 1AC8  
                                u191 221E                                  u351 1AC4  
                                u360 1ADE                                  _PEN 7E2A  
                                u361 1ADA                                  u370 1AEE  
                                u371 1AEA                                  u380 1B06  
                                u381 1B02                                  _SEN 7E28  
                                _RX9 7D5E                                  _SMP 7E3F  
                                _TX9 7D66                                  _WUE 7DC1  
                                _key 001C                       clcd_putch@addr 0035  
                     clcd_putch@data 0036                         ___awmod@sign 0038  
                                wreg 0FE8                  ?_init_matrix_keypad 0033  
                    ?_view_dashboard 0033                                 l3000 15CE  
                               l3010 2594                                 l3002 255C  
                               l3020 25D2                                 l3004 256C  
                               l3012 259A                                 l3100 27C0  
                               l1181 1B7E                                 l3030 2624  
                               l3014 25AC                                 l3022 25D4  
                               l3006 257C                                 l1174 1B76  
                               l3110 27D8                                 l3102 27C2  
                               l1191 19C6                                 l3032 2634  
                               l3024 25E4                                 l3016 25BC  
                               l3008 2584                                 l1184 19BE  
                               l3200 2362                                 l3120 27F0  
                               l3112 27DA                                 l3104 27CA  
                               l3042 2694                                 l3034 2658  
                               l3026 25FC                                 l3018 25C2  
                               l3210 2398                                 l3202 2364  
                               l3130 280E                                 l3122 27F2  
                               l3114 27E2                                 l3106 27CC  
                               l3220 17C8                                 l3044 269C  
                               l3052 26B4                                 l3036 2678  
                               l3028 260C                                 l2500 14FA  
                               l3212 23A8                                 l3204 236E  
                               l3140 2296                                 l1620 2278  
                               l1604 2236                                 l3300 2DC8  
                               l3132 281E                                 l3124 27FA  
                               l3116 27E4                                 l3108 27D0  
                               l3060 2714                                 l3046 26A4  
                               l3038 267E                                 l2510 14F0  
                               l2502 1516                                 l3206 237A  
                               l3150 22EA                                 l3214 23DC  
                               l3142 2298                                 l1630 2292  
                               l1614 2264                                 l3310 2E06  
                               l3302 2DD8                                 l3230 2B62  
                               l3222 2B12                                 l3134 282E  
                               l3126 27FC                                 l3118 27E8  
                               l3070 2752                                 l3062 2718  
                               l3054 26DC                                 l2520 1A32  
                               l3216 17AA                                 l3048 26AC  
                               l2512 14F2                                 l2504 151A  
                               l3160 2302                                 l3152 22EE  
                               l3208 237C                                 l3144 22AA  
                               l1608 2250                                 l1800 1B0A  
                               l3320 2E44                                 l3312 2E16  
                               l3304 2DE8                                 l3240 2BB0  
                               l3232 2B76                                 l3224 2B22  
                               l2600 23F8                                 l3128 27FE  
                               l3080 2790                                 l3072 2764  
                               l3064 272A                                 l3056 26EE  
                               l3136 2840                                 l3400 2A20  
                               l2522 1A40                                 l3218 17B6  
                               l1634 1540                                 l2514 1508  
                               l2506 1500                                 l3170 231A  
                               l3162 2306                                 l3154 22F6  
                               l3146 22BA                                 l1730 15EE  
                               l2530 168C                                 l1626 228C  
                               l1570 21B8                                 l1562 2190  
                               l3322 2E56                                 l3330 2EFE  
                               l3314 2E1C                                 l3306 2DEE  
                               l3250 2C18                                 l3242 2BC0  
                               l3226 2B3A                                 l3234 2B7A  
                               l2610 2432                                 l2602 23FC  
                               l3090 27A8                                 l3082 2792  
                               l3074 276C                                 l3138 2860  
                               l3066 273C                                 l3058 26FE  
                               l3410 2A72                                 l3402 2A34  
                               l2524 1A68                                 l1636 154E  
                               l2516 1510                                 l2508 1502  
                               l3180 2332                                 l3172 231E  
                               l3164 230E                                 l3156 22F8  
                               l3148 22C2                                 l2532 1692  
                               l1740 1564                                 l1732 1554  
                               l1564 21A4                                 l3324 2EF8  
                               l3308 2DF6                                 l3316 2E20  
                               l3260 2C74                                 l3252 2C1C  
                               l3244 2BD0                                 l3236 2B7E  
                               l3228 2B4E                                 l2620 245A  
                               l2612 243C                                 l2604 2416  
                               l2700 1DBA                                 l3092 27AA  
                               l3084 279A                                 l3076 2784  
                               l3068 2742                                 l3420 2AA8  
                               l3412 2A82                                 l3404 2A4C  
                               l3340 288A                                 l3332 2864  
                               l2526 1A6C                                 l2470 152C  
                               l3190 234A                                 l3182 2336  
                               l3174 2326                                 l3166 2310  
                               l3158 2300                                 l2534 1698  
                               l1742 1566                                 l1734 1558  
                               l1582 21E0                                 l3326 2EFA  
                               l3318 2E32                                 l3270 2CD2  
                               l3262 2C78                                 l3254 2C2C  
                               l3246 2BE0                                 l3238 2B94  
                               l2550 1BCE                                 l2542 1B80  
                               l2630 2490                                 l2622 246A  
                               l2614 243E                                 l2606 2420  
                               l2702 1DCA                                 l2710 1B14  
                               l3094 27B2                                 l3086 279C  
                               l3078 2788                                 l3422 2AB0  
                               l3414 2A90                                 l3406 2A52  
                               l3350 28C8                                 l3342 288C  
                               l3334 2870                                 l2480 16F2  
                               l2472 14E8                                 l3192 234E  
                               l3184 233E                                 l3176 2328  
                               l3168 2318                                 l1728 15D4  
                               l2536 169C                                 l2528 1688  
                               l1736 1560                                 l1760 1636  
                               l1592 220E                                 l1576 21CC  
                               l3328 2EFC                                 l3280 2D20  
                               l3272 2CD4                                 l3264 2C8A  
                               l3256 2C3C                                 l3248 2BEC  
                               l2560 1BFC                                 l2552 1BD2  
                               l2544 1B98                                 l2640 24BE  
                               l2632 2492                                 l2624 2474  
                               l2616 244E                                 l2608 2422  
                               l2800 2040                                 l2704 1DCC  
                               l2720 1B4A                                 l2712 1B26  
                               l3096 27B4                                 l3088 27A0  
                               l3424 2AB4                                 l3416 2A98  
                               l3408 2A62                                 l3360 2900  
                               l3352 28CC                                 l3344 289E  
                               l3336 2882                                 l2490 16FE  
                               l2482 16F6                                 l2474 14EA  
                               l3194 2356                                 l3186 2340  
                               l3178 2330                                 l2730 1DEE  
                               l2538 16A8                                 l1738 1562  
                               l1762 1652                                 l1586 21FA  
                               l3290 2D8A                                 l3282 2D30  
                               l3274 2CE2                                 l3266 2C9A  
                               l3258 2C48                                 l2554 1BDC  
                               l2546 1BA6                                 l2570 16C8  
                               l2562 16B2                                 l2650 24FE  
                               l2642 24D4                                 l2634 24A2  
                               l2626 2476                                 l2618 2458  
                               l2810 2074                                 l2802 2050  
                               l2706 1DD6                                 l2722 1B60  
                               l2714 1B2E                                 l3098 27B8  
                               l3418 2AA0                                 l3370 294C  
                               l3362 2910                                 l3354 28E2  
                               l3346 28B4                                 l3338 2886  
                               l2492 1700                                 l2484 16F8  
                               l2580 1986                                 l2476 14E2  
                               l2820 165E                                 l3196 2358  
                               l3188 2348                                 l2740 1E12  
                               l2732 1DF0                                 l1756 156A  
                               l1764 1656                                 l1780 1AB8  
                               l1772 1AA0                                 l2900 1ED8  
                               l3292 2D9A                                 l3284 2D4E  
                               l3276 2CF2                                 l3268 2CA6  
                               l2556 1BE4                                 l2548 1BBC  
                               l2572 16CC                                 l2564 16B6  
                               l2660 2544                                 l2652 250E  
                               l2644 24D6                                 l2636 24AC  
                               l2628 2486                                 l2812 2086  
                               l2724 1B68                                 l2716 1B36  
                               l2708 1B0E                                 l3380 2984  
                               l3372 2950                                 l3364 2924  
                               l3356 28F2                                 l3348 28B8  
                               l3428 2ABC                                 l2494 1702  
                               l2486 16FA                                 l2478 16E0  
                               l2582 1994                                 l2574 1964  
                               l2830 167E                                 l2822 1662  
                               l3198 2360                                 l2750 1E44  
                               l2742 1E22                                 l2734 1DF6  
                               l2670 15A4                                 l1758 156C  
                               l1766 1658                                 l1598 2222  
                               l1790 1AF0                                 l1782 1AC8  
                               l1774 1AB0                                 l2910 1F14  
                               l2902 1EE0                                 l3294 2DAA  
                               l3278 2D02                                 l3286 2D68  
                               l2558 1BFA                                 l2566 16BC  
                               l2662 2546                                 l2654 251E  
                               l2646 24E6                                 l2638 24AE  
                               l2806 2056                                 l2814 208E  
                               l2726 1B6A                                 l2718 1B44  
                               l2590 171A                                 l3438 2AD0  
                               l3390 29C4                                 l3382 2988  
                               l3374 295A                                 l3366 292E  
                               l3358 28F8                                 l2496 1704  
                               l2488 16FC                                 l2584 19AA  
                               l2576 1976                                 l2840 18D0  
                               l2824 1668                                 l2760 1E72  
                               l2752 1E4E                                 l2744 1E2C  
                               l2736 1DF8                                 l2672 15AA  
                               l1784 1ACE                                 l2912 1F1A  
                               l2904 1EE8                                 l3296 2DB0  
                               l3288 2D7A                                 l2568 16C2  
                               l2664 2556                                 l2656 2520  
                               l2648 24FC                                 l2816 20A6  
                               l2808 2068                                 l2680 19E6  
                               l2728 1B70                                 l2592 172E  
                               l3392 29D8                                 l3384 2998  
                               l3376 2978                                 l3368 2930  
                               l2586 19B2                                 l2578 197E  
                               l2834 18A4                                 l2498 14F8  
                               l2826 166E                                 l2762 1E80  
                               l2754 1E56                                 l2746 1E34  
                               l2738 1E08                                 l2674 15B0  
                               l2666 159A                                 l2770 180E  
                               l2930 1610                                 l2922 15F4  
                               l1786 1ADE                                 l2850 1F5E  
                               l2842 1F42                                 l2906 1EF6  
                               l2914 1F20                                 l3298 2DB8  
                               l2658 2530                                 l2818 20B6  
                               l2690 1D70                                 l2682 19F6  
                               l2594 173E                                 l3394 29F0  
                               l3386 29A8                                 l3378 297C  
                               l2940 187E                                 l2932 1614  
                               l2588 19B8                                 l2836 18A8  
                               l2828 1672                                 l2764 1E8A  
                               l2756 1E60                                 l2748 1E3E  
                               l2668 159E                                 l2772 1818  
                               l2924 15F8                                 l1788 1AEE  
                               l1796 1AF6                                 l2860 1F90  
                               l2852 1F6C                                 l2844 1F44  
                               l2916 1F30                                 l2908 1F0C  
                               l2692 1D78                                 l2684 1A00  
                               l2676 19C8                                 l2596 1754  
                               l2780 1C0C                                 l3396 2A00  
                               l3388 29B4                                 l2942 1896  
                               l2934 184C                                 l2838 18CC  
                               l2758 1E68                                 l2774 1820  
                               l2766 17FA                                 l2926 15FC  
                               l1798 1B06                                 l2870 1FCA  
                               l2862 1F98                                 l2854 1F74  
                               l2846 1F52                                 l2918 1F38  
                               l2790 2004                                 l2694 1D84  
                               l2686 1D4A                                 l2678 19D8  
                               l2782 1C96                                 l3398 2A10  
                               l2936 1868                                 l2776 183E  
                               l2768 1802                                 l2928 160C  
                               l2960 1D2A                                 l2952 1CDE  
                               l2944 1CA8                                 l2880 1FF0  
                               l2872 1FD2                                 l2864 1FA0  
                               l2856 1F78                                 l2848 1F5A  
                               l2792 2014                                 l2696 1D92  
                               l2688 1D5A                                 l2784 1C98  
                               l2778 1582                                 l2938 186E  
                               l2962 1D42                                 l2946 1CB2  
                               l2954 1CE2                                 l2882 1FF8  
                               l2874 1FD4                                 l2866 1FAE  
                               l2858 1F7E                                 l2890 1EA4  
                               l2794 2024                                 l2698 1D9C  
                               l2956 1CFA                                 l2948 1CD4  
                               l2980 20F0                                 l2972 20C2  
                               l2876 1FDA                                 l2868 1FB4  
                               l2892 1EAC                                 l2796 2026  
                               l2788 2002                                 l2958 1D12  
                               l2990 214A                                 l2982 210C  
                               l2974 20CA                                 l2878 1FE0  
                               l2894 1EB0                                 l2886 1E94  
                               l2798 202E                                 l2992 2156  
                               l2984 211C                                 l2976 20DA  
                               l2896 1EBE                                 l2888 1E96  
                               l2994 215A                                 l2986 212C  
                               l2898 1EC6                                 l2996 2176  
                               l2988 213E                                 l2998 15B6  
                               _ADFM 7E07                                 _ADON 7E10  
                               STR_1 2F4A                                 STR_2 2F4A  
                               STR_3 2F6B                                 STR_4 2FDA  
                               STR_5 2F8A                                 STR_6 2F4A  
                               STR_7 2FB5                                 STR_8 2FA7  
                               STR_9 2F4A                                 _BRGH 7D62  
                               _CREN 7D5C                                 u2000 2BA6  
                               u2001 2BA0                                 u2010 2BA8  
                               u1300 1A9C                                 u2100 2D30  
                               u2020 2BD0                                 u1301 1A98  
                               u2101 2D2C                                 u2021 2BCC  
                               u2110 2D7A                                 u2030 2BE0  
                               u1310 1BA6                                 u2111 2D76  
                               u2031 2BDC                                 u1311 1BA2  
                               u1320 1976                                 u1240 153A  
                               u2120 2D8A                                 u2040 2C2C  
                               u1400 1DBA                                 u2200 289E  
                               u1321 1972                                 u1241 1536  
                               u2121 2D86                                 u2041 2C28  
                               u1401 1DB6                                 u2201 289A  
                               u1250 16F0                                 u1330 1994  
                               u2130 2D9A                                 u2050 2C3C  
                               u1410 1B26                                 u2210 28B0  
                               u1251 16EA                                 u1331 1990  
                               u2131 2D96                                 u2051 2C38  
                               u1411 1B22                                 u2211 28AA  
                               u1340 19AA                                 u2140 2DC8  
                               u2060 2C8A                                 u1500 20B6  
                               u1420 1B44                                 u2220 28B2  
                               u1341 19A6                                 u2141 2DC4  
                               u2061 2C86                                 u1501 20B2  
                               u1421 1B40                                 u1270 1712  
                               u1510 18C8                                 u2150 2DD8  
                               u2070 2C9A                                 u1430 1B60  
                               u1350 173E                                 u2230 28C8  
                               u1271 170E                                 u2151 2DD4  
                               u2071 2C96                                 u1431 1B5C  
                               u1351 173A                                 u2231 28C4  
                               u1280 1A64                                 u1520 18F0  
                               u1600 1EA4                                 u2160 2E06  
                               u2080 2CF2                                 u1440 2014  
                               u1360 19E6                                 u2240 2910  
                               u1265 16F2                                 u1601 1EA0  
                               u2161 2E02                                 u2081 2CEE  
                               u1441 2010                                 u1361 19E2  
                               u2241 290C                                 u1290 1A8C  
                               u1530 1900                                 u1610 1EBE  
                               u2170 2E32                                 u2090 2D02  
                               u1450 2024                                 u1370 1A20  
                               u2250 294C                                 u1531 18FC  
                               u1611 1EBA                                 u2171 2E2E  
                               u2091 2CFE                                 u2307 2428  
                               u1451 2020                                 u1371 1A1C  
                               u2251 2948                                 u1700 1D12  
                               u1540 1F52                                 u1620 1ED8  
                               u2180 2E56                                 u1460 2040  
                               u1380 1D70                                 u2260 2978  
                               u1517 18BE                                 u1701 1D0E  
                               u1541 1F4E                                 u1621 1ED4  
                               u2181 2E52                                 u2317 2444  
                               u1461 203C                                 u1381 1D6C  
                               u2261 2974                                 u1710 1D2A  
                               u1550 1F6C                                 u1630 1EF6  
                               u1470 2050                                 u1390 1D92  
                               u2270 29D8                                 u2190 2882  
                               u1287 1A5A                                 u1527 18E6  
                               u1711 1D26                                 u1551 1F68  
                               u1631 1EF2                                 u2407 16D2  
                               u2327 2460                                 u1471 204C  
                               u1391 1D8E                                 u2271 29D4  
                               u2191 287E                                 u1800 257C  
                               u1720 1D42                                 u1560 1F90  
                               u1640 1F0C                                 u1480 2068  
                               u1297 1A82                                 u1801 2578  
                               u2417 1DFE                                 u1721 1D3E  
                               u1561 1F8C                                 u1641 1F08  
                               u2337 247C                                 u1481 2064  
                               u1810 2594                                 u1730 20DA  
                               u1570 1FAE                                 u1650 1F30  
                               u1490 2086                                 u1811 2590  
                               u2427 1E18                                 u1731 20D6  
                               u1571 1FAA                                 u1651 1F2C  
                               u2347 2498                                 u1491 2082  
                               u1660 1868                                 u1820 25AC  
                               u1740 20EC                                 u1580 1FCA  
                               u1900 272A                                 u1661 1864  
                               u1821 25A8                                 u2437 1E2E  
                               u1741 20E8                                 u1581 1FC6  
                               u2357 24B4                                 u1901 2726  
                               u1670 1896                                 u1830 25BC  
                               u1750 210C                                 u1590 1FF0  
                               u1910 273C                                 u1671 1892  
                               u1831 25B8                                 u2447 1E50  
                               u1751 2108                                 u1591 1FEC  
                               u2367 24DC                                 u1911 2738  
                               u2287 29E2                                 u1840 25D2  
                               u1680 1CD4                                 u1760 211C  
                               u1920 2752                                 u1841 25CE  
                               u2457 1E62                                 u1681 1CD0  
                               u1761 2118                                 u2377 2504  
                               u1921 274E                                 u2297 2A3E  
                               u1850 2634                                 u1690 1CFA  
                               u1770 213E                                 u1930 2764  
                               u1851 2630                                 u2467 1E78  
                               u1691 1CF6                                 u1771 213A  
                               u2387 2526                                 u1931 2760  
                               u1860 2690                                 u1940 22AA  
                               u1780 2176                                 u1861 268C  
                               u1941 22A6                                 u2477 1E8C  
                               u1781 2172                                 u2397 254C  
                               u1790 256C                                 u1950 2398  
                               u1870 26EE                                 u1791 2568  
                               u1951 2394                                 u1871 26EA  
                               u1960 23A8                                 u1880 26FE  
                               u1961 23A4                                 u1881 26FA  
                               u1970 17C8                                 u1890 2714  
                               u1971 17C4                                 u1891 2710  
                               u1980 2B22                                 u1981 2B1E  
                               u1990 2B94                                 u1991 2B90  
                               _RCEN 7E2B                                 _RCIF 7CF5  
                               _RBPU 7F8F                                 _SPEN 7D5F  
                               _RSEN 7E29                                 _TXEN 7D65  
                               _TXIF 7CF4                                 _SYNC 7D64  
                               _gear 0094                                 _main 2864  
                               _menu 0060                                 _time 001E  
                               fsr0h 0FEA                                 fsr1h 0FE2  
                               indf0 0FEF                                 fsr2h 0FDA  
                               fsr0l 0FE9                                 indf2 0FDF  
                               fsr1l 0FE1                                 fsr2l 0FD9  
                               _puts 18A4                                 prodl 0FF3  
                               start 2FFC                 ??_init_matrix_keypad 0033  
                       ___param_bank 0000                       clcd_write@byte 0034  
                      _i2c_rep_start 14F0                        ??_i2c_rx_mode 0033  
                       ?_init_ds1307 0033                                _ABDEN 7DC0  
                              _ADCS0 7E00                                _ADCS1 7E01  
                              _ADCS2 7E02                                ?_main 0033  
                       ?_read_ds1307 0033                                _ACKEN 7E2C  
                              _ACKDT 7E2D                                _BCLIF 7D0B  
                              _ACQT0 7E03                                _ACQT1 7E04  
                              _ACQT2 7E05                      __end_of___awdiv 2002  
                              STR_10 2F99                                STR_11 2F4A  
                              STR_20 2FF8                                STR_12 2FCE  
                              STR_21 2F58                                STR_13 2F4A  
                              STR_30 2F4A                                STR_22 2FF8  
                              STR_14 2F8A                                STR_23 2F4A  
                              STR_15 2F4A                                STR_31 2F7B  
                              STR_32 2F4A                                STR_24 2FC2  
                              STR_16 2F39                                _BRG16 7DC3  
                              STR_25 2F4A                                STR_17 2F4A  
                              STR_33 2F23                                STR_18 2F4A  
                              STR_34 2FF5                                STR_26 2FED  
                              STR_19 2F58                                STR_35 2F4A  
                              STR_27 2F4A                                STR_36 2F5B  
                              STR_28 2F06                      __end_of___awmod 1F42  
                              STR_29 2F20                                STR_37 2F4A  
                              STR_38 2FE4                                ?_puts 0034  
                    __end_of___lldiv 1DEE                      ___awdiv@divisor 0035  
                    __end_of___lwdiv 1B80                      __end_of___lwmod 19C8  
                       ?_init_config 0033                      ___awdiv@counter 0037  
                              _VCFG0 7E0C                                _VCFG1 7E0D  
                              _RCREG 0FAE                                _SENDB 7D63  
                              _SPBRG 0FAF                                _PORTB 0F81  
                              _PORTD 0F83                                _TRISB 0F93  
                              _TRISC 0F94                                _TRISD 0F95  
                              _SSPIF 7CF3                                _TXREG 0FAD  
                ___lmul@multiplicand 0037                 __end_of_clear_screen 1636  
                 _read_matrix_keypad 1A9E                                _count 000B  
                              _index 0011                         view_log@addr 0049  
                              _state 001D                                tablat 0FF5  
                ?_read_matrix_keypad 0033                      __end_of_putchar 1554  
                              status 0FD8                        ?_read_AT24C04 0033  
                   init_ds1307@dummy 003D                           _i2c_no_ack 14E2  
                    __initialization 1902                       ?_i2c_rep_start 0033  
               __end_of_blink_cursor 18A4                         __end_of_main 2B12  
                       __end_of_puts 1902                     __end_of_i2c_idle 153E  
                   __end_of_i2c_read 1514                  set_time@blink_count 0007  
                   __end_of_i2c_stop 1508                 ??_read_matrix_keypad 0033  
                      ?_download_log 0033                               ??_main 0051  
                             ??_puts 0036                        __activetblptr 0002  
                __end_of_i2c_rx_mode 14F0                               _ADCON0 0FC2  
                             _ADCON1 0FC1                               _ABDOVF 7DC7  
                             _ADRESH 0FC4                               _ADRESL 0FC3  
                   ___awdiv@dividend 0033                               _GODONE 7E11  
                       _write_ds1307 1598                       ??_read_AT24C04 0034  
                             _SSPADD 0FC8                               _TRISC3 7CA3  
                             _TRISC4 7CA4                               _TRISC6 7CA6  
                             _TRISC7 7CA7                               _TRISD7 7CAF  
                             _SSPBUF 0FC9                      set_time@display 0045  
                   __end_of_get_gear 20C2                     __end_of_get_time 1C0C  
                             ___lmul 19C8                            ??___awdiv 0037  
                          ??___awmod 0037                            ??___lldiv 0047  
                          ??___lwdiv 0037                            ??___lwmod 0037  
                   __end_of_init_i2c 156A                     __end_of_init_adc 15F4  
                   __end_of_read_adc 175E                               clear_0 1948  
                             clear_1 1954                       ??_download_log 0038  
                   ___awdiv@quotient 0039                      ___awmod@divisor 0035  
                             isa$std 0001                     __end_of_scan_key 2296  
                      _user_password 0027                      ___awmod@counter 0037  
               write_AT24C04@address 0036                         __pdataCOMRAM 0053  
                   __end_of_set_time 2F02                         __mediumconst 2F02  
                             tblptrh 0FF7                               tblptrl 0FF6  
                             tblptru 0FF8                     __end_of_view_log 2864  
                          ??_putchar 0033                           __accesstop 0060  
            __end_of__initialization 195A                        ___rparam_used 0001  
                    ??_i2c_rep_start 0033                          ?_i2c_no_ack 0033  
                     __pcstackCOMRAM 0033                  store_log@gear_index 003A  
                       __pidataBANK0 175E                          _i2c_rx_mode 14E8  
                  write_AT24C04@data 0034                    __end_of_i2c_start 1500  
                  __end_of_i2c_write 1520                     ??_view_dashboard 0050  
                      _write_AT24C04 16B0                           __pbssBANK0 00AC  
                          ?_i2c_idle 0033                            ?_i2c_read 0033  
                          ?_i2c_stop 0033                   blink_cursor@ccount 000D  
                         _clcd_print 1A32                           _clcd_putch 1580  
                         _clcd_write 16DE                      read_ds1307@data 0035  
                       _clear_screen 1614                              ?___lmul 0033  
                         _gear_index 0018                              _ACKSTAT 7E2E  
                     ___lmul@product 003B                 __end_of_read_AT24C04 1686  
                      _read_password 20C2               display_main_menu@index 0039  
                       _blink_cursor 184C                              _SSPCON1 0FC6  
                          ?_get_gear 0033                       ?_write_AT24C04 0034  
                          ?_get_time 0033                       get_speed@speed 004E  
                         ??_i2c_idle 0033                           ??_i2c_read 0033  
                         ??_i2c_stop 0033                            ?_init_i2c 0033  
         __end_ofset_time@next_field 2F06                 __end_of_download_log 23F6  
                          ?_init_adc 0033                            ?_read_adc 0033  
                  __end_of_clear_log 17FA                            ?_scan_key 0033  
                            __Hparam 0000                              __Lparam 0000  
                         _index_uart 0016                            ?_set_time 0033  
                  __end_of_get_speed 1CA8                              ___awdiv 1F42  
                            ___awmod 1E94                            ?_view_log 0033  
                            ___lldiv 1D4A                              ___lwdiv 1B0E  
                            ___lwmod 1964                              _address 0017  
                            __pcinit 1902                              __ramtop 0600  
                     ?_read_password 0033                              __ptext0 2864  
                            __ptext1 26DC                              __ptext2 15B6  
                            __ptext3 1C0C                              __ptext4 1718  
                            __ptext5 1B0E                              __ptext6 19C8  
                            __ptext7 1D4A                              __ptext8 2002  
                            __ptext9 23F6                     set_time@set_time 0001  
                  __end_of_init_clcd 1E94                    __end_of_init_uart 165C  
                   ___awmod@dividend 0033                              _putchar 153E  
                         ??_get_gear 003B                           ??_get_time 0038  
               end_of_initialization 195A                          set_time@min 004F  
                        set_time@sec 0050                           ??_init_i2c 0033  
                         ??_init_adc 0033                        __Lmediumconst 2F02  
                         ??_read_adc 0035                           ??_scan_key 0033  
                        ?_clcd_print 0035                          ?_clcd_putch 0035  
                    ___lldiv@divisor 0043                          ?_clcd_write 0033  
                  __end_of_my_strcmp 1D4A                      ___lldiv@counter 004B  
                         ??_set_time 003D                              postdec1 0FE5  
                            postinc0 0FEE                              postinc1 0FE6  
                            postinc2 0FDE                           ??_view_log 0038  
                         _speed_data 0030                    _original_password 0056  
                          _PORTBbits 0F81                      read_adc@channel 0039  
                  __end_of_store_log 255C                        i2c_write@data 0033  
                         _toggle_key 001B                      ??_write_AT24C04 0035  
                    read_adc@reg_val 0037                 get_gear@gear_changed 003C  
                       ??_i2c_no_ack 0033                         ?_i2c_rx_mode 0033  
                    ??_read_password 0037                       __end_of___lmul 1A32  
                      __pidataCOMRAM 1520                          view_log@log 0038  
                start_initialization 1902               read_matrix_keypad@once 0053  
                          _i2c_start 14F8                            _i2c_write 1514  
                 __end_of_i2c_no_ack 14E8                         _read_AT24C04 165C  
                        putchar@data 0033                __end_of_i2c_rep_start 14F8  
                           ??___lmul 003B                        ??_init_ds1307 003D  
                        __pdataBANK0 0060                        ??_read_ds1307 0034  
                       _download_log 2296                        ??_init_config 003E  
                        __pbssCOMRAM 0001                           ?_i2c_start 0033  
                         ?_i2c_write 0033                       store_log@speed 0038  
                   ___lwdiv@dividend 0033                            _clear_log 17AA  
                      __pmediumconst 2F02                             ?___awdiv 0033  
                           ?___awmod 0033                             ?___lldiv 003F  
                 read_ds1307@address 0034                             ?___lwdiv 0033  
                          _clock_reg 0004                             ?___lwmod 0033  
                 set_time@next_field 2F03                            _get_speed 1C0C  
read_matrix_keypad@triggering_method 0033                          __smallconst 2F02  
                          _arrow_pos 0019                  __end_of_init_ds1307 184C  
                __end_of_read_ds1307 16B0                    _display_main_menu 255C  
                   ___lwdiv@quotient 0037                             ?_putchar 0033  
                          _init_clcd 1DEE                  __end_of_init_config 1614  
                          _init_uart 1636                            _log_index 0009  
                 ?_display_main_menu 0033                        ?_write_ds1307 003B  
                        _eeprom_addr 0015                           set_time@hr 004E  
                       ??_clcd_print 0038                         ??_clcd_putch 0036  
         __end_of_init_matrix_keypad 1580                         ??_clcd_write 0034  
                ??_display_main_menu 0038                           ?_clear_log 0033  
                          _my_strcmp 1CA8                clcd_write@control_bit 0033  
                         my_strcmp@i 0037                           ?_get_speed 0033  
          __end_of_display_main_menu 26DC                            _store_log 23F6  
                        ??_i2c_start 0033                   __end_of_clcd_print 1A9E  
                        ??_i2c_write 0033                   __end_of_clcd_putch 1598  
                 __end_of_clcd_write 1718                           ?_init_clcd 0033  
                         ?_init_uart 0033                    ___lmul@multiplier 0033  
                          copy_data0 1916                            copy_data1 1936  
                     ??_write_ds1307 003C                             _i2c_idle 152C  
                           _i2c_read 1508                read_matrix_keypad@key 0034  
                           _i2c_stop 1500                          _first_entry 0055  
                           __Hrparam 0000                        set_time@blink 0054  
                      set_time@field 0014                             __Lrparam 0000  
                         ?_my_strcmp 0033           __end_of_read_matrix_keypad 1B0E  
                        _init_ds1307 17FA                    set_time@init_flag 0013  
                        _read_ds1307 1686               download_log@uart_index 004B  
                        _init_config 15F4                  write_ds1307@address 003C  
                   read_password@key 0037                      ___lwdiv@divisor 0035  
                         ?_store_log 0038                      ___lwdiv@counter 0039  
                           __ptext10 16B0                             __ptext11 1B80  
                           __ptext20 1636                             __ptext12 2B12  
                           __ptext21 156A                             __ptext13 1E94  
                           __ptext30 1514                             __ptext22 1554  
                           __ptext14 1F42                             __ptext31 1500  
                           __ptext23 17FA                             __ptext15 20C2  
                           __ptext40 1964                             __ptext32 14F8  
                           __ptext24 1598                             __ptext16 1A9E  
                           __ptext41 255C                             __ptext33 14F0  
                           __ptext25 1686                             __ptext17 2190  
                           __ptext42 1614                             __ptext34 1508  
                           __ptext26 1DEE                             __ptext18 1CA8  
                           __ptext43 17AA                             __ptext35 14E8  
                           __ptext27 15D4                             __ptext19 15F4  
                           __ptext44 1A32                             __ptext36 152C  
                           __ptext28 2296                             __ptext45 184C  
                           __ptext37 14E2                             __ptext29 165C  
                           __ptext46 1580                             __ptext38 18A4  
                           __ptext47 16DE                             __ptext39 153E  
                           _get_gear 2002                __end_of_write_AT24C04 16DE  
                           _get_time 1B80                             _attempts 000F  
                           _init_i2c 1554                             _init_adc 15D4  
                           _read_adc 1718                             _menu_pos 001A  
                           _log_uart 00AC                             _scan_key 2190  
                        ??_clear_log 0038                        ?_clear_screen 0033  
                           _set_time 2B12                             isa$xinst 0000  
                       _set_time$284 003F                         _set_time$285 0041  
                       _set_time$286 0043                             _view_log 26DC  
              __end_of_read_password 2190                          ??_get_speed 004C  
                      ?_blink_cursor 0033                          ??_init_clcd 0035  
                        ??_init_uart 0033                  read_AT24C04@address 0034  
                     _view_dashboard 15B6                     ___lwmod@dividend 0033  
                   ___lldiv@dividend 003F                       ??_clear_screen 0038  
                        ??_my_strcmp 0035                 __end_of_write_ds1307 15B6  
                           puts@data 0034                  download_log@address 004C  
               download_log@uart_log 003A                   get_speed@adc_value 004C  
                   ___lldiv@quotient 0047                      ___lwmod@divisor 0035  
                    ___lwmod@counter 0037                          ??_store_log 0039  
                     ??_blink_cursor 0037               __end_of_view_dashboard 15D4  
                   write_ds1307@data 003B                     read_AT24C04@data 0035  
